t,V_e,V_m
-2.5e-06,6.12,2.56
-2.498e-06,6.16,2.6
-2.4960000000000003e-06,6.16,2.56
-2.494e-06,6.2,2.56
-2.492e-06,6.24,2.56
-2.4900000000000003e-06,6.2,2.56
-2.488e-06,6.28,2.52
-2.486e-06,6.28,2.48
-2.4840000000000003e-06,6.24,2.52
-2.482e-06,6.24,2.52
-2.4800000000000004e-06,6.2,2.48
-2.4780000000000002e-06,6.24,2.48
-2.476e-06,6.24,2.44
-2.4740000000000004e-06,6.2,2.44
-2.4720000000000002e-06,6.24,2.44
-2.47e-06,6.24,2.4
-2.4680000000000003e-06,6.24,2.44
-2.466e-06,6.28,2.44
-2.464e-06,6.24,2.4
-2.4620000000000003e-06,6.32,2.4
-2.46e-06,6.28,2.44
-2.458e-06,6.28,2.44
-2.4560000000000003e-06,6.28,2.44
-2.454e-06,6.28,2.44
-2.4520000000000004e-06,6.28,2.36
-2.4500000000000003e-06,6.32,2.36
-2.448e-06,6.28,2.4
-2.4460000000000004e-06,6.28,2.4
-2.4440000000000002e-06,6.32,2.36
-2.442e-06,6.28,2.4
-2.4400000000000004e-06,6.32,2.36
-2.438e-06,6.32,2.4
-2.436e-06,6.36,2.36
-2.4340000000000003e-06,6.36,2.32
-2.432e-06,6.36,2.36
-2.43e-06,6.4,2.4
-2.4280000000000003e-06,6.36,2.36
-2.426e-06,6.36,2.4
-2.424e-06,6.36,2.36
-2.4220000000000003e-06,6.32,2.36
-2.42e-06,6.32,2.36
-2.4180000000000004e-06,6.36,2.4
-2.4160000000000002e-06,6.36,2.32
-2.414e-06,6.36,2.36
-2.4120000000000004e-06,6.44,2.4
-2.4100000000000002e-06,6.4,2.32
-2.408e-06,6.44,2.36
-2.4060000000000003e-06,6.44,2.36
-2.404e-06,6.4,2.36
-2.402e-06,6.48,2.32
-2.4000000000000003e-06,6.44,2.36
-2.398e-06,6.44,2.4
-2.396e-06,6.44,2.36
-2.3940000000000003e-06,6.44,2.36
-2.392e-06,6.4,2.36
-2.39e-06,6.4,2.36
-2.3880000000000003e-06,6.48,2.36
-2.386e-06,6.44,2.36
-2.3840000000000004e-06,6.44,2.36
-2.3820000000000002e-06,6.48,2.32
-2.38e-06,6.48,2.32
-2.3780000000000004e-06,6.48,2.36
-2.376e-06,6.48,2.32
-2.374e-06,6.48,2.36
-2.3720000000000003e-06,6.44,2.36
-2.37e-06,6.48,2.4
-2.368e-06,6.48,2.4
-2.3660000000000003e-06,6.48,2.4
-2.364e-06,6.5600000000000005,2.4
-2.362e-06,6.48,2.44
-2.3600000000000003e-06,6.48,2.4
-2.358e-06,6.6000000000000005,2.4
-2.356e-06,6.5200000000000005,2.36
-2.3540000000000002e-06,6.5600000000000005,2.36
-2.352e-06,6.5200000000000005,2.4
-2.3500000000000004e-06,6.5200000000000005,2.4
-2.3480000000000002e-06,6.5600000000000005,2.36
-2.346e-06,6.5600000000000005,2.4
-2.3440000000000003e-06,6.5600000000000005,2.4
-2.342e-06,6.5600000000000005,2.44
-2.34e-06,6.5600000000000005,2.4
-2.3380000000000003e-06,6.6000000000000005,2.4
-2.336e-06,6.5600000000000005,2.4
-2.334e-06,6.5600000000000005,2.4
-2.3320000000000003e-06,6.6000000000000005,2.44
-2.33e-06,6.5600000000000005,2.4
-2.3280000000000004e-06,6.640000000000001,2.44
-2.3260000000000003e-06,6.5200000000000005,2.44
-2.324e-06,6.5600000000000005,2.44
-2.3220000000000004e-06,6.640000000000001,2.44
-2.3200000000000002e-06,6.6000000000000005,2.44
-2.318e-06,6.6000000000000005,2.44
-2.3160000000000004e-06,6.6000000000000005,2.44
-2.314e-06,6.6000000000000005,2.44
-2.312e-06,6.5600000000000005,2.44
-2.3100000000000003e-06,6.6000000000000005,2.48
-2.308e-06,6.640000000000001,2.48
-2.306e-06,6.68,2.48
-2.3040000000000003e-06,6.68,2.44
-2.302e-06,6.640000000000001,2.48
-2.3e-06,6.640000000000001,2.48
-2.2980000000000003e-06,6.68,2.48
-2.296e-06,6.68,2.48
-2.2940000000000004e-06,6.72,2.52
-2.2920000000000002e-06,6.72,2.52
-2.29e-06,6.68,2.48
-2.2880000000000004e-06,6.68,2.48
-2.2860000000000002e-06,6.640000000000001,2.56
-2.284e-06,6.640000000000001,2.52
-2.2820000000000003e-06,6.72,2.48
-2.28e-06,6.68,2.48
-2.278e-06,6.68,2.52
-2.2760000000000003e-06,6.72,2.52
-2.274e-06,6.72,2.56
-2.272e-06,6.72,2.52
-2.2700000000000003e-06,6.76,2.52
-2.268e-06,6.72,2.56
-2.266e-06,6.72,2.56
-2.2640000000000003e-06,6.76,2.52
-2.262e-06,6.76,2.52
-2.2600000000000004e-06,6.72,2.52
-2.2580000000000002e-06,6.76,2.56
-2.256e-06,6.76,2.52
-2.2540000000000004e-06,6.76,2.56
-2.252e-06,6.8,2.56
-2.25e-06,6.8,2.6
-2.2480000000000003e-06,6.8,2.6
-2.246e-06,6.8,2.6
-2.244e-06,6.76,2.6
-2.2420000000000003e-06,6.76,2.6
-2.24e-06,6.76,2.6
-2.2380000000000004e-06,6.76,2.6
-2.2360000000000003e-06,6.76,2.6
-2.234e-06,6.76,2.6
-2.232e-06,6.84,2.64
-2.2300000000000002e-06,6.8,2.64
-2.228e-06,6.88,2.6
-2.2260000000000004e-06,6.84,2.6
-2.2240000000000002e-06,6.84,2.64
-2.222e-06,6.8,2.6
-2.2200000000000003e-06,6.84,2.68
-2.218e-06,6.88,2.68
-2.216e-06,6.84,2.64
-2.2140000000000003e-06,6.88,2.6
-2.212e-06,6.88,2.68
-2.21e-06,6.92,2.68
-2.2080000000000003e-06,6.92,2.68
-2.206e-06,6.84,2.72
-2.2040000000000004e-06,6.92,2.72
-2.2020000000000003e-06,6.88,2.68
-2.2e-06,6.88,2.68
-2.198e-06,6.92,2.68
-2.1960000000000002e-06,6.96,2.68
-2.194e-06,6.96,2.72
-2.1920000000000004e-06,6.88,2.68
-2.19e-06,6.88,2.72
-2.188e-06,6.92,2.7600000000000002
-2.1860000000000003e-06,6.92,2.68
-2.184e-06,6.96,2.72
-2.182e-06,6.96,2.72
-2.1800000000000003e-06,6.92,2.72
-2.178e-06,6.96,2.72
-2.176e-06,6.96,2.72
-2.1740000000000003e-06,6.96,2.72
-2.172e-06,7.0,2.7600000000000002
-2.1700000000000004e-06,7.0,2.7600000000000002
-2.1680000000000002e-06,6.96,2.7600000000000002
-2.166e-06,6.96,2.7600000000000002
-2.164e-06,6.96,2.84
-2.1620000000000002e-06,7.0,2.8000000000000003
-2.16e-06,7.0,2.7600000000000002
-2.1580000000000003e-06,7.0,2.8000000000000003
-2.156e-06,7.04,2.8000000000000003
-2.154e-06,6.96,2.8000000000000003
-2.1520000000000003e-06,7.04,2.8000000000000003
-2.15e-06,7.04,2.7600000000000002
-2.148e-06,7.04,2.84
-2.1460000000000003e-06,7.04,2.8000000000000003
-2.144e-06,7.04,2.84
-2.142e-06,7.08,2.84
-2.1400000000000003e-06,7.04,2.84
-2.138e-06,7.04,2.8000000000000003
-2.1360000000000004e-06,7.0,2.8000000000000003
-2.1340000000000002e-06,7.04,2.88
-2.132e-06,7.04,2.88
-2.1300000000000004e-06,7.08,2.84
-2.128e-06,7.04,2.88
-2.126e-06,7.04,2.88
-2.1240000000000003e-06,7.12,2.84
-2.122e-06,7.04,2.88
-2.12e-06,7.12,2.88
-2.1180000000000003e-06,7.08,2.88
-2.116e-06,7.08,2.88
-2.114e-06,7.08,2.92
-2.1120000000000003e-06,7.12,2.92
-2.11e-06,7.16,2.92
-2.108e-06,7.12,2.92
-2.1060000000000002e-06,7.12,2.88
-2.104e-06,7.12,2.92
-2.1020000000000004e-06,7.16,2.88
-2.1000000000000002e-06,7.12,2.92
-2.098e-06,7.12,2.88
-2.0960000000000003e-06,7.2,2.92
-2.094e-06,7.16,2.96
-2.092e-06,7.16,2.92
-2.0900000000000003e-06,7.16,2.96
-2.088e-06,7.16,2.96
-2.086e-06,7.16,2.96
-2.0840000000000003e-06,7.2,2.92
-2.082e-06,7.16,3.0
-2.0800000000000004e-06,7.2,2.96
-2.0780000000000003e-06,7.16,3.0
-2.076e-06,7.2,3.0
-2.074e-06,7.2,3.0
-2.0720000000000002e-06,7.24,3.0
-2.07e-06,7.24,3.0
-2.0680000000000004e-06,7.2,3.0
-2.066e-06,7.28,3.0
-2.064e-06,7.24,3.0
-2.0620000000000003e-06,7.2,3.0
-2.06e-06,7.2,3.0
-2.058e-06,7.24,3.0
-2.0560000000000003e-06,7.24,3.0
-2.054e-06,7.24,3.04
-2.052e-06,7.24,3.08
-2.0500000000000003e-06,7.24,3.04
-2.048e-06,7.28,3.04
-2.0460000000000004e-06,7.24,3.0
-2.0440000000000003e-06,7.28,3.0
-2.042e-06,7.24,3.08
-2.04e-06,7.28,3.08
-2.0380000000000002e-06,7.32,3.08
-2.036e-06,7.28,3.04
-2.0340000000000003e-06,7.36,3.08
-2.032e-06,7.32,3.08
-2.03e-06,7.36,3.08
-2.0280000000000003e-06,7.32,3.12
-2.026e-06,7.32,3.08
-2.024e-06,7.32,3.12
-2.0220000000000003e-06,7.36,3.12
-2.02e-06,7.36,3.12
-2.018e-06,7.32,3.08
-2.0160000000000003e-06,7.36,3.12
-2.014e-06,7.36,3.12
-2.0120000000000004e-06,7.4,3.12
-2.0100000000000002e-06,7.36,3.08
-2.008e-06,7.4,3.12
-2.006e-06,7.36,3.16
-2.004e-06,7.32,3.12
-2.002e-06,7.36,3.12
-2.0000000000000003e-06,7.36,3.2
-1.998e-06,7.4,3.16
-1.996e-06,7.4,3.16
-1.9940000000000003e-06,7.36,3.16
-1.992e-06,7.36,3.16
-1.9900000000000004e-06,7.4,3.16
-1.9880000000000003e-06,7.4,3.16
-1.986e-06,7.44,3.2
-1.984e-06,7.4,3.2
-1.9820000000000003e-06,7.44,3.24
-1.98e-06,7.4,3.2
-1.9780000000000004e-06,7.44,3.24
-1.9760000000000002e-06,7.4,3.24
-1.974e-06,7.44,3.24
-1.972e-06,7.4,3.24
-1.97e-06,7.44,3.24
-1.968e-06,7.48,3.24
-1.9660000000000003e-06,7.44,3.2800000000000002
-1.964e-06,7.44,3.24
-1.962e-06,7.44,3.24
-1.9600000000000003e-06,7.4,3.24
-1.958e-06,7.48,3.3200000000000003
-1.9560000000000004e-06,7.44,3.2800000000000002
-1.9540000000000003e-06,7.5200000000000005,3.24
-1.952e-06,7.5200000000000005,3.2800000000000002
-1.95e-06,7.5200000000000005,3.3200000000000003
-1.9480000000000002e-06,7.5200000000000005,3.2800000000000002
-1.946e-06,7.48,3.2800000000000002
-1.9440000000000004e-06,7.5200000000000005,3.2800000000000002
-1.942e-06,7.5200000000000005,3.3200000000000003
-1.94e-06,7.5600000000000005,3.2800000000000002
-1.938e-06,7.48,3.2800000000000002
-1.936e-06,7.5200000000000005,3.3200000000000003
-1.934e-06,7.5200000000000005,3.36
-1.9320000000000003e-06,7.5200000000000005,3.36
-1.93e-06,7.48,3.36
-1.928e-06,7.6000000000000005,3.3200000000000003
-1.9260000000000003e-06,7.6000000000000005,3.36
-1.924e-06,7.5200000000000005,3.3200000000000003
-1.9220000000000004e-06,7.5600000000000005,3.36
-1.9200000000000003e-06,7.6000000000000005,3.36
-1.918e-06,7.6000000000000005,3.36
-1.916e-06,7.5600000000000005,3.36
-1.9140000000000002e-06,7.6000000000000005,3.36
-1.912e-06,7.640000000000001,3.3200000000000003
-1.9100000000000003e-06,7.6000000000000005,3.3200000000000003
-1.908e-06,7.6000000000000005,3.36
-1.906e-06,7.5600000000000005,3.36
-1.9040000000000003e-06,7.640000000000001,3.4
-1.9020000000000002e-06,7.640000000000001,3.4
-1.9e-06,7.640000000000001,3.4
-1.8980000000000003e-06,7.640000000000001,3.44
-1.8960000000000001e-06,7.68,3.44
-1.8940000000000002e-06,7.68,3.4
-1.8920000000000003e-06,7.6000000000000005,3.4
-1.8900000000000001e-06,7.640000000000001,3.4
-1.8880000000000002e-06,7.640000000000001,3.44
-1.8860000000000002e-06,7.6000000000000005,3.4
-1.884e-06,7.6000000000000005,3.44
-1.8820000000000001e-06,7.640000000000001,3.44
-1.8800000000000002e-06,7.68,3.44
-1.878e-06,7.68,3.52
-1.8760000000000001e-06,7.72,3.44
-1.8740000000000002e-06,7.68,3.44
-1.872e-06,7.68,3.44
-1.8700000000000003e-06,7.640000000000001,3.52
-1.8680000000000002e-06,7.68,3.48
-1.866e-06,7.68,3.52
-1.8640000000000003e-06,7.72,3.48
-1.8620000000000001e-06,7.72,3.44
-1.8600000000000002e-06,7.68,3.48
-1.8580000000000003e-06,7.72,3.52
-1.856e-06,7.72,3.48
-1.8540000000000002e-06,7.72,3.52
-1.8520000000000002e-06,7.72,3.48
-1.85e-06,7.76,3.56
-1.8480000000000001e-06,7.76,3.52
-1.8460000000000002e-06,7.76,3.52
-1.844e-06,7.76,3.56
-1.8420000000000003e-06,7.8,3.52
-1.8400000000000002e-06,7.76,3.52
-1.838e-06,7.76,3.56
-1.8360000000000003e-06,7.76,3.56
-1.8340000000000001e-06,7.84,3.52
-1.8320000000000002e-06,7.8,3.56
-1.8300000000000003e-06,7.76,3.56
-1.8280000000000001e-06,7.8,3.56
-1.8260000000000002e-06,7.8,3.6
-1.8240000000000002e-06,7.84,3.6
-1.822e-06,7.84,3.6
-1.8200000000000002e-06,7.8,3.56
-1.8180000000000002e-06,7.8,3.6
-1.816e-06,7.8,3.6
-1.8140000000000001e-06,7.84,3.6
-1.8120000000000002e-06,7.88,3.6
-1.81e-06,7.84,3.64
-1.8080000000000003e-06,7.88,3.6
-1.8060000000000002e-06,7.84,3.6
-1.804e-06,7.84,3.64
-1.8020000000000003e-06,7.84,3.6
-1.8000000000000001e-06,7.84,3.6
-1.7980000000000002e-06,7.88,3.64
-1.7960000000000003e-06,7.88,3.64
-1.794e-06,7.84,3.64
-1.7920000000000002e-06,7.88,3.72
-1.7900000000000002e-06,7.88,3.68
-1.788e-06,7.88,3.64
-1.7860000000000001e-06,7.88,3.64
-1.7840000000000002e-06,7.92,3.68
-1.782e-06,7.84,3.72
-1.7800000000000001e-06,7.92,3.72
-1.7780000000000002e-06,7.84,3.72
-1.776e-06,7.92,3.7600000000000002
-1.7740000000000003e-06,8.0,3.72
-1.7720000000000001e-06,7.96,3.68
-1.7700000000000002e-06,7.96,3.72
-1.7680000000000003e-06,7.88,3.72
-1.7660000000000001e-06,7.92,3.72
-1.7640000000000002e-06,7.88,3.72
-1.7620000000000002e-06,7.92,3.72
-1.76e-06,7.92,3.7600000000000002
-1.7580000000000002e-06,7.92,3.72
-1.7560000000000002e-06,8.0,3.72
-1.754e-06,8.040000000000001,3.72
-1.7520000000000001e-06,8.0,3.72
-1.7500000000000002e-06,8.0,3.7600000000000002
-1.748e-06,8.0,3.72
-1.7460000000000003e-06,8.0,3.7600000000000002
-1.7440000000000002e-06,8.0,3.7600000000000002
-1.742e-06,7.96,3.8000000000000003
-1.7400000000000003e-06,7.96,3.72
-1.7380000000000001e-06,8.0,3.7600000000000002
-1.7360000000000002e-06,7.96,3.8000000000000003
-1.7340000000000003e-06,8.0,3.8000000000000003
-1.732e-06,7.96,3.84
-1.7300000000000002e-06,7.96,3.84
-1.7280000000000002e-06,8.040000000000001,3.8000000000000003
-1.726e-06,8.0,3.8000000000000003
-1.7240000000000001e-06,8.040000000000001,3.88
-1.7220000000000002e-06,8.0,3.8000000000000003
-1.72e-06,8.040000000000001,3.84
-1.7180000000000001e-06,8.0,3.84
-1.7160000000000002e-06,8.040000000000001,3.84
-1.714e-06,8.040000000000001,3.84
-1.7120000000000003e-06,8.08,3.88
-1.7100000000000001e-06,8.120000000000001,3.84
-1.7080000000000002e-06,8.08,3.88
-1.7060000000000003e-06,8.120000000000001,3.88
-1.7040000000000001e-06,8.120000000000001,3.88
-1.7020000000000002e-06,8.040000000000001,3.88
-1.7000000000000002e-06,8.08,3.88
-1.698e-06,8.120000000000001,3.92
-1.6960000000000002e-06,8.120000000000001,3.84
-1.6940000000000002e-06,8.120000000000001,3.88
-1.692e-06,8.08,3.92
-1.6900000000000001e-06,8.2,3.92
-1.6880000000000002e-06,8.08,3.88
-1.686e-06,8.120000000000001,3.88
-1.6840000000000003e-06,8.16,3.92
-1.6820000000000002e-06,8.120000000000001,3.92
-1.68e-06,8.16,3.96
-1.6780000000000003e-06,8.2,3.88
-1.6760000000000001e-06,8.16,3.92
-1.6740000000000002e-06,8.120000000000001,3.92
-1.6720000000000003e-06,8.120000000000001,3.96
-1.67e-06,8.2,3.96
-1.6680000000000002e-06,8.16,3.96
-1.6660000000000002e-06,8.2,3.92
-1.664e-06,8.16,3.96
-1.6620000000000001e-06,8.2,4.0
-1.6600000000000002e-06,8.16,3.96
-1.658e-06,8.16,4.0
-1.6560000000000001e-06,8.2,3.96
-1.6540000000000002e-06,8.24,4.0
-1.652e-06,8.2,4.0
-1.6500000000000003e-06,8.16,4.0
-1.6480000000000001e-06,8.24,4.0
-1.646e-06,8.24,4.0
-1.6440000000000003e-06,8.28,4.0
-1.6420000000000001e-06,8.28,3.96
-1.6400000000000002e-06,8.24,4.0
-1.6380000000000002e-06,8.28,4.0
-1.636e-06,8.28,4.04
-1.6340000000000002e-06,8.24,4.04
-1.6320000000000002e-06,8.24,4.08
-1.63e-06,8.2,4.04
-1.6280000000000001e-06,8.24,4.08
-1.6260000000000002e-06,8.2,4.08
-1.624e-06,8.24,4.04
-1.622e-06,8.2,4.04
-1.6200000000000002e-06,8.28,4.04
-1.618e-06,8.28,4.08
-1.6160000000000003e-06,8.28,4.04
-1.6140000000000001e-06,8.28,4.12
-1.6120000000000002e-06,8.28,4.12
-1.6100000000000003e-06,8.24,4.12
-1.608e-06,8.040000000000001,4.08
-1.6060000000000002e-06,7.8,4.12
-1.6040000000000002e-06,7.4,4.12
-1.602e-06,7.08,4.08
-1.6000000000000001e-06,6.8,4.08
-1.5980000000000002e-06,6.68,4.08
-1.596e-06,6.640000000000001,4.04
-1.5940000000000001e-06,6.68,4.0
-1.5920000000000002e-06,6.640000000000001,4.0
-1.59e-06,6.6000000000000005,3.92
-1.5880000000000003e-06,6.48,3.84
-1.5860000000000001e-06,6.36,3.7600000000000002
-1.584e-06,6.28,3.68
-1.5820000000000003e-06,6.2,3.64
-1.5800000000000001e-06,6.12,3.6
-1.5780000000000002e-06,6.08,3.6
-1.5760000000000002e-06,6.0,3.56
-1.574e-06,6.08,3.44
-1.5720000000000002e-06,6.04,3.44
-1.5700000000000002e-06,6.08,3.44
-1.568e-06,6.08,3.36
-1.5660000000000001e-06,6.16,3.36
-1.5640000000000002e-06,6.16,3.3200000000000003
-1.562e-06,6.16,3.2800000000000002
-1.56e-06,6.16,3.24
-1.5580000000000002e-06,6.16,3.2
-1.556e-06,6.12,3.16
-1.5540000000000003e-06,6.12,3.04
-1.5520000000000001e-06,6.04,3.12
-1.5500000000000002e-06,6.08,3.04
-1.5480000000000003e-06,6.08,3.04
-1.546e-06,6.08,2.96
-1.5440000000000002e-06,6.12,3.0
-1.5420000000000002e-06,6.04,2.96
-1.54e-06,6.16,2.96
-1.5380000000000001e-06,6.12,2.92
-1.5360000000000002e-06,6.12,2.96
-1.534e-06,6.12,2.88
-1.5320000000000001e-06,6.12,2.84
-1.5300000000000002e-06,6.16,2.8000000000000003
-1.5280000000000002e-06,6.12,2.8000000000000003
-1.526e-06,6.12,2.7600000000000002
-1.5240000000000001e-06,6.12,2.72
-1.5220000000000002e-06,6.16,2.68
-1.52e-06,6.12,2.72
-1.5180000000000001e-06,6.2,2.72
-1.5160000000000002e-06,6.2,2.64
-1.5140000000000002e-06,6.2,2.68
-1.512e-06,6.2,2.64
-1.5100000000000002e-06,6.2,2.68
-1.5080000000000002e-06,6.2,2.6
-1.506e-06,6.2,2.64
-1.5040000000000001e-06,6.2,2.6
-1.5020000000000002e-06,6.16,2.6
-1.5e-06,6.2,2.64
-1.498e-06,6.2,2.56
-1.4960000000000002e-06,6.2,2.52
-1.4940000000000002e-06,6.16,2.6
-1.492e-06,6.24,2.56
-1.4900000000000001e-06,6.24,2.52
-1.4880000000000002e-06,6.24,2.56
-1.486e-06,6.24,2.56
-1.4840000000000001e-06,6.24,2.52
-1.4820000000000002e-06,6.24,2.48
-1.4800000000000002e-06,6.28,2.44
-1.478e-06,6.24,2.44
-1.4760000000000001e-06,6.2,2.48
-1.4740000000000002e-06,6.16,2.48
-1.472e-06,6.24,2.44
-1.4700000000000001e-06,6.2,2.44
-1.4680000000000002e-06,6.2,2.44
-1.4660000000000002e-06,6.28,2.44
-1.464e-06,6.32,2.4
-1.4620000000000001e-06,6.28,2.44
-1.4600000000000002e-06,6.32,2.44
-1.458e-06,6.28,2.4
-1.4560000000000001e-06,6.36,2.4
-1.4540000000000002e-06,6.32,2.4
-1.4520000000000002e-06,6.24,2.4
-1.45e-06,6.28,2.36
-1.4480000000000002e-06,6.28,2.32
-1.4460000000000002e-06,6.28,2.36
-1.444e-06,6.28,2.4
-1.4420000000000001e-06,6.28,2.36
-1.4400000000000002e-06,6.36,2.36
-1.438e-06,6.32,2.36
-1.436e-06,6.36,2.4
-1.4340000000000002e-06,6.36,2.4
-1.4320000000000002e-06,6.32,2.36
-1.43e-06,6.32,2.36
-1.4280000000000001e-06,6.44,2.36
-1.4260000000000002e-06,6.36,2.36
-1.424e-06,6.36,2.32
-1.4220000000000001e-06,6.36,2.32
-1.4200000000000002e-06,6.36,2.36
-1.4180000000000002e-06,6.4,2.36
-1.416e-06,6.4,2.36
-1.4140000000000001e-06,6.4,2.32
-1.4120000000000002e-06,6.4,2.32
-1.41e-06,6.4,2.36
-1.4080000000000001e-06,6.4,2.36
-1.4060000000000002e-06,6.44,2.36
-1.4040000000000002e-06,6.44,2.36
-1.402e-06,6.4,2.32
-1.4000000000000001e-06,6.44,2.36
-1.3980000000000002e-06,6.4,2.4
-1.396e-06,6.4,2.36
-1.3940000000000001e-06,6.4,2.4
-1.3920000000000002e-06,6.44,2.32
-1.39e-06,6.4,2.32
-1.388e-06,6.48,2.32
-1.3860000000000002e-06,6.5200000000000005,2.32
-1.3840000000000002e-06,6.44,2.4
-1.382e-06,6.44,2.36
-1.3800000000000001e-06,6.5200000000000005,2.36
-1.3780000000000002e-06,6.44,2.36
-1.376e-06,6.48,2.36
-1.374e-06,6.5200000000000005,2.4
-1.3720000000000002e-06,6.44,2.4
-1.3700000000000002e-06,6.44,2.36
-1.368e-06,6.5200000000000005,2.36
-1.3660000000000001e-06,6.48,2.36
-1.3640000000000002e-06,6.5200000000000005,2.44
-1.362e-06,6.5200000000000005,2.4
-1.3600000000000001e-06,6.5200000000000005,2.4
-1.3580000000000002e-06,6.5600000000000005,2.4
-1.3560000000000002e-06,6.5600000000000005,2.36
-1.354e-06,6.5600000000000005,2.4
-1.3520000000000001e-06,6.5200000000000005,2.4
-1.3500000000000002e-06,6.5600000000000005,2.4
-1.348e-06,6.5200000000000005,2.4
-1.3460000000000001e-06,6.5600000000000005,2.36
-1.3440000000000002e-06,6.5200000000000005,2.4
-1.3420000000000002e-06,6.5600000000000005,2.4
-1.34e-06,6.5200000000000005,2.44
-1.3380000000000001e-06,6.5600000000000005,2.44
-1.3360000000000002e-06,6.5600000000000005,2.4
-1.334e-06,6.5600000000000005,2.44
-1.3320000000000001e-06,6.6000000000000005,2.44
-1.3300000000000002e-06,6.5200000000000005,2.4
-1.328e-06,6.6000000000000005,2.4
-1.326e-06,6.640000000000001,2.44
-1.3240000000000002e-06,6.5600000000000005,2.44
-1.3220000000000002e-06,6.5600000000000005,2.44
-1.32e-06,6.6000000000000005,2.44
-1.3180000000000001e-06,6.6000000000000005,2.48
-1.3160000000000002e-06,6.68,2.44
-1.314e-06,6.640000000000001,2.48
-1.312e-06,6.6000000000000005,2.48
-1.3100000000000002e-06,6.6000000000000005,2.44
-1.3080000000000002e-06,6.68,2.48
-1.306e-06,6.68,2.44
-1.3040000000000001e-06,6.68,2.48
-1.3020000000000002e-06,6.68,2.52
-1.3e-06,6.68,2.44
-1.2980000000000001e-06,6.640000000000001,2.44
-1.2960000000000002e-06,6.640000000000001,2.52
-1.2940000000000002e-06,6.68,2.48
-1.292e-06,6.68,2.48
-1.2900000000000001e-06,6.640000000000001,2.48
-1.2880000000000002e-06,6.68,2.52
-1.286e-06,6.640000000000001,2.56
-1.2840000000000001e-06,6.68,2.52
-1.2820000000000002e-06,6.72,2.44
-1.28e-06,6.72,2.52
-1.278e-06,6.68,2.52
-1.2760000000000001e-06,6.72,2.52
-1.2740000000000002e-06,6.72,2.52
-1.272e-06,6.76,2.52
-1.2700000000000001e-06,6.72,2.52
-1.2680000000000002e-06,6.72,2.56
-1.266e-06,6.76,2.56
-1.264e-06,6.76,2.56
-1.2620000000000002e-06,6.72,2.56
-1.2600000000000002e-06,6.72,2.56
-1.258e-06,6.76,2.56
-1.2560000000000001e-06,6.76,2.56
-1.2540000000000002e-06,6.76,2.6
-1.252e-06,6.8,2.56
-1.25e-06,6.76,2.56
-1.2480000000000002e-06,6.8,2.56
-1.2460000000000002e-06,6.76,2.56
-1.244e-06,6.72,2.6
-1.2420000000000001e-06,6.8,2.56
-1.2400000000000002e-06,6.8,2.64
-1.238e-06,6.8,2.56
-1.2360000000000001e-06,6.8,2.6
-1.2340000000000002e-06,6.8,2.64
-1.232e-06,6.76,2.6
-1.23e-06,6.8,2.64
-1.2280000000000001e-06,6.84,2.64
-1.2260000000000002e-06,6.84,2.6
-1.224e-06,6.84,2.64
-1.2220000000000001e-06,6.84,2.68
-1.2200000000000002e-06,6.88,2.68
-1.218e-06,6.88,2.64
-1.216e-06,6.88,2.68
-1.2140000000000002e-06,6.88,2.68
-1.2120000000000002e-06,6.88,2.68
-1.21e-06,6.88,2.68
-1.2080000000000001e-06,6.84,2.64
-1.2060000000000002e-06,6.88,2.68
-1.204e-06,6.84,2.72
-1.202e-06,6.84,2.68
-1.2000000000000002e-06,6.88,2.64
-1.1980000000000002e-06,6.92,2.72
-1.196e-06,6.84,2.68
-1.1940000000000001e-06,6.88,2.68
-1.1920000000000002e-06,6.88,2.68
-1.19e-06,6.88,2.72
-1.188e-06,6.96,2.68
-1.1860000000000002e-06,6.92,2.72
-1.1840000000000002e-06,6.92,2.72
-1.182e-06,6.92,2.72
-1.1800000000000001e-06,6.96,2.7600000000000002
-1.1780000000000002e-06,6.96,2.8000000000000003
-1.176e-06,7.0,2.7600000000000002
-1.1740000000000001e-06,6.92,2.8000000000000003
-1.1720000000000002e-06,6.92,2.8000000000000003
-1.17e-06,6.96,2.7600000000000002
-1.168e-06,6.96,2.8000000000000003
-1.1660000000000001e-06,7.0,2.7600000000000002
-1.1640000000000002e-06,7.0,2.7600000000000002
-1.162e-06,7.0,2.7600000000000002
-1.1600000000000001e-06,7.0,2.8000000000000003
-1.1580000000000002e-06,7.0,2.84
-1.156e-06,7.0,2.8000000000000003
-1.154e-06,7.04,2.8000000000000003
-1.1520000000000002e-06,7.04,2.8000000000000003
-1.1500000000000002e-06,7.08,2.8000000000000003
-1.148e-06,7.04,2.8000000000000003
-1.1460000000000001e-06,7.04,2.8000000000000003
-1.1440000000000002e-06,7.04,2.8000000000000003
-1.142e-06,7.0,2.8000000000000003
-1.14e-06,7.08,2.8000000000000003
-1.1380000000000002e-06,7.0,2.8000000000000003
-1.1360000000000002e-06,7.0,2.88
-1.134e-06,7.12,2.84
-1.1320000000000001e-06,7.04,2.84
-1.1300000000000002e-06,7.04,2.84
-1.128e-06,7.04,2.88
-1.126e-06,7.04,2.8000000000000003
-1.1240000000000002e-06,7.04,2.88
-1.122e-06,7.04,2.88
-1.12e-06,7.12,2.84
-1.1180000000000001e-06,7.12,2.92
-1.1160000000000002e-06,7.12,2.88
-1.114e-06,7.12,2.88
-1.1120000000000001e-06,7.12,2.88
-1.1100000000000002e-06,7.12,2.96
-1.108e-06,7.12,2.88
-1.106e-06,7.12,2.88
-1.1040000000000001e-06,7.16,2.92
-1.1020000000000002e-06,7.16,2.88
-1.1e-06,7.12,2.92
-1.0980000000000001e-06,7.12,2.92
-1.0960000000000002e-06,7.16,2.92
-1.094e-06,7.12,2.92
-1.092e-06,7.12,2.92
-1.0900000000000002e-06,7.16,2.88
-1.0880000000000002e-06,7.16,2.92
-1.086e-06,7.16,2.96
-1.0840000000000001e-06,7.2,2.96
-1.0820000000000002e-06,7.2,2.96
-1.08e-06,7.2,2.92
-1.078e-06,7.16,3.0
-1.0760000000000002e-06,7.2,2.96
-1.0740000000000002e-06,7.2,3.0
-1.072e-06,7.24,3.0
-1.0700000000000001e-06,7.24,3.0
-1.0680000000000002e-06,7.2,3.0
-1.066e-06,7.2,3.0
-1.064e-06,7.28,3.04
-1.0620000000000002e-06,7.24,3.0
-1.06e-06,7.24,3.0
-1.058e-06,7.28,3.04
-1.0560000000000001e-06,7.24,3.0
-1.0540000000000002e-06,7.28,3.0
-1.052e-06,7.24,3.04
-1.0500000000000001e-06,7.28,3.04
-1.0480000000000002e-06,7.28,3.08
-1.046e-06,7.28,3.04
-1.044e-06,7.28,3.04
-1.0420000000000001e-06,7.28,3.04
-1.0400000000000002e-06,7.28,3.04
-1.038e-06,7.32,3.08
-1.0360000000000001e-06,7.28,3.04
-1.0340000000000002e-06,7.28,3.12
-1.032e-06,7.28,3.08
-1.03e-06,7.32,3.12
-1.0280000000000002e-06,7.28,3.12
-1.0260000000000002e-06,7.36,3.08
-1.024e-06,7.32,3.12
-1.0220000000000001e-06,7.4,3.12
-1.0200000000000002e-06,7.32,3.08
-1.018e-06,7.4,3.12
-1.016e-06,7.36,3.12
-1.0140000000000002e-06,7.32,3.12
-1.012e-06,7.36,3.12
-1.01e-06,7.4,3.16
-1.0080000000000001e-06,7.36,3.16
-1.0060000000000002e-06,7.4,3.16
-1.004e-06,7.36,3.16
-1.002e-06,7.36,3.16
-1.0000000000000002e-06,7.4,3.16
-9.98e-07,7.4,3.2
-9.96e-07,7.4,3.16
-9.940000000000001e-07,7.32,3.16
-9.920000000000002e-07,7.36,3.2
-9.9e-07,7.4,3.2
-9.880000000000001e-07,7.4,3.2
-9.860000000000002e-07,7.4,3.2
-9.84e-07,7.44,3.2
-9.82e-07,7.4,3.24
-9.800000000000001e-07,7.48,3.2
-9.780000000000002e-07,7.48,3.2
-9.76e-07,7.4,3.24
-9.740000000000001e-07,7.44,3.24
-9.720000000000002e-07,7.44,3.2
-9.7e-07,7.4,3.2
-9.68e-07,7.48,3.24
-9.660000000000002e-07,7.4,3.2800000000000002
-9.64e-07,7.48,3.24
-9.62e-07,7.5200000000000005,3.2800000000000002
-9.600000000000001e-07,7.48,3.2800000000000002
-9.580000000000002e-07,7.5200000000000005,3.2800000000000002
-9.56e-07,7.5200000000000005,3.2800000000000002
-9.54e-07,7.5600000000000005,3.3200000000000003
-9.520000000000002e-07,7.48,3.2800000000000002
-9.5e-07,7.5200000000000005,3.2800000000000002
-9.480000000000001e-07,7.48,3.3200000000000003
-9.460000000000001e-07,7.5200000000000005,3.3200000000000003
-9.440000000000002e-07,7.48,3.3200000000000003
-9.42e-07,7.5200000000000005,3.2800000000000002
-9.400000000000001e-07,7.48,3.3200000000000003
-9.380000000000002e-07,7.5200000000000005,3.3200000000000003
-9.36e-07,7.5200000000000005,3.2800000000000002
-9.340000000000001e-07,7.48,3.3200000000000003
-9.320000000000001e-07,7.5200000000000005,3.3200000000000003
-9.300000000000002e-07,7.5200000000000005,3.36
-9.28e-07,7.5600000000000005,3.3200000000000003
-9.260000000000001e-07,7.5600000000000005,3.3200000000000003
-9.240000000000002e-07,7.6000000000000005,3.36
-9.22e-07,7.5600000000000005,3.3200000000000003
-9.200000000000001e-07,7.5600000000000005,3.36
-9.180000000000001e-07,7.5600000000000005,3.36
-9.160000000000002e-07,7.5600000000000005,3.36
-9.140000000000001e-07,7.6000000000000005,3.36
-9.120000000000001e-07,7.640000000000001,3.36
-9.100000000000002e-07,7.6000000000000005,3.3200000000000003
-9.08e-07,7.640000000000001,3.4
-9.060000000000001e-07,7.640000000000001,3.4
-9.040000000000002e-07,7.640000000000001,3.36
-9.02e-07,7.6000000000000005,3.36
-9.000000000000001e-07,7.6000000000000005,3.36
-8.980000000000001e-07,7.640000000000001,3.4
-8.960000000000002e-07,7.6000000000000005,3.4
-8.94e-07,7.6000000000000005,3.4
-8.920000000000001e-07,7.6000000000000005,3.4
-8.900000000000002e-07,7.6000000000000005,3.4
-8.88e-07,7.640000000000001,3.44
-8.860000000000001e-07,7.68,3.4
-8.840000000000001e-07,7.68,3.4
-8.820000000000002e-07,7.68,3.4
-8.8e-07,7.640000000000001,3.44
-8.780000000000001e-07,7.68,3.44
-8.760000000000002e-07,7.72,3.44
-8.74e-07,7.68,3.44
-8.720000000000001e-07,7.68,3.48
-8.700000000000001e-07,7.68,3.48
-8.680000000000002e-07,7.68,3.44
-8.66e-07,7.72,3.48
-8.640000000000001e-07,7.72,3.48
-8.620000000000002e-07,7.72,3.48
-8.6e-07,7.76,3.48
-8.580000000000001e-07,7.72,3.52
-8.560000000000001e-07,7.76,3.52
-8.54e-07,7.76,3.52
-8.520000000000001e-07,7.8,3.48
-8.500000000000001e-07,7.76,3.52
-8.480000000000002e-07,7.76,3.52
-8.46e-07,7.76,3.52
-8.440000000000001e-07,7.76,3.52
-8.420000000000002e-07,7.76,3.56
-8.4e-07,7.72,3.56
-8.380000000000001e-07,7.72,3.56
-8.360000000000001e-07,7.76,3.56
-8.340000000000002e-07,7.76,3.56
-8.32e-07,7.76,3.56
-8.300000000000001e-07,7.72,3.56
-8.280000000000002e-07,7.8,3.56
-8.26e-07,7.8,3.56
-8.240000000000001e-07,7.84,3.56
-8.220000000000001e-07,7.84,3.56
-8.200000000000002e-07,7.8,3.6
-8.18e-07,7.84,3.6
-8.160000000000001e-07,7.76,3.6
-8.140000000000002e-07,7.8,3.64
-8.12e-07,7.84,3.64
-8.100000000000001e-07,7.84,3.6
-8.080000000000001e-07,7.84,3.64
-8.060000000000002e-07,7.84,3.6
-8.04e-07,7.84,3.6
-8.020000000000001e-07,7.84,3.64
-8.000000000000002e-07,7.84,3.64
-7.98e-07,7.84,3.6
-7.960000000000001e-07,7.84,3.64
-7.940000000000001e-07,7.88,3.68
-7.92e-07,7.92,3.64
-7.900000000000001e-07,7.92,3.6
-7.880000000000001e-07,7.84,3.64
-7.860000000000002e-07,7.92,3.68
-7.84e-07,7.92,3.64
-7.820000000000001e-07,7.92,3.68
-7.800000000000002e-07,7.92,3.68
-7.78e-07,7.88,3.68
-7.760000000000001e-07,7.84,3.72
-7.740000000000001e-07,7.92,3.64
-7.720000000000002e-07,7.88,3.68
-7.7e-07,7.92,3.72
-7.680000000000001e-07,7.88,3.72
-7.660000000000002e-07,7.92,3.68
-7.64e-07,7.96,3.72
-7.620000000000001e-07,7.92,3.68
-7.600000000000001e-07,7.96,3.7600000000000002
-7.580000000000002e-07,7.96,3.7600000000000002
-7.56e-07,8.040000000000001,3.7600000000000002
-7.540000000000001e-07,8.0,3.72
-7.520000000000002e-07,7.96,3.72
-7.5e-07,7.92,3.72
-7.480000000000001e-07,7.96,3.72
-7.460000000000001e-07,7.96,3.7600000000000002
-7.44e-07,8.0,3.8000000000000003
-7.420000000000001e-07,7.96,3.7600000000000002
-7.400000000000001e-07,7.96,3.7600000000000002
-7.380000000000002e-07,8.08,3.7600000000000002
-7.36e-07,7.96,3.8000000000000003
-7.340000000000001e-07,8.0,3.8000000000000003
-7.320000000000001e-07,7.96,3.8000000000000003
-7.3e-07,8.08,3.84
-7.280000000000001e-07,7.96,3.8000000000000003
-7.260000000000001e-07,8.08,3.8000000000000003
-7.240000000000002e-07,8.040000000000001,3.8000000000000003
-7.22e-07,8.040000000000001,3.84
-7.200000000000001e-07,8.040000000000001,3.84
-7.180000000000002e-07,8.040000000000001,3.88
-7.16e-07,8.08,3.84
-7.140000000000001e-07,8.08,3.84
-7.120000000000001e-07,8.040000000000001,3.88
-7.100000000000002e-07,8.08,3.88
-7.08e-07,8.08,3.88
-7.060000000000001e-07,8.040000000000001,3.8000000000000003
-7.040000000000002e-07,8.08,3.88
-7.02e-07,8.040000000000001,3.92
-7.000000000000001e-07,8.08,3.88
-6.980000000000001e-07,8.040000000000001,3.88
-6.960000000000002e-07,8.120000000000001,3.92
-6.94e-07,8.120000000000001,3.92
-6.920000000000001e-07,8.08,3.84
-6.900000000000002e-07,8.16,3.92
-6.88e-07,8.120000000000001,3.88
-6.860000000000001e-07,8.16,3.88
-6.840000000000001e-07,8.08,3.92
-6.82e-07,8.08,3.96
-6.800000000000001e-07,8.120000000000001,3.92
-6.780000000000001e-07,8.16,3.88
-6.760000000000002e-07,8.16,3.88
-6.74e-07,8.08,3.92
-6.720000000000001e-07,8.120000000000001,4.0
-6.700000000000001e-07,8.16,3.96
-6.68e-07,8.2,3.96
-6.660000000000001e-07,8.2,4.0
-6.640000000000001e-07,8.2,3.96
-6.620000000000002e-07,8.2,3.96
-6.6e-07,8.120000000000001,3.96
-6.580000000000001e-07,8.16,3.96
-6.560000000000002e-07,8.2,4.0
-6.54e-07,8.2,4.0
-6.520000000000001e-07,8.24,3.96
-6.500000000000001e-07,8.16,4.0
-6.480000000000002e-07,8.2,4.0
-6.46e-07,8.24,4.0
-6.440000000000001e-07,8.24,4.04
-6.420000000000002e-07,8.24,4.04
-6.4e-07,8.2,4.0
-6.380000000000001e-07,8.24,4.0
-6.360000000000001e-07,8.28,4.0
-6.34e-07,8.28,4.04
-6.32e-07,8.24,4.04
-6.300000000000001e-07,8.28,4.04
-6.280000000000002e-07,8.24,4.04
-6.26e-07,8.24,4.08
-6.240000000000001e-07,8.28,4.08
-6.220000000000001e-07,8.24,4.12
-6.2e-07,8.32,4.12
-6.180000000000001e-07,8.24,4.08
-6.160000000000001e-07,8.28,4.08
-6.140000000000002e-07,8.32,4.08
-6.12e-07,8.28,4.08
-6.100000000000001e-07,8.24,4.12
-6.080000000000002e-07,8.040000000000001,4.16
-6.06e-07,7.76,4.12
-6.040000000000001e-07,7.44,4.08
-6.020000000000001e-07,7.0,4.12
-6.000000000000002e-07,6.8,4.08
-5.98e-07,6.68,4.08
-5.960000000000001e-07,6.640000000000001,4.08
-5.940000000000002e-07,6.72,3.96
-5.92e-07,6.68,3.92
-5.900000000000003e-07,6.5200000000000005,3.92
-5.880000000000001e-07,6.48,3.88
-5.86e-07,6.36,3.7600000000000002
-5.840000000000003e-07,6.24,3.7600000000000002
-5.820000000000001e-07,6.2,3.64
-5.8e-07,6.12,3.64
-5.780000000000002e-07,6.0,3.56
-5.760000000000001e-07,6.08,3.56
-5.739999999999999e-07,6.0,3.52
-5.720000000000002e-07,6.04,3.44
-5.7e-07,6.08,3.36
-5.679999999999999e-07,6.12,3.4
-5.660000000000002e-07,6.2,3.36
-5.64e-07,6.2,3.2800000000000002
-5.620000000000003e-07,6.2,3.24
-5.600000000000001e-07,6.16,3.2
-5.58e-07,6.12,3.2
-5.560000000000003e-07,6.12,3.16
-5.540000000000001e-07,6.08,3.12
-5.52e-07,6.04,3.08
-5.500000000000002e-07,6.08,3.04
-5.480000000000001e-07,6.04,3.04
-5.459999999999999e-07,6.08,3.04
-5.440000000000002e-07,6.08,3.0
-5.420000000000001e-07,6.08,3.0
-5.399999999999999e-07,6.12,3.0
-5.380000000000002e-07,6.08,3.0
-5.36e-07,6.16,2.88
-5.339999999999999e-07,6.12,2.92
-5.320000000000002e-07,6.08,2.84
-5.3e-07,6.08,2.84
-5.280000000000003e-07,6.12,2.7600000000000002
-5.260000000000001e-07,6.12,2.72
-5.24e-07,6.12,2.8000000000000003
-5.220000000000003e-07,6.16,2.68
-5.200000000000001e-07,6.12,2.72
-5.18e-07,6.16,2.68
-5.160000000000002e-07,6.2,2.64
-5.140000000000001e-07,6.24,2.64
-5.119999999999999e-07,6.24,2.68
-5.100000000000002e-07,6.2,2.68
-5.08e-07,6.2,2.64
-5.059999999999999e-07,6.16,2.6
-5.040000000000002e-07,6.08,2.64
-5.02e-07,6.16,2.6
-4.999999999999999e-07,6.12,2.6
-4.980000000000001e-07,6.12,2.6
-4.96e-07,6.16,2.56
-4.940000000000003e-07,6.16,2.56
-4.920000000000001e-07,6.2,2.56
-4.9e-07,6.2,2.52
-4.880000000000002e-07,6.24,2.48
-4.860000000000001e-07,6.28,2.52
-4.839999999999999e-07,6.16,2.56
-4.820000000000002e-07,6.24,2.48
-4.800000000000001e-07,6.24,2.48
-4.779999999999999e-07,6.24,2.44
-4.760000000000002e-07,6.2,2.48
-4.7400000000000004e-07,6.2,2.44
-4.719999999999999e-07,6.16,2.44
-4.7000000000000016e-07,6.24,2.44
-4.68e-07,6.28,2.44
-4.660000000000003e-07,6.24,2.4
-4.6400000000000013e-07,6.28,2.44
-4.62e-07,6.24,2.44
-4.6000000000000025e-07,6.32,2.36
-4.580000000000001e-07,6.32,2.4
-4.5599999999999995e-07,6.28,2.36
-4.5400000000000023e-07,6.28,2.4
-4.520000000000001e-07,6.28,2.4
-4.4999999999999993e-07,6.32,2.36
-4.480000000000002e-07,6.28,2.36
-4.4600000000000005e-07,6.32,2.36
-4.439999999999999e-07,6.28,2.4
-4.4200000000000017e-07,6.24,2.36
-4.4e-07,6.28,2.36
-4.3799999999999987e-07,6.32,2.4
-4.3600000000000015e-07,6.32,2.4
-4.34e-07,6.36,2.36
-4.3200000000000027e-07,6.4,2.36
-4.300000000000001e-07,6.4,2.36
-4.2799999999999997e-07,6.36,2.4
-4.2600000000000024e-07,6.4,2.36
-4.240000000000001e-07,6.32,2.36
-4.2199999999999994e-07,6.32,2.36
-4.200000000000002e-07,6.36,2.36
-4.1800000000000006e-07,6.36,2.36
-4.159999999999999e-07,6.36,2.36
-4.140000000000002e-07,6.36,2.36
-4.1200000000000004e-07,6.44,2.4
-4.099999999999999e-07,6.4,2.32
-4.0800000000000016e-07,6.4,2.36
-4.06e-07,6.4,2.36
-4.040000000000003e-07,6.4,2.32
-4.0200000000000013e-07,6.44,2.36
-4e-07,6.4,2.36
-3.9800000000000026e-07,6.4,2.32
-3.960000000000001e-07,6.4,2.4
-3.9399999999999995e-07,6.36,2.32
-3.9200000000000023e-07,6.4,2.36
-3.900000000000001e-07,6.44,2.36
-3.8799999999999993e-07,6.44,2.36
-3.860000000000002e-07,6.48,2.36
-3.8400000000000005e-07,6.5200000000000005,2.36
-3.819999999999999e-07,6.44,2.36
-3.8000000000000017e-07,6.48,2.36
-3.78e-07,6.48,2.36
-3.7599999999999987e-07,6.44,2.36
-3.7400000000000015e-07,6.5200000000000005,2.36
-3.72e-07,6.48,2.36
-3.7000000000000027e-07,6.48,2.4
-3.680000000000001e-07,6.5200000000000005,2.36
-3.6599999999999997e-07,6.48,2.36
-3.6400000000000024e-07,6.48,2.36
-3.620000000000001e-07,6.5600000000000005,2.4
-3.5999999999999994e-07,6.5200000000000005,2.4
-3.580000000000002e-07,6.5600000000000005,2.36
-3.5600000000000006e-07,6.5600000000000005,2.44
-3.539999999999999e-07,6.5600000000000005,2.4
-3.520000000000002e-07,6.5600000000000005,2.4
-3.5000000000000004e-07,6.5200000000000005,2.44
-3.479999999999999e-07,6.5600000000000005,2.4
-3.4600000000000016e-07,6.5200000000000005,2.44
-3.44e-07,6.5200000000000005,2.4
-3.4199999999999986e-07,6.5200000000000005,2.4
-3.4000000000000013e-07,6.5200000000000005,2.44
-3.38e-07,6.5600000000000005,2.4
-3.3600000000000026e-07,6.5600000000000005,2.4
-3.340000000000001e-07,6.5200000000000005,2.48
-3.3199999999999996e-07,6.5200000000000005,2.44
-3.3000000000000023e-07,6.5600000000000005,2.48
-3.280000000000001e-07,6.6000000000000005,2.4
-3.2599999999999993e-07,6.640000000000001,2.44
-3.240000000000002e-07,6.640000000000001,2.4
-3.2200000000000005e-07,6.6000000000000005,2.44
-3.199999999999999e-07,6.6000000000000005,2.48
-3.180000000000002e-07,6.6000000000000005,2.44
-3.16e-07,6.640000000000001,2.48
-3.139999999999999e-07,6.640000000000001,2.48
-3.1200000000000015e-07,6.640000000000001,2.44
-3.1e-07,6.68,2.44
-3.0800000000000027e-07,6.640000000000001,2.48
-3.060000000000001e-07,6.6000000000000005,2.48
-3.0399999999999997e-07,6.68,2.48
-3.0200000000000024e-07,6.640000000000001,2.48
-3.000000000000001e-07,6.640000000000001,2.48
-2.9799999999999994e-07,6.640000000000001,2.48
-2.960000000000002e-07,6.640000000000001,2.48
-2.9400000000000007e-07,6.640000000000001,2.52
-2.919999999999999e-07,6.68,2.52
-2.900000000000002e-07,6.68,2.48
-2.8800000000000004e-07,6.68,2.48
-2.859999999999999e-07,6.68,2.48
-2.8400000000000016e-07,6.72,2.52
-2.82e-07,6.68,2.52
-2.7999999999999986e-07,6.76,2.52
-2.7800000000000013e-07,6.72,2.52
-2.76e-07,6.72,2.52
-2.7400000000000026e-07,6.72,2.52
-2.720000000000001e-07,6.72,2.6
-2.6999999999999996e-07,6.72,2.56
-2.6800000000000023e-07,6.76,2.56
-2.660000000000001e-07,6.72,2.56
-2.6399999999999993e-07,6.72,2.56
-2.620000000000002e-07,6.76,2.56
-2.6000000000000005e-07,6.76,2.6
-2.579999999999999e-07,6.8,2.56
-2.560000000000002e-07,6.8,2.56
-2.54e-07,6.76,2.56
-2.519999999999999e-07,6.8,2.56
-2.5000000000000015e-07,6.72,2.56
-2.48e-07,6.8,2.56
-2.4600000000000027e-07,6.76,2.6
-2.440000000000001e-07,6.8,2.6
-2.4199999999999997e-07,6.76,2.6
-2.4000000000000024e-07,6.8,2.6
-2.380000000000001e-07,6.84,2.6
-2.3599999999999994e-07,6.84,2.6
-2.3400000000000022e-07,6.84,2.6
-2.3200000000000007e-07,6.84,2.64
-2.2999999999999992e-07,6.84,2.6
-2.280000000000002e-07,6.88,2.6
-2.2600000000000004e-07,6.88,2.64
-2.239999999999999e-07,6.88,2.68
-2.2200000000000016e-07,6.84,2.6
-2.2e-07,6.84,2.64
-2.1799999999999986e-07,6.84,2.6
-2.1600000000000013e-07,6.88,2.68
-2.1399999999999998e-07,6.88,2.68
-2.1200000000000026e-07,6.84,2.64
-2.100000000000001e-07,6.84,2.6
-2.0799999999999996e-07,6.88,2.68
-2.0600000000000023e-07,6.8,2.64
-2.0400000000000008e-07,6.88,2.64
-2.0199999999999993e-07,6.88,2.68
-2.000000000000002e-07,6.88,2.72
-1.9800000000000005e-07,6.92,2.68
-1.959999999999999e-07,6.88,2.72
-1.9400000000000018e-07,6.88,2.68
-1.9200000000000003e-07,6.92,2.72
-1.8999999999999987e-07,6.92,2.72
-1.8800000000000015e-07,6.96,2.72
-1.86e-07,6.96,2.7600000000000002
-1.8400000000000027e-07,6.88,2.8000000000000003
-1.8200000000000012e-07,6.92,2.68
-1.7999999999999997e-07,7.0,2.7600000000000002
-1.7800000000000024e-07,6.92,2.72
-1.760000000000001e-07,6.96,2.72
-1.7399999999999994e-07,6.92,2.7600000000000002
-1.7200000000000022e-07,6.96,2.72
-1.7000000000000007e-07,7.0,2.7600000000000002
-1.6799999999999992e-07,7.0,2.7600000000000002
-1.660000000000002e-07,7.04,2.72
-1.6400000000000004e-07,7.04,2.8000000000000003
-1.619999999999999e-07,7.0,2.7600000000000002
-1.6000000000000016e-07,7.04,2.8000000000000003
-1.58e-07,7.0,2.7600000000000002
-1.5599999999999986e-07,7.0,2.8000000000000003
-1.5400000000000013e-07,7.04,2.8000000000000003
-1.5199999999999998e-07,7.0,2.8000000000000003
-1.5000000000000026e-07,7.04,2.8000000000000003
-1.480000000000001e-07,6.96,2.84
-1.4599999999999996e-07,7.0,2.8000000000000003
-1.4400000000000023e-07,7.04,2.7600000000000002
-1.4200000000000008e-07,7.0,2.8000000000000003
-1.3999999999999993e-07,7.0,2.84
-1.380000000000002e-07,7.0,2.88
-1.3600000000000005e-07,7.08,2.8000000000000003
-1.339999999999999e-07,7.0,2.88
-1.3200000000000018e-07,7.04,2.84
-1.3000000000000003e-07,7.08,2.84
-1.2799999999999988e-07,7.08,2.84
-1.2600000000000015e-07,7.08,2.84
-1.24e-07,7.08,2.88
-1.2199999999999985e-07,7.08,2.88
-1.2000000000000012e-07,7.12,2.92
-1.1799999999999997e-07,7.08,2.88
-1.1600000000000024e-07,7.12,2.88
-1.140000000000001e-07,7.16,2.88
-1.1199999999999994e-07,7.16,2.88
-1.1000000000000022e-07,7.12,2.92
-1.0800000000000007e-07,7.12,2.92
-1.0599999999999992e-07,7.12,2.92
-1.0400000000000019e-07,7.12,2.92
-1.0200000000000004e-07,7.08,2.92
-9.999999999999989e-08,7.08,2.92
-9.800000000000016e-08,7.08,2.92
-9.600000000000001e-08,7.12,3.0
-9.399999999999986e-08,7.16,2.92
-9.200000000000014e-08,7.2,2.92
-8.999999999999999e-08,7.16,2.92
-8.800000000000026e-08,7.16,2.96
-8.600000000000011e-08,7.24,2.92
-8.399999999999996e-08,7.2,2.96
-8.200000000000023e-08,7.2,2.96
-8.000000000000008e-08,7.2,3.0
-7.799999999999993e-08,7.16,2.96
-7.60000000000002e-08,7.16,2.96
-7.400000000000005e-08,7.2,2.96
-7.19999999999999e-08,7.24,2.96
-7.000000000000018e-08,7.2,3.0
-6.800000000000003e-08,7.24,3.0
-6.599999999999988e-08,7.2,3.0
-6.400000000000015e-08,7.2,3.0
-6.2e-08,7.24,3.0
-5.999999999999985e-08,7.24,3.04
-5.800000000000012e-08,7.24,3.04
-5.599999999999997e-08,7.24,2.96
-5.4000000000000245e-08,7.28,3.04
-5.2000000000000095e-08,7.28,3.04
-4.9999999999999945e-08,7.24,3.04
-4.800000000000022e-08,7.28,3.04
-4.600000000000007e-08,7.24,3.08
-4.399999999999992e-08,7.28,3.0
-4.200000000000019e-08,7.24,3.08
-4.000000000000004e-08,7.28,3.08
-3.799999999999989e-08,7.28,3.04
-3.6000000000000164e-08,7.36,3.04
-3.400000000000001e-08,7.28,3.08
-3.199999999999986e-08,7.36,3.08
-3.0000000000000136e-08,7.32,3.04
-2.7999999999999986e-08,7.36,3.08
-2.600000000000026e-08,7.32,3.12
-2.400000000000011e-08,7.32,3.12
-2.199999999999996e-08,7.36,3.08
-2.0000000000000232e-08,7.36,3.12
-1.8000000000000082e-08,7.36,3.12
-1.599999999999993e-08,7.36,3.12
-1.4000000000000205e-08,7.36,3.12
-1.2000000000000055e-08,7.32,3.16
-9.999999999999904e-09,7.32,3.16
-8.000000000000178e-09,7.36,3.12
-6.000000000000027e-09,7.36,3.16
-3.999999999999877e-09,7.32,3.16
-2.0000000000001503e-09,7.36,3.12
0.0,7.4,3.16
2.0000000000001503e-09,7.4,3.12
3.999999999999877e-09,7.36,3.12
6.000000000000027e-09,7.4,3.16
7.999999999999754e-09,7.4,3.16
9.999999999999904e-09,7.44,3.2
1.2000000000000055e-08,7.44,3.24
1.3999999999999781e-08,7.4,3.2
1.599999999999993e-08,7.4,3.2
1.8000000000000082e-08,7.48,3.2
1.999999999999981e-08,7.4,3.2
2.199999999999996e-08,7.44,3.2
2.400000000000011e-08,7.4,3.16
2.5999999999999836e-08,7.48,3.2
2.7999999999999986e-08,7.5200000000000005,3.16
3.0000000000000136e-08,7.44,3.24
3.199999999999986e-08,7.48,3.2
3.400000000000001e-08,7.5200000000000005,3.24
3.6000000000000164e-08,7.5200000000000005,3.24
3.799999999999989e-08,7.48,3.24
4.000000000000004e-08,7.48,3.2800000000000002
4.199999999999977e-08,7.48,3.2
4.399999999999992e-08,7.5200000000000005,3.24
4.600000000000007e-08,7.48,3.24
4.7999999999999795e-08,7.5200000000000005,3.2800000000000002
4.9999999999999945e-08,7.48,3.3200000000000003
5.2000000000000095e-08,7.48,3.2800000000000002
5.399999999999982e-08,7.5600000000000005,3.3200000000000003
5.599999999999997e-08,7.48,3.24
5.800000000000012e-08,7.5600000000000005,3.2800000000000002
5.999999999999985e-08,7.48,3.3200000000000003
6.2e-08,7.5600000000000005,3.2800000000000002
6.400000000000015e-08,7.48,3.3200000000000003
6.599999999999988e-08,7.5600000000000005,3.2800000000000002
6.800000000000003e-08,7.5600000000000005,3.2800000000000002
6.999999999999975e-08,7.5200000000000005,3.3200000000000003
7.19999999999999e-08,7.5200000000000005,3.3200000000000003
7.400000000000005e-08,7.5600000000000005,3.36
7.599999999999978e-08,7.6000000000000005,3.3200000000000003
7.799999999999993e-08,7.6000000000000005,3.3200000000000003
8.000000000000008e-08,7.6000000000000005,3.36
8.199999999999981e-08,7.6000000000000005,3.3200000000000003
8.399999999999996e-08,7.6000000000000005,3.36
8.600000000000011e-08,7.640000000000001,3.36
8.799999999999984e-08,7.6000000000000005,3.36
8.999999999999999e-08,7.6000000000000005,3.4
9.200000000000014e-08,7.6000000000000005,3.4
9.399999999999986e-08,7.5600000000000005,3.36
9.600000000000001e-08,7.5600000000000005,3.44
9.800000000000016e-08,7.6000000000000005,3.36
9.999999999999989e-08,7.640000000000001,3.4
1.0200000000000004e-07,7.68,3.4
1.0399999999999977e-07,7.68,3.36
1.0599999999999992e-07,7.640000000000001,3.4
1.0800000000000007e-07,7.6000000000000005,3.4
1.099999999999998e-07,7.6000000000000005,3.44
1.1199999999999994e-07,7.68,3.44
1.140000000000001e-07,7.68,3.4
1.1599999999999982e-07,7.68,3.44
1.1799999999999997e-07,7.6000000000000005,3.44
1.2000000000000012e-07,7.640000000000001,3.44
1.2199999999999985e-07,7.640000000000001,3.44
1.24e-07,7.640000000000001,3.48
1.2600000000000015e-07,7.68,3.48
1.2799999999999988e-07,7.68,3.44
1.3000000000000003e-07,7.72,3.48
1.3199999999999975e-07,7.68,3.48
1.339999999999999e-07,7.76,3.48
1.3600000000000005e-07,7.72,3.44
1.3799999999999978e-07,7.72,3.44
1.3999999999999993e-07,7.76,3.48
1.4200000000000008e-07,7.68,3.48
1.439999999999998e-07,7.72,3.52
1.4599999999999996e-07,7.76,3.48
1.480000000000001e-07,7.8,3.56
1.4999999999999983e-07,7.72,3.52
1.5199999999999998e-07,7.76,3.52
1.5400000000000013e-07,7.76,3.56
1.5599999999999986e-07,7.76,3.52
1.58e-07,7.8,3.52
1.6000000000000016e-07,7.72,3.48
1.619999999999999e-07,7.8,3.56
1.6400000000000004e-07,7.8,3.56
1.6599999999999977e-07,7.8,3.56
1.6799999999999992e-07,7.84,3.52
1.7000000000000007e-07,7.8,3.56
1.719999999999998e-07,7.8,3.56
1.7399999999999994e-07,7.76,3.56
1.760000000000001e-07,7.8,3.6
1.7799999999999982e-07,7.8,3.56
1.7999999999999997e-07,7.8,3.6
1.8200000000000012e-07,7.84,3.6
1.8399999999999985e-07,7.8,3.6
1.86e-07,7.76,3.56
1.8800000000000015e-07,7.8,3.64
1.8999999999999987e-07,7.8,3.64
1.9200000000000003e-07,7.8,3.64
1.9399999999999975e-07,7.84,3.64
1.959999999999999e-07,7.88,3.6
1.9800000000000005e-07,7.88,3.64
1.9999999999999978e-07,7.88,3.6
2.0199999999999993e-07,7.88,3.64
2.0400000000000008e-07,7.88,3.64
2.059999999999998e-07,7.84,3.68
2.0799999999999996e-07,7.88,3.64
2.100000000000001e-07,7.88,3.68
2.1199999999999983e-07,7.84,3.72
2.1399999999999998e-07,7.88,3.68
2.1600000000000013e-07,7.92,3.64
2.1799999999999986e-07,7.84,3.64
2.2e-07,7.88,3.68
2.2200000000000016e-07,7.88,3.64
2.239999999999999e-07,7.92,3.68
2.2600000000000004e-07,8.0,3.68
2.2799999999999977e-07,7.92,3.68
2.2999999999999992e-07,7.96,3.72
2.3200000000000007e-07,7.96,3.72
2.339999999999998e-07,7.96,3.72
2.3599999999999994e-07,7.96,3.7600000000000002
2.380000000000001e-07,7.96,3.68
2.399999999999998e-07,7.88,3.68
2.4199999999999997e-07,7.96,3.72
2.440000000000001e-07,7.88,3.72
2.4599999999999985e-07,7.96,3.7600000000000002
2.48e-07,7.92,3.7600000000000002
2.5000000000000015e-07,7.96,3.7600000000000002
2.519999999999999e-07,8.040000000000001,3.7600000000000002
2.54e-07,7.96,3.7600000000000002
2.560000000000002e-07,8.040000000000001,3.8000000000000003
2.579999999999999e-07,7.96,3.7600000000000002
2.6000000000000005e-07,8.040000000000001,3.8000000000000003
2.619999999999998e-07,7.96,3.8000000000000003
2.6399999999999993e-07,8.040000000000001,3.7600000000000002
2.660000000000001e-07,8.040000000000001,3.8000000000000003
2.679999999999998e-07,8.0,3.8000000000000003
2.6999999999999996e-07,8.040000000000001,3.8000000000000003
2.720000000000001e-07,8.0,3.84
2.7399999999999983e-07,8.040000000000001,3.8000000000000003
2.76e-07,8.08,3.8000000000000003
2.7800000000000013e-07,8.0,3.7600000000000002
2.7999999999999986e-07,8.040000000000001,3.8000000000000003
2.82e-07,8.08,3.84
2.8400000000000016e-07,8.08,3.84
2.859999999999999e-07,8.08,3.88
2.8800000000000004e-07,8.0,3.84
2.8999999999999976e-07,8.08,3.84
2.919999999999999e-07,8.040000000000001,3.84
2.9400000000000007e-07,8.040000000000001,3.84
2.959999999999998e-07,8.08,3.84
2.9799999999999994e-07,8.040000000000001,3.84
3.000000000000001e-07,8.120000000000001,3.88
3.019999999999998e-07,8.120000000000001,3.88
3.0399999999999997e-07,8.120000000000001,3.88
3.060000000000001e-07,8.08,3.88
3.0799999999999985e-07,8.08,3.92
3.1e-07,8.16,3.92
3.1200000000000015e-07,8.08,3.88
3.139999999999999e-07,8.120000000000001,3.92
3.16e-07,8.08,3.92
3.180000000000002e-07,8.120000000000001,3.92
3.199999999999999e-07,8.08,3.92
3.2200000000000005e-07,8.16,3.88
3.239999999999998e-07,8.2,3.96
3.2599999999999993e-07,8.2,3.96
3.280000000000001e-07,8.2,3.92
3.299999999999998e-07,8.16,3.96
3.3199999999999996e-07,8.16,3.96
3.340000000000001e-07,8.16,3.92
3.3599999999999983e-07,8.2,4.0
3.38e-07,8.24,3.96
3.4000000000000013e-07,8.24,3.96
3.4199999999999986e-07,8.24,3.96
3.44e-07,8.24,4.0
3.4600000000000016e-07,8.16,4.0
3.479999999999999e-07,8.16,4.0
3.5000000000000004e-07,8.16,4.0
3.5199999999999976e-07,8.120000000000001,3.96
3.539999999999999e-07,8.2,4.04
3.5600000000000006e-07,8.2,4.04
3.579999999999998e-07,8.24,4.0
3.5999999999999994e-07,8.24,4.04
3.620000000000001e-07,8.28,4.04
3.639999999999998e-07,8.24,4.08
3.6599999999999997e-07,8.28,4.04
3.680000000000001e-07,8.28,4.04
3.6999999999999985e-07,8.28,4.04
3.72e-07,8.28,4.08
3.7400000000000015e-07,8.24,4.04
3.7599999999999987e-07,8.32,4.08
3.78e-07,8.28,4.08
3.8000000000000017e-07,8.28,4.12
3.819999999999999e-07,8.24,4.04
3.8400000000000005e-07,8.24,4.08
3.859999999999998e-07,8.28,4.12
3.8799999999999993e-07,8.24,4.08
3.900000000000001e-07,8.2,4.12
3.919999999999998e-07,8.040000000000001,4.04
3.9399999999999995e-07,7.76,4.04
3.960000000000001e-07,7.4,4.08
3.9799999999999983e-07,7.08,4.08
4e-07,6.76,4.08
4.0200000000000013e-07,6.68,4.08
4.0399999999999986e-07,6.68,4.08
4.06e-07,6.72,4.0
4.0800000000000016e-07,6.68,3.96
4.099999999999999e-07,6.5200000000000005,3.92
4.1200000000000004e-07,6.44,3.84
4.140000000000002e-07,6.32,3.7600000000000002
4.159999999999999e-07,6.24,3.68
4.1800000000000006e-07,6.2,3.64
4.199999999999998e-07,6.08,3.6
4.2199999999999994e-07,6.08,3.6
4.240000000000001e-07,6.04,3.52
4.259999999999998e-07,6.04,3.48
4.2799999999999997e-07,6.04,3.44
4.300000000000001e-07,6.08,3.44
4.3199999999999984e-07,6.16,3.4
4.34e-07,6.16,3.36
4.3600000000000015e-07,6.16,3.3200000000000003
4.3799999999999987e-07,6.16,3.24
4.4e-07,6.16,3.2
4.4200000000000017e-07,6.08,3.2
4.439999999999999e-07,6.12,3.2
4.4600000000000005e-07,6.08,3.08
4.479999999999998e-07,6.04,3.08
4.4999999999999993e-07,6.08,3.08
4.520000000000001e-07,6.0,3.04
4.539999999999998e-07,6.04,3.0
4.5599999999999995e-07,6.04,3.0
4.580000000000001e-07,6.08,3.0
4.5999999999999983e-07,6.12,2.96
4.62e-07,6.2,2.96
4.6400000000000013e-07,6.12,2.92
4.6599999999999986e-07,6.16,2.88
4.68e-07,6.12,2.8000000000000003
4.7000000000000016e-07,6.12,2.84
4.719999999999999e-07,6.08,2.7600000000000002
4.7400000000000004e-07,6.16,2.8000000000000003
4.760000000000002e-07,6.12,2.72
4.779999999999999e-07,6.16,2.72
4.800000000000001e-07,6.16,2.72
4.819999999999998e-07,6.2,2.68
4.839999999999999e-07,6.2,2.68
4.860000000000001e-07,6.16,2.64
4.879999999999998e-07,6.2,2.64
4.9e-07,6.16,2.64
4.920000000000001e-07,6.16,2.64
4.939999999999998e-07,6.16,2.6
4.96e-07,6.16,2.6
4.980000000000001e-07,6.16,2.6
4.999999999999999e-07,6.2,2.56
5.02e-07,6.16,2.6
5.040000000000002e-07,6.16,2.56
5.059999999999999e-07,6.12,2.56
5.08e-07,6.2,2.52
5.099999999999998e-07,6.2,2.52
5.119999999999999e-07,6.28,2.52
5.140000000000001e-07,6.28,2.52
5.159999999999998e-07,6.24,2.48
5.18e-07,6.24,2.48
5.200000000000001e-07,6.24,2.48
5.219999999999998e-07,6.24,2.44
5.24e-07,6.2,2.44
5.260000000000001e-07,6.24,2.44
5.279999999999999e-07,6.16,2.44
5.3e-07,6.2,2.4
5.320000000000002e-07,6.28,2.44
5.339999999999999e-07,6.28,2.44
5.36e-07,6.28,2.44
5.380000000000002e-07,6.24,2.44
5.399999999999999e-07,6.32,2.4
5.420000000000001e-07,6.32,2.44
5.439999999999998e-07,6.32,2.44
5.459999999999999e-07,6.28,2.4
5.480000000000001e-07,6.24,2.36
5.499999999999998e-07,6.24,2.4
5.52e-07,6.28,2.44
5.540000000000001e-07,6.32,2.4
5.559999999999998e-07,6.32,2.36
5.58e-07,6.32,2.36
5.600000000000001e-07,6.32,2.36
5.619999999999999e-07,6.36,2.4
5.64e-07,6.4,2.36
5.660000000000002e-07,6.36,2.36
5.679999999999999e-07,6.4,2.36
5.7e-07,6.36,2.36
5.720000000000002e-07,6.4,2.36
5.739999999999999e-07,6.4,2.36
5.760000000000001e-07,6.36,2.32
5.779999999999998e-07,6.4,2.32
5.8e-07,6.36,2.32
5.820000000000001e-07,6.36,2.36
5.839999999999998e-07,6.36,2.32
5.86e-07,6.36,2.4
5.880000000000001e-07,6.4,2.32
5.899999999999999e-07,6.36,2.32
5.92e-07,6.4,2.36
5.940000000000002e-07,6.4,2.36
5.959999999999999e-07,6.44,2.32
5.98e-07,6.44,2.36
6.000000000000002e-07,6.44,2.4
6.019999999999999e-07,6.4,2.36
6.040000000000001e-07,6.44,2.36
6.059999999999998e-07,6.44,2.32
6.079999999999999e-07,6.36,2.36
6.100000000000001e-07,6.4,2.32
6.119999999999998e-07,6.48,2.32
6.14e-07,6.44,2.36
6.160000000000001e-07,6.44,2.32
6.179999999999998e-07,6.44,2.32
6.2e-07,6.48,2.36
6.220000000000001e-07,6.48,2.32
6.239999999999999e-07,6.48,2.36
6.26e-07,6.5200000000000005,2.36
6.280000000000002e-07,6.5200000000000005,2.36
6.299999999999999e-07,6.44,2.36
6.32e-07,6.5200000000000005,2.36
6.340000000000002e-07,6.48,2.36
6.359999999999999e-07,6.5200000000000005,2.4
6.380000000000001e-07,6.5600000000000005,2.4
6.399999999999998e-07,6.48,2.4
6.42e-07,6.5600000000000005,2.44
6.440000000000001e-07,6.5600000000000005,2.44
6.459999999999998e-07,6.5600000000000005,2.36
6.48e-07,6.5600000000000005,2.4
6.500000000000001e-07,6.5200000000000005,2.4
6.519999999999999e-07,6.5600000000000005,2.36
6.54e-07,6.5200000000000005,2.4
6.560000000000002e-07,6.5200000000000005,2.4
6.579999999999999e-07,6.5200000000000005,2.4
6.6e-07,6.5200000000000005,2.4
6.620000000000002e-07,6.5600000000000005,2.4
6.639999999999999e-07,6.640000000000001,2.44
6.660000000000001e-07,6.6000000000000005,2.4
6.679999999999998e-07,6.5600000000000005,2.4
6.699999999999999e-07,6.6000000000000005,2.4
6.720000000000001e-07,6.6000000000000005,2.44
6.739999999999998e-07,6.6000000000000005,2.44
6.76e-07,6.6000000000000005,2.48
6.780000000000001e-07,6.640000000000001,2.48
6.799999999999998e-07,6.640000000000001,2.44
6.82e-07,6.6000000000000005,2.48
6.840000000000001e-07,6.6000000000000005,2.48
6.859999999999999e-07,6.6000000000000005,2.48
6.88e-07,6.6000000000000005,2.44
6.900000000000002e-07,6.5600000000000005,2.44
6.919999999999999e-07,6.640000000000001,2.48
6.94e-07,6.640000000000001,2.44
6.960000000000002e-07,6.6000000000000005,2.48
6.979999999999999e-07,6.68,2.44
7.000000000000001e-07,6.68,2.48
7.019999999999998e-07,6.640000000000001,2.48
7.04e-07,6.640000000000001,2.48
7.060000000000001e-07,6.68,2.48
7.079999999999998e-07,6.68,2.48
7.1e-07,6.68,2.48
7.120000000000001e-07,6.640000000000001,2.52
7.139999999999999e-07,6.68,2.52
7.16e-07,6.640000000000001,2.48
7.180000000000002e-07,6.68,2.52
7.199999999999999e-07,6.76,2.52
7.22e-07,6.72,2.48
7.240000000000002e-07,6.76,2.52
7.259999999999999e-07,6.68,2.52
7.280000000000001e-07,6.72,2.56
7.299999999999998e-07,6.72,2.52
7.319999999999999e-07,6.76,2.56
7.340000000000001e-07,6.72,2.52
7.359999999999998e-07,6.72,2.56
7.38e-07,6.76,2.56
7.400000000000001e-07,6.72,2.52
7.419999999999998e-07,6.8,2.56
7.44e-07,6.76,2.56
7.460000000000001e-07,6.76,2.6
7.479999999999999e-07,6.72,2.56
7.5e-07,6.8,2.56
7.520000000000002e-07,6.84,2.6
7.539999999999999e-07,6.76,2.56
7.56e-07,6.84,2.56
7.580000000000002e-07,6.8,2.6
7.599999999999999e-07,6.84,2.56
7.620000000000001e-07,6.84,2.6
7.639999999999998e-07,6.8,2.6
7.66e-07,6.84,2.64
7.680000000000001e-07,6.8,2.6
7.699999999999998e-07,6.84,2.6
7.72e-07,6.8,2.64
7.740000000000001e-07,6.84,2.64
7.759999999999999e-07,6.88,2.64
7.78e-07,6.84,2.64
7.800000000000002e-07,6.8,2.64
7.819999999999999e-07,6.8,2.68
7.84e-07,6.84,2.6
7.860000000000002e-07,6.88,2.64
7.879999999999999e-07,6.84,2.68
7.900000000000001e-07,6.88,2.68
7.920000000000002e-07,6.88,2.64
7.939999999999999e-07,6.88,2.64
7.960000000000001e-07,6.88,2.68
7.979999999999998e-07,6.92,2.72
8e-07,6.96,2.68
8.020000000000001e-07,6.92,2.72
8.039999999999998e-07,6.92,2.72
8.06e-07,6.88,2.68
8.080000000000001e-07,6.88,2.68
8.099999999999999e-07,6.92,2.72
8.12e-07,6.88,2.72
8.140000000000002e-07,6.96,2.72
8.159999999999999e-07,6.92,2.72
8.18e-07,6.96,2.7600000000000002
8.200000000000002e-07,6.96,2.7600000000000002
8.219999999999999e-07,7.0,2.72
8.240000000000001e-07,6.96,2.68
8.259999999999998e-07,7.0,2.72
8.28e-07,7.0,2.7600000000000002
8.300000000000001e-07,7.0,2.72
8.319999999999998e-07,7.0,2.8000000000000003
8.34e-07,7.0,2.72
8.360000000000001e-07,7.0,2.72
8.379999999999999e-07,6.96,2.7600000000000002
8.4e-07,7.04,2.7600000000000002
8.420000000000002e-07,7.0,2.7600000000000002
8.439999999999999e-07,6.96,2.8000000000000003
8.46e-07,7.08,2.8000000000000003
8.480000000000002e-07,7.0,2.7600000000000002
8.499999999999999e-07,7.0,2.8000000000000003
8.520000000000001e-07,7.0,2.84
8.540000000000002e-07,7.0,2.8000000000000003
8.559999999999999e-07,7.0,2.8000000000000003
8.580000000000001e-07,7.04,2.84
8.599999999999998e-07,7.12,2.84
8.62e-07,7.0,2.84
8.640000000000001e-07,7.04,2.84
8.659999999999998e-07,7.04,2.84
8.68e-07,7.04,2.84
8.700000000000001e-07,7.08,2.88
8.719999999999999e-07,7.08,2.88
8.74e-07,7.08,2.84
8.760000000000002e-07,7.12,2.84
8.779999999999999e-07,7.16,2.84
8.8e-07,7.08,2.88
8.820000000000002e-07,7.12,2.84
8.839999999999999e-07,7.12,2.88
8.860000000000001e-07,7.12,2.84
8.879999999999998e-07,7.08,2.92
8.9e-07,7.12,2.84
8.920000000000001e-07,7.08,2.92
8.939999999999998e-07,7.12,2.92
8.96e-07,7.12,2.92
8.980000000000001e-07,7.16,2.88
8.999999999999999e-07,7.16,2.88
9.02e-07,7.16,2.92
9.040000000000002e-07,7.16,2.92
9.059999999999999e-07,7.16,2.96
9.08e-07,7.16,2.92
9.100000000000002e-07,7.12,2.96
9.119999999999999e-07,7.12,2.92
9.140000000000001e-07,7.16,2.96
9.160000000000002e-07,7.2,2.96
9.179999999999999e-07,7.16,2.96
9.200000000000001e-07,7.2,2.96
9.219999999999998e-07,7.2,3.0
9.24e-07,7.2,3.0
9.260000000000001e-07,7.24,2.96
9.279999999999998e-07,7.2,3.0
9.3e-07,7.24,3.0
9.320000000000001e-07,7.2,3.0
9.339999999999999e-07,7.2,3.0
9.36e-07,7.24,3.0
9.380000000000002e-07,7.24,3.04
9.399999999999999e-07,7.28,3.04
9.42e-07,7.2,3.04
9.440000000000002e-07,7.2,3.04
9.459999999999999e-07,7.2,3.08
9.480000000000001e-07,7.28,3.08
9.500000000000002e-07,7.24,3.08
9.52e-07,7.28,3.04
9.54e-07,7.32,3.04
9.559999999999998e-07,7.28,3.04
9.58e-07,7.28,3.08
9.600000000000001e-07,7.32,3.04
9.619999999999999e-07,7.28,3.08
9.64e-07,7.32,3.08
9.660000000000002e-07,7.32,3.08
9.679999999999999e-07,7.32,3.12
9.7e-07,7.32,3.08
9.720000000000002e-07,7.36,3.08
9.74e-07,7.28,3.08
9.76e-07,7.32,3.12
9.780000000000002e-07,7.32,3.08
9.8e-07,7.36,3.12
9.82e-07,7.32,3.08
9.839999999999998e-07,7.36,3.12
9.86e-07,7.36,3.08
9.880000000000001e-07,7.36,3.16
9.899999999999998e-07,7.4,3.16
9.92e-07,7.4,3.12
9.940000000000001e-07,7.32,3.12
9.959999999999999e-07,7.4,3.16
9.98e-07,7.32,3.2
1.0000000000000002e-06,7.36,3.12
1.0019999999999999e-06,7.44,3.16
1.004e-06,7.4,3.16
1.0060000000000002e-06,7.4,3.12
1.008e-06,7.4,3.16
1.01e-06,7.4,3.16
1.0120000000000002e-06,7.44,3.24
1.014e-06,7.36,3.2
1.016e-06,7.44,3.2
1.0179999999999998e-06,7.44,3.2
1.02e-06,7.44,3.2
1.0220000000000001e-06,7.44,3.2
1.0239999999999999e-06,7.44,3.2
1.026e-06,7.44,3.2800000000000002
1.0280000000000002e-06,7.48,3.24
1.0299999999999999e-06,7.48,3.24
1.032e-06,7.44,3.2
1.0340000000000002e-06,7.48,3.24
1.036e-06,7.48,3.24
1.038e-06,7.5200000000000005,3.2800000000000002
1.0400000000000002e-06,7.48,3.2800000000000002
1.042e-06,7.44,3.2
1.044e-06,7.5200000000000005,3.24
1.0459999999999998e-06,7.44,3.24
1.048e-06,7.48,3.2800000000000002
1.0500000000000001e-06,7.44,3.3200000000000003
1.0519999999999998e-06,7.48,3.2800000000000002
1.054e-06,7.48,3.2800000000000002
1.0560000000000001e-06,7.5600000000000005,3.2800000000000002
1.0579999999999999e-06,7.5600000000000005,3.2800000000000002
1.06e-06,7.5200000000000005,3.2800000000000002
1.0620000000000002e-06,7.5200000000000005,3.2800000000000002
1.0639999999999999e-06,7.5200000000000005,3.3200000000000003
1.066e-06,7.5200000000000005,3.2800000000000002
1.0680000000000002e-06,7.5600000000000005,3.3200000000000003
1.07e-06,7.5600000000000005,3.3200000000000003
1.072e-06,7.5200000000000005,3.36
1.0740000000000002e-06,7.6000000000000005,3.36
1.076e-06,7.5600000000000005,3.36
1.078e-06,7.5600000000000005,3.3200000000000003
1.0799999999999998e-06,7.5600000000000005,3.36
1.082e-06,7.5600000000000005,3.3200000000000003
1.0840000000000001e-06,7.5200000000000005,3.36
1.0859999999999999e-06,7.5600000000000005,3.4
1.088e-06,7.5600000000000005,3.36
1.0900000000000002e-06,7.5600000000000005,3.36
1.0919999999999999e-06,7.6000000000000005,3.4
1.094e-06,7.640000000000001,3.36
1.0960000000000002e-06,7.6000000000000005,3.36
1.098e-06,7.6000000000000005,3.4
1.1e-06,7.640000000000001,3.4
1.1020000000000002e-06,7.640000000000001,3.4
1.104e-06,7.68,3.4
1.106e-06,7.640000000000001,3.44
1.1079999999999998e-06,7.640000000000001,3.4
1.11e-06,7.640000000000001,3.44
1.1120000000000001e-06,7.640000000000001,3.44
1.1139999999999998e-06,7.640000000000001,3.44
1.116e-06,7.68,3.4
1.1180000000000001e-06,7.68,3.44
1.1199999999999999e-06,7.68,3.44
1.122e-06,7.640000000000001,3.48
1.1240000000000002e-06,7.68,3.48
1.1259999999999999e-06,7.68,3.44
1.128e-06,7.72,3.48
1.1300000000000002e-06,7.72,3.44
1.132e-06,7.68,3.48
1.134e-06,7.72,3.48
1.1360000000000002e-06,7.72,3.52
1.138e-06,7.72,3.52
1.14e-06,7.640000000000001,3.48
1.1419999999999998e-06,7.72,3.48
1.144e-06,7.72,3.48
1.1460000000000001e-06,7.76,3.56
1.1479999999999999e-06,7.76,3.56
1.15e-06,7.72,3.48
1.1520000000000002e-06,7.76,3.56
1.1539999999999999e-06,7.76,3.56
1.156e-06,7.72,3.52
1.1580000000000002e-06,7.8,3.52
1.16e-06,7.8,3.6
1.162e-06,7.8,3.56
1.1640000000000002e-06,7.76,3.56
1.166e-06,7.76,3.56
1.168e-06,7.8,3.52
1.1700000000000002e-06,7.8,3.6
1.172e-06,7.76,3.56
1.1740000000000001e-06,7.8,3.56
1.1759999999999998e-06,7.76,3.6
1.178e-06,7.8,3.6
1.1800000000000001e-06,7.76,3.6
1.1819999999999999e-06,7.76,3.6
1.184e-06,7.84,3.52
1.1860000000000002e-06,7.84,3.6
1.1879999999999999e-06,7.84,3.6
1.19e-06,7.88,3.64
1.1920000000000002e-06,7.84,3.64
1.194e-06,7.84,3.64
1.196e-06,7.8,3.64
1.1980000000000002e-06,7.88,3.64
1.2e-06,7.92,3.64
1.202e-06,7.84,3.64
1.2039999999999998e-06,7.88,3.68
1.206e-06,7.88,3.64
1.2080000000000001e-06,7.88,3.64
1.2099999999999998e-06,7.88,3.64
1.212e-06,7.8,3.64
1.2140000000000002e-06,7.88,3.68
1.2159999999999999e-06,7.96,3.64
1.218e-06,7.92,3.68
1.2200000000000002e-06,7.96,3.68
1.222e-06,7.92,3.68
1.224e-06,7.96,3.72
1.2260000000000002e-06,7.92,3.72
1.228e-06,7.92,3.64
1.23e-06,7.92,3.72
1.2320000000000002e-06,7.96,3.72
1.234e-06,7.88,3.72
1.2360000000000001e-06,7.96,3.72
1.2379999999999998e-06,7.92,3.72
1.24e-06,7.92,3.72
1.2420000000000001e-06,7.96,3.72
1.2439999999999999e-06,7.92,3.72
1.246e-06,7.96,3.7600000000000002
1.2480000000000002e-06,7.96,3.8000000000000003
1.2499999999999999e-06,8.0,3.7600000000000002
1.252e-06,7.92,3.72
1.2540000000000002e-06,8.0,3.7600000000000002
1.256e-06,8.0,3.7600000000000002
1.258e-06,8.040000000000001,3.8000000000000003
1.2600000000000002e-06,8.0,3.8000000000000003
1.262e-06,7.96,3.8000000000000003
1.264e-06,8.040000000000001,3.8000000000000003
1.2659999999999998e-06,8.040000000000001,3.8000000000000003
1.268e-06,8.040000000000001,3.8000000000000003
1.2700000000000001e-06,8.040000000000001,3.84
1.2719999999999998e-06,8.040000000000001,3.88
1.274e-06,8.040000000000001,3.8000000000000003
1.2760000000000001e-06,8.040000000000001,3.8000000000000003
1.2779999999999999e-06,8.0,3.88
1.28e-06,8.08,3.84
1.2820000000000002e-06,8.040000000000001,3.84
1.284e-06,8.040000000000001,3.8000000000000003
1.286e-06,8.08,3.84
1.2880000000000002e-06,8.0,3.8000000000000003
1.29e-06,8.08,3.92
1.292e-06,8.120000000000001,3.84
1.2940000000000002e-06,8.08,3.84
1.296e-06,8.040000000000001,3.88
1.2980000000000001e-06,8.08,3.88
1.2999999999999998e-06,8.120000000000001,3.88
1.302e-06,8.120000000000001,3.84
1.3040000000000001e-06,8.08,3.88
1.3059999999999999e-06,8.08,3.96
1.308e-06,8.120000000000001,3.92
1.3100000000000002e-06,8.08,3.88
1.3119999999999999e-06,8.120000000000001,3.92
1.314e-06,8.16,3.88
1.3160000000000002e-06,8.16,3.96
1.3180000000000003e-06,8.16,3.92
1.3199999999999996e-06,8.08,3.92
1.3219999999999998e-06,8.120000000000001,3.92
1.324e-06,8.16,3.92
1.326e-06,8.16,3.92
1.3280000000000002e-06,8.16,3.92
1.3300000000000004e-06,8.16,3.92
1.3319999999999997e-06,8.16,3.96
1.3339999999999998e-06,8.16,4.0
1.336e-06,8.16,4.0
1.3380000000000001e-06,8.2,3.96
1.3400000000000003e-06,8.2,3.96
1.3420000000000004e-06,8.2,4.0
1.3439999999999998e-06,8.2,4.0
1.346e-06,8.24,4.08
1.348e-06,8.2,3.96
1.3500000000000002e-06,8.2,4.0
1.3520000000000004e-06,8.24,4.04
1.3539999999999997e-06,8.2,4.0
1.3559999999999998e-06,8.2,4.0
1.358e-06,8.24,4.04
1.3600000000000001e-06,8.24,4.0
1.3620000000000003e-06,8.24,4.0
1.3640000000000004e-06,8.24,4.04
1.3659999999999997e-06,8.24,4.04
1.3679999999999999e-06,8.24,4.04
1.37e-06,8.32,4.04
1.3720000000000002e-06,8.24,4.08
1.3740000000000003e-06,8.24,4.04
1.3759999999999996e-06,8.28,4.08
1.3779999999999998e-06,8.24,4.04
1.38e-06,8.28,4.08
1.382e-06,8.28,4.08
1.3840000000000002e-06,8.28,4.08
1.3860000000000004e-06,8.28,4.08
1.3879999999999997e-06,8.28,4.12
1.3899999999999998e-06,8.2,4.08
1.392e-06,8.120000000000001,4.12
1.3940000000000001e-06,7.76,4.12
1.3960000000000003e-06,7.36,4.08
1.3980000000000004e-06,7.0,4.08
1.3999999999999997e-06,6.72,4.08
1.4019999999999999e-06,6.640000000000001,4.08
1.404e-06,6.68,4.04
1.4060000000000002e-06,6.640000000000001,3.96
1.4080000000000003e-06,6.68,3.96
1.4099999999999996e-06,6.5600000000000005,3.88
1.4119999999999998e-06,6.48,3.8000000000000003
1.414e-06,6.36,3.7600000000000002
1.416e-06,6.28,3.68
1.4180000000000002e-06,6.2,3.64
1.4200000000000004e-06,6.16,3.6
1.4219999999999997e-06,6.12,3.52
1.4239999999999998e-06,6.04,3.56
1.426e-06,6.04,3.48
1.4280000000000001e-06,6.04,3.44
1.4300000000000003e-06,6.08,3.4
1.4320000000000004e-06,6.08,3.36
1.4339999999999997e-06,6.2,3.3200000000000003
1.4359999999999999e-06,6.12,3.3200000000000003
1.438e-06,6.16,3.3200000000000003
1.4400000000000002e-06,6.16,3.24
1.4420000000000003e-06,6.12,3.2
1.4439999999999996e-06,6.08,3.16
1.4459999999999998e-06,6.08,3.08
1.448e-06,6.08,3.08
1.45e-06,6.0,3.04
1.4520000000000002e-06,6.04,3.04
1.4540000000000004e-06,6.08,3.0
1.4559999999999997e-06,6.08,3.0
1.4579999999999998e-06,6.08,2.96
1.46e-06,6.16,3.0
1.4620000000000001e-06,6.16,2.96
1.4640000000000003e-06,6.16,2.88
1.4660000000000004e-06,6.12,2.92
1.4679999999999998e-06,6.16,2.88
1.47e-06,6.12,2.84
1.472e-06,6.12,2.8000000000000003
1.4740000000000002e-06,6.12,2.7600000000000002
1.4760000000000004e-06,6.08,2.7600000000000002
1.4779999999999997e-06,6.16,2.7600000000000002
1.4799999999999998e-06,6.12,2.68
1.482e-06,6.12,2.72
1.4840000000000001e-06,6.16,2.68
1.4860000000000003e-06,6.16,2.68
1.4880000000000004e-06,6.2,2.68
1.4899999999999997e-06,6.2,2.6
1.4919999999999999e-06,6.24,2.6
1.494e-06,6.16,2.64
1.4960000000000002e-06,6.12,2.64
1.4980000000000003e-06,6.16,2.56
1.5000000000000005e-06,6.12,2.56
1.5019999999999998e-06,6.16,2.52
1.504e-06,6.12,2.56
1.506e-06,6.2,2.56
1.5080000000000002e-06,6.2,2.52
1.5100000000000004e-06,6.24,2.56
1.5119999999999997e-06,6.28,2.52
1.5139999999999998e-06,6.28,2.52
1.516e-06,6.28,2.52
1.5180000000000001e-06,6.24,2.48
1.5200000000000003e-06,6.24,2.48
1.5220000000000004e-06,6.2,2.48
1.5239999999999997e-06,6.2,2.44
1.5259999999999999e-06,6.2,2.44
1.528e-06,6.24,2.44
1.5300000000000002e-06,6.24,2.44
1.5320000000000003e-06,6.24,2.44
1.5339999999999996e-06,6.28,2.44
1.5359999999999998e-06,6.28,2.44
1.538e-06,6.28,2.4
1.54e-06,6.32,2.4
1.5420000000000002e-06,6.28,2.4
1.5440000000000004e-06,6.28,2.4
1.5459999999999997e-06,6.28,2.4
1.5479999999999998e-06,6.28,2.4
1.55e-06,6.28,2.44
1.5520000000000001e-06,6.28,2.4
1.5540000000000003e-06,6.32,2.36
1.5560000000000004e-06,6.28,2.36
1.5579999999999997e-06,6.32,2.4
1.5599999999999999e-06,6.28,2.36
1.562e-06,6.36,2.4
1.5640000000000002e-06,6.4,2.36
1.5660000000000003e-06,6.36,2.36
1.5679999999999996e-06,6.36,2.36
1.5699999999999998e-06,6.32,2.36
1.572e-06,6.32,2.36
1.574e-06,6.36,2.36
1.5760000000000002e-06,6.32,2.36
1.5780000000000004e-06,6.36,2.32
1.5799999999999997e-06,6.32,2.2800000000000002
1.5819999999999998e-06,6.36,2.32
1.584e-06,6.36,2.36
1.5860000000000001e-06,6.36,2.36
1.5880000000000003e-06,6.36,2.36
1.5900000000000004e-06,6.44,2.36
1.5919999999999998e-06,6.4,2.32
1.594e-06,6.44,2.32
1.596e-06,6.44,2.36
1.5980000000000002e-06,6.36,2.4
1.6000000000000004e-06,6.4,2.36
1.6019999999999997e-06,6.44,2.36
1.6039999999999998e-06,6.4,2.36
1.606e-06,6.44,2.36
1.608e-06,6.4,2.36
1.6100000000000003e-06,6.4,2.4
1.6120000000000004e-06,6.48,2.36
1.6139999999999997e-06,6.48,2.32
1.6159999999999999e-06,6.48,2.36
1.618e-06,6.48,2.32
1.6200000000000002e-06,6.48,2.32
1.6220000000000003e-06,6.5200000000000005,2.36
1.6240000000000005e-06,6.5200000000000005,2.36
1.6259999999999998e-06,6.48,2.36
1.628e-06,6.48,2.36
1.63e-06,6.44,2.36
1.6320000000000002e-06,6.5200000000000005,2.4
1.6340000000000004e-06,6.44,2.4
1.6359999999999997e-06,6.44,2.36
1.6379999999999998e-06,6.48,2.36
1.64e-06,6.48,2.36
1.6420000000000001e-06,6.5200000000000005,2.36
1.6440000000000003e-06,6.5200000000000005,2.4
1.6460000000000004e-06,6.5200000000000005,2.44
1.6479999999999997e-06,6.5600000000000005,2.4
1.6499999999999999e-06,6.5200000000000005,2.44
1.652e-06,6.5600000000000005,2.4
1.6540000000000002e-06,6.5600000000000005,2.4
1.6560000000000003e-06,6.5600000000000005,2.36
1.6580000000000005e-06,6.5200000000000005,2.36
1.6599999999999998e-06,6.5600000000000005,2.4
1.662e-06,6.5600000000000005,2.36
1.664e-06,6.5600000000000005,2.4
1.6660000000000002e-06,6.6000000000000005,2.44
1.6680000000000004e-06,6.640000000000001,2.4
1.6699999999999997e-06,6.6000000000000005,2.44
1.6719999999999998e-06,6.640000000000001,2.44
1.674e-06,6.6000000000000005,2.48
1.6760000000000001e-06,6.640000000000001,2.44
1.6780000000000003e-06,6.6000000000000005,2.44
1.6800000000000004e-06,6.6000000000000005,2.44
1.6819999999999997e-06,6.6000000000000005,2.44
1.6839999999999999e-06,6.5600000000000005,2.44
1.686e-06,6.6000000000000005,2.48
1.6880000000000002e-06,6.6000000000000005,2.44
1.6900000000000003e-06,6.640000000000001,2.44
1.6919999999999996e-06,6.640000000000001,2.44
1.6939999999999998e-06,6.640000000000001,2.48
1.696e-06,6.68,2.52
1.698e-06,6.68,2.48
1.7000000000000002e-06,6.68,2.44
1.7020000000000004e-06,6.68,2.52
1.7039999999999997e-06,6.68,2.48
1.7059999999999998e-06,6.68,2.48
1.708e-06,6.68,2.52
1.7100000000000001e-06,6.68,2.48
1.7120000000000003e-06,6.72,2.52
1.7140000000000004e-06,6.68,2.48
1.7159999999999997e-06,6.68,2.56
1.718e-06,6.72,2.52
1.72e-06,6.72,2.52
1.7220000000000002e-06,6.72,2.52
1.7240000000000003e-06,6.72,2.48
1.7259999999999997e-06,6.640000000000001,2.56
1.7279999999999998e-06,6.8,2.56
1.73e-06,6.76,2.52
1.732e-06,6.72,2.52
1.7340000000000003e-06,6.68,2.56
1.7360000000000004e-06,6.68,2.56
1.7379999999999997e-06,6.72,2.52
1.7399999999999999e-06,6.76,2.6
1.742e-06,6.76,2.56
1.7440000000000002e-06,6.76,2.56
1.7460000000000003e-06,6.8,2.52
1.7480000000000005e-06,6.8,2.6
1.7499999999999998e-06,6.76,2.56
1.752e-06,6.8,2.6
1.754e-06,6.8,2.6
1.7560000000000002e-06,6.76,2.56
1.7580000000000004e-06,6.8,2.6
1.7599999999999997e-06,6.84,2.56
1.7619999999999998e-06,6.76,2.6
1.764e-06,6.84,2.64
1.7660000000000001e-06,6.84,2.6
1.7680000000000003e-06,6.8,2.64
1.7700000000000004e-06,6.84,2.6
1.7719999999999997e-06,6.84,2.64
1.7739999999999999e-06,6.84,2.64
1.776e-06,6.84,2.6
1.7780000000000002e-06,6.88,2.64
1.7800000000000003e-06,6.88,2.64
1.7820000000000005e-06,6.88,2.64
1.7839999999999998e-06,6.84,2.6
1.786e-06,6.88,2.64
1.788e-06,6.84,2.72
1.7900000000000002e-06,6.88,2.68
1.7920000000000004e-06,6.92,2.68
1.7939999999999997e-06,6.92,2.68
1.7959999999999998e-06,6.84,2.68
1.798e-06,6.84,2.68
1.8000000000000001e-06,6.92,2.68
1.8020000000000003e-06,6.92,2.72
1.8040000000000004e-06,6.96,2.72
1.8059999999999997e-06,6.92,2.72
1.8079999999999999e-06,6.92,2.72
1.81e-06,6.92,2.68
1.8120000000000002e-06,6.96,2.72
1.8140000000000003e-06,6.96,2.72
1.8160000000000005e-06,7.0,2.72
1.8179999999999998e-06,6.96,2.72
1.82e-06,6.96,2.72
1.822e-06,6.96,2.7600000000000002
1.8240000000000002e-06,6.96,2.72
1.8260000000000004e-06,7.0,2.72
1.8279999999999997e-06,6.92,2.7600000000000002
1.8299999999999998e-06,6.96,2.8000000000000003
1.832e-06,6.96,2.7600000000000002
1.8340000000000001e-06,6.96,2.7600000000000002
1.8360000000000003e-06,7.04,2.7600000000000002
1.8380000000000004e-06,7.0,2.7600000000000002
1.8399999999999997e-06,7.0,2.7600000000000002
1.842e-06,7.0,2.8000000000000003
1.844e-06,7.0,2.8000000000000003
1.8460000000000002e-06,6.96,2.8000000000000003
1.8480000000000003e-06,7.0,2.84
1.8499999999999997e-06,7.04,2.8000000000000003
1.8519999999999998e-06,7.04,2.8000000000000003
1.854e-06,7.04,2.8000000000000003
1.856e-06,7.08,2.7600000000000002
1.8580000000000003e-06,7.08,2.8000000000000003
1.8600000000000004e-06,7.04,2.8000000000000003
1.8619999999999997e-06,7.04,2.8000000000000003
1.8639999999999999e-06,7.08,2.84
1.866e-06,7.08,2.8000000000000003
1.8680000000000002e-06,7.12,2.84
1.8700000000000003e-06,7.12,2.84
1.8720000000000005e-06,7.04,2.84
1.8739999999999998e-06,7.12,2.84
1.876e-06,7.08,2.84
1.878e-06,7.04,2.88
1.8800000000000002e-06,7.12,2.88
1.8820000000000004e-06,7.08,2.92
1.8839999999999997e-06,7.12,2.92
1.8859999999999998e-06,7.08,2.88
1.888e-06,7.16,2.88
1.8900000000000001e-06,7.12,2.88
1.8920000000000003e-06,7.12,2.92
1.8940000000000004e-06,7.16,2.88
1.8959999999999997e-06,7.16,2.88
1.8979999999999999e-06,7.16,2.84
1.9e-06,7.12,2.92
1.9020000000000002e-06,7.12,2.92
1.9040000000000003e-06,7.12,2.92
1.9060000000000005e-06,7.16,2.92
1.9079999999999998e-06,7.16,2.92
1.91e-06,7.2,2.96
1.912e-06,7.2,2.96
1.9140000000000002e-06,7.16,2.96
1.9160000000000004e-06,7.2,2.92
1.9179999999999997e-06,7.16,2.96
1.92e-06,7.2,3.0
1.922e-06,7.24,3.0
1.924e-06,7.16,2.96
1.9260000000000003e-06,7.24,2.96
1.9280000000000004e-06,7.24,2.96
1.9299999999999997e-06,7.24,3.0
1.932e-06,7.2,3.0
1.934e-06,7.2,3.0
1.936e-06,7.24,3.0
1.9380000000000003e-06,7.2,3.04
1.9400000000000005e-06,7.24,3.0
1.9419999999999998e-06,7.24,3.04
1.944e-06,7.32,3.04
1.946e-06,7.28,3.04
1.9480000000000002e-06,7.28,3.0
1.9500000000000004e-06,7.32,3.0
1.9519999999999997e-06,7.28,3.04
1.954e-06,7.28,3.08
1.956e-06,7.24,3.04
1.958e-06,7.28,3.08
1.9600000000000003e-06,7.28,3.04
1.9620000000000004e-06,7.32,3.08
1.9639999999999997e-06,7.28,3.04
1.966e-06,7.32,3.08
1.968e-06,7.28,3.12
1.97e-06,7.32,3.08
1.9720000000000003e-06,7.36,3.16
1.9740000000000005e-06,7.32,3.12
1.976e-06,7.28,3.12
1.978e-06,7.28,3.12
1.98e-06,7.32,3.12
1.9820000000000003e-06,7.36,3.12
1.9840000000000004e-06,7.32,3.12
1.9859999999999997e-06,7.4,3.16
1.988e-06,7.32,3.16
1.99e-06,7.36,3.12
1.992e-06,7.4,3.16
1.9940000000000003e-06,7.36,3.16
1.9960000000000005e-06,7.36,3.2
1.9979999999999998e-06,7.36,3.12
2e-06,7.36,3.16
2.002e-06,7.4,3.16
2.004e-06,7.4,3.2
2.0060000000000004e-06,7.44,3.16
2.0079999999999997e-06,7.44,3.2
2.01e-06,7.44,3.16
2.012e-06,7.44,3.2
2.014e-06,7.44,3.16
2.0160000000000003e-06,7.44,3.24
2.0180000000000004e-06,7.44,3.24
2.0199999999999997e-06,7.4,3.24
2.022e-06,7.44,3.16
2.024e-06,7.44,3.24
2.026e-06,7.4,3.2
2.0280000000000003e-06,7.48,3.24
2.0300000000000005e-06,7.44,3.24
2.0319999999999998e-06,7.44,3.24
2.034e-06,7.48,3.2
2.036e-06,7.44,3.24
2.0380000000000002e-06,7.44,3.2
2.0400000000000004e-06,7.44,3.24
2.0419999999999997e-06,7.48,3.24
2.044e-06,7.4,3.3200000000000003
2.046e-06,7.48,3.2800000000000002
2.048e-06,7.5200000000000005,3.2800000000000002
2.0500000000000003e-06,7.48,3.2800000000000002
2.0520000000000004e-06,7.5200000000000005,3.2800000000000002
2.0539999999999997e-06,7.5200000000000005,3.3200000000000003
2.056e-06,7.5200000000000005,3.3200000000000003
2.058e-06,7.5600000000000005,3.3200000000000003
2.06e-06,7.6000000000000005,3.2800000000000002
2.0620000000000003e-06,7.5600000000000005,3.3200000000000003
2.0640000000000005e-06,7.5600000000000005,3.3200000000000003
2.0659999999999998e-06,7.5200000000000005,3.2800000000000002
2.068e-06,7.5600000000000005,3.2800000000000002
2.07e-06,7.5200000000000005,3.3200000000000003
2.0720000000000002e-06,7.5600000000000005,3.3200000000000003
2.0740000000000004e-06,7.5200000000000005,3.36
2.0759999999999997e-06,7.5200000000000005,3.36
2.078e-06,7.5600000000000005,3.36
2.08e-06,7.5200000000000005,3.3200000000000003
2.082e-06,7.5600000000000005,3.36
2.0840000000000003e-06,7.6000000000000005,3.36
2.0860000000000004e-06,7.6000000000000005,3.36
2.0879999999999997e-06,7.6000000000000005,3.36
2.09e-06,7.6000000000000005,3.4
2.092e-06,7.6000000000000005,3.4
2.094e-06,7.5600000000000005,3.36
2.0960000000000003e-06,7.640000000000001,3.36
2.0980000000000005e-06,7.6000000000000005,3.36
2.1e-06,7.6000000000000005,3.44
2.102e-06,7.5600000000000005,3.44
2.104e-06,7.640000000000001,3.4
2.1060000000000002e-06,7.640000000000001,3.4
2.1080000000000004e-06,7.640000000000001,3.4
2.1099999999999997e-06,7.640000000000001,3.4
2.112e-06,7.6000000000000005,3.48
2.114e-06,7.68,3.48
2.116e-06,7.640000000000001,3.4
2.1180000000000003e-06,7.640000000000001,3.44
2.1200000000000005e-06,7.68,3.44
2.1219999999999998e-06,7.68,3.48
2.124e-06,7.68,3.44
2.126e-06,7.68,3.48
2.128e-06,7.68,3.48
2.1300000000000004e-06,7.640000000000001,3.48
2.1319999999999997e-06,7.68,3.52
2.134e-06,7.68,3.48
2.136e-06,7.68,3.44
2.138e-06,7.76,3.44
2.1400000000000003e-06,7.68,3.44
2.1420000000000004e-06,7.68,3.48
2.1439999999999997e-06,7.68,3.52
2.146e-06,7.68,3.52
2.148e-06,7.8,3.48
2.15e-06,7.76,3.52
2.1520000000000003e-06,7.76,3.52
2.1540000000000005e-06,7.72,3.52
2.1559999999999998e-06,7.76,3.56
2.158e-06,7.8,3.52
2.16e-06,7.8,3.56
2.1620000000000002e-06,7.76,3.56
2.1640000000000004e-06,7.76,3.52
2.1659999999999997e-06,7.72,3.52
2.168e-06,7.76,3.56
2.17e-06,7.76,3.6
2.172e-06,7.76,3.52
2.1740000000000003e-06,7.76,3.56
2.1760000000000004e-06,7.8,3.56
2.1779999999999997e-06,7.8,3.56
2.18e-06,7.84,3.56
2.182e-06,7.76,3.6
2.184e-06,7.84,3.6
2.1860000000000003e-06,7.84,3.68
2.1880000000000005e-06,7.84,3.56
2.1899999999999998e-06,7.8,3.6
2.192e-06,7.8,3.64
2.194e-06,7.84,3.64
2.1960000000000002e-06,7.84,3.64
2.1980000000000004e-06,7.8,3.64
2.1999999999999997e-06,7.84,3.68
2.202e-06,7.84,3.64
2.204e-06,7.88,3.64
2.206e-06,7.92,3.64
2.2080000000000003e-06,7.88,3.64
2.2100000000000004e-06,7.92,3.64
2.2119999999999997e-06,7.92,3.68
2.214e-06,7.92,3.68
2.216e-06,7.88,3.68
2.218e-06,7.88,3.68
2.2200000000000003e-06,7.84,3.68
2.2220000000000005e-06,7.92,3.68
2.224e-06,7.88,3.72
2.226e-06,7.92,3.68
2.228e-06,7.92,3.72
2.2300000000000002e-06,7.88,3.72
2.2320000000000004e-06,7.92,3.72
2.2339999999999997e-06,7.88,3.72
2.236e-06,7.96,3.72
2.238e-06,7.92,3.68
2.24e-06,7.92,3.72
2.2420000000000003e-06,7.92,3.72
2.2440000000000005e-06,7.96,3.7600000000000002
2.2459999999999998e-06,7.96,3.7600000000000002
2.248e-06,7.96,3.7600000000000002
2.25e-06,8.0,3.7600000000000002
2.252e-06,7.96,3.7600000000000002
2.2540000000000004e-06,8.0,3.7600000000000002
2.2560000000000005e-06,8.0,3.7600000000000002
2.258e-06,8.0,3.7600000000000002
2.26e-06,8.0,3.8000000000000003
2.262e-06,8.040000000000001,3.8000000000000003
2.2640000000000003e-06,8.0,3.72
2.2660000000000004e-06,8.040000000000001,3.84
2.2679999999999997e-06,8.0,3.8000000000000003
2.27e-06,8.08,3.8000000000000003
2.272e-06,7.96,3.8000000000000003
2.274e-06,7.96,3.8000000000000003
2.2760000000000003e-06,8.0,3.84
2.2780000000000005e-06,8.0,3.8000000000000003
2.2799999999999998e-06,8.040000000000001,3.84
2.282e-06,8.040000000000001,3.8000000000000003
2.284e-06,8.08,3.8000000000000003
2.2860000000000002e-06,8.040000000000001,3.84
2.2880000000000004e-06,8.040000000000001,3.88
2.2899999999999997e-06,8.040000000000001,3.88
2.292e-06,8.08,3.84
2.294e-06,8.08,3.8000000000000003
2.296e-06,8.040000000000001,3.88
2.2980000000000003e-06,8.040000000000001,3.88
2.3000000000000004e-06,8.120000000000001,3.88
2.3019999999999997e-06,8.120000000000001,3.88
2.304e-06,8.120000000000001,3.92
2.306e-06,8.08,3.92
2.308e-06,8.120000000000001,3.88
2.3100000000000003e-06,8.040000000000001,3.88
2.3120000000000005e-06,8.16,3.88
2.3139999999999998e-06,8.08,3.88
2.316e-06,8.16,3.92
2.318e-06,8.16,3.92
2.3200000000000002e-06,8.120000000000001,3.96
2.3220000000000004e-06,8.16,3.92
2.3239999999999997e-06,8.120000000000001,3.92
2.326e-06,8.16,3.96
2.328e-06,8.120000000000001,3.96
2.33e-06,8.16,3.92
2.3320000000000003e-06,8.120000000000001,3.92
2.3340000000000004e-06,8.2,4.0
2.3359999999999997e-06,8.16,4.0
2.338e-06,8.2,3.92
2.34e-06,8.2,4.0
2.342e-06,8.24,4.04
2.3440000000000003e-06,8.2,4.0
2.3460000000000005e-06,8.2,3.96
2.348e-06,8.16,4.0
2.35e-06,8.24,3.96
2.352e-06,8.2,3.96
2.3540000000000002e-06,8.2,4.0
2.3560000000000004e-06,8.24,4.0
2.3579999999999997e-06,8.24,4.0
2.36e-06,8.28,4.0
2.362e-06,8.2,4.04
2.364e-06,8.2,4.04
2.3660000000000003e-06,8.24,4.08
2.3680000000000005e-06,8.2,4.04
2.3699999999999998e-06,8.24,4.04
2.372e-06,8.28,4.04
2.374e-06,8.28,4.04
2.376e-06,8.28,4.08
2.3780000000000004e-06,8.24,4.04
2.3800000000000005e-06,8.24,4.08
2.382e-06,8.32,4.08
2.384e-06,8.28,4.08
2.386e-06,8.36,4.12
2.3880000000000003e-06,8.32,4.08
2.3900000000000004e-06,8.2,4.04
2.3919999999999997e-06,8.040000000000001,4.04
2.394e-06,7.76,4.04
2.396e-06,7.36,4.08
2.398e-06,7.08,4.08
2.4000000000000003e-06,6.8,4.08
2.4020000000000005e-06,6.68,4.12
2.4039999999999998e-06,6.68,4.04
2.406e-06,6.68,4.04
2.408e-06,6.72,3.92
2.4100000000000002e-06,6.640000000000001,3.92
2.4120000000000004e-06,6.48,3.84
2.4140000000000005e-06,6.36,3.7600000000000002
2.416e-06,6.28,3.72
2.418e-06,6.2,3.6
2.42e-06,6.2,3.64
2.4220000000000003e-06,6.04,3.56
2.4240000000000004e-06,6.12,3.56
2.4259999999999997e-06,6.04,3.52
2.428e-06,6.04,3.44
2.43e-06,6.08,3.36
2.432e-06,6.08,3.36
2.4340000000000003e-06,6.12,3.3200000000000003
2.4360000000000005e-06,6.16,3.3200000000000003
2.4379999999999998e-06,6.16,3.24
2.44e-06,6.12,3.2800000000000002
2.442e-06,6.08,3.2
2.4440000000000002e-06,6.08,3.2
2.4460000000000004e-06,6.12,3.12
2.4479999999999997e-06,6.08,3.08
2.45e-06,6.0,3.08
2.452e-06,6.04,3.0
2.454e-06,6.08,3.04
2.4560000000000003e-06,6.08,3.0
2.4580000000000004e-06,6.16,2.96
2.4599999999999997e-06,6.12,3.0
2.462e-06,6.12,2.96
2.464e-06,6.16,2.96
2.466e-06,6.08,2.88
2.4680000000000003e-06,6.16,2.84
2.4700000000000005e-06,6.12,2.8000000000000003
2.472e-06,6.08,2.8000000000000003
2.474e-06,6.12,2.72
2.476e-06,6.12,2.72
2.4780000000000002e-06,6.16,2.72
2.4800000000000004e-06,6.2,2.68
2.4819999999999997e-06,6.16,2.68
2.484e-06,6.16,2.64
2.486e-06,6.12,2.72
2.488e-06,6.2,2.64
2.4900000000000003e-06,6.24,2.64
2.4920000000000005e-06,6.2,2.64
2.4939999999999998e-06,6.16,2.64
2.496e-06,6.16,2.6
2.498e-06,6.12,2.6
