t,V_R
-0.0025,4.4
-0.0024980000000000002,4.4
-0.002496,4.0
-0.002494,4.4
-0.002492,4.0
-0.00249,4.0
-0.002488,4.0
-0.002486,4.0
-0.002484,4.0
-0.0024820000000000003,4.0
-0.00248,4.0
-0.002478,4.0
-0.002476,4.0
-0.002474,4.0
-0.0024720000000000002,4.0
-0.00247,3.6
-0.002468,4.0
-0.002466,3.6
-0.002464,3.6
-0.002462,3.6
-0.00246,3.6
-0.002458,3.6
-0.002456,3.6
-0.002454,3.6
-0.002452,3.6
-0.00245,3.6
-0.002448,3.2
-0.0024460000000000003,3.6
-0.002444,3.2
-0.002442,3.6
-0.00244,3.2
-0.002438,3.2
-0.0024360000000000002,2.8000000000000003
-0.002434,3.2
-0.002432,3.2
-0.00243,3.2
-0.002428,2.8000000000000003
-0.002426,2.8000000000000003
-0.002424,3.2
-0.002422,2.8000000000000003
-0.0024200000000000003,3.2
-0.002418,2.8000000000000003
-0.002416,2.8000000000000003
-0.002414,2.8000000000000003
-0.002412,2.8000000000000003
-0.0024100000000000002,2.8000000000000003
-0.002408,2.8000000000000003
-0.002406,2.8000000000000003
-0.002404,2.8000000000000003
-0.002402,2.4000000000000004
-0.0024000000000000002,2.4000000000000004
-0.002398,2.4000000000000004
-0.002396,2.8000000000000003
-0.002394,2.8000000000000003
-0.002392,2.4000000000000004
-0.00239,2.8000000000000003
-0.002388,2.4000000000000004
-0.002386,2.8000000000000003
-0.002384,2.4000000000000004
-0.002382,2.4000000000000004
-0.00238,2.4000000000000004
-0.002378,2.4000000000000004
-0.002376,2.4000000000000004
-0.0023740000000000002,2.4000000000000004
-0.002372,2.4000000000000004
-0.00237,2.4000000000000004
-0.002368,2.4000000000000004
-0.002366,2.4000000000000004
-0.002364,2.4000000000000004
-0.002362,2.4000000000000004
-0.00236,2.0
-0.002358,2.4000000000000004
-0.002356,2.4000000000000004
-0.002354,2.4000000000000004
-0.002352,2.4000000000000004
-0.00235,2.0
-0.0023480000000000003,2.0
-0.002346,2.4000000000000004
-0.002344,2.4000000000000004
-0.002342,2.0
-0.00234,2.0
-0.0023380000000000002,2.0
-0.002336,2.0
-0.002334,2.0
-0.002332,2.0
-0.00233,2.0
-0.002328,2.0
-0.002326,2.0
-0.002324,2.0
-0.0023220000000000003,2.0
-0.00232,2.0
-0.002318,2.0
-0.002316,2.0
-0.002314,-26.8
-0.0023120000000000003,-26.400000000000002
-0.00231,-26.400000000000002
-0.002308,-26.0
-0.002306,-26.0
-0.002304,-25.6
-0.0023020000000000002,-25.6
-0.0023,-25.200000000000003
-0.002298,-25.200000000000003
-0.002296,-24.8
-0.002294,-24.400000000000002
-0.002292,-24.400000000000002
-0.00229,-24.0
-0.002288,-24.0
-0.002286,-23.6
-0.002284,-23.6
-0.002282,-23.200000000000003
-0.00228,-23.200000000000003
-0.002278,-22.8
-0.0022760000000000002,-22.8
-0.002274,-22.400000000000002
-0.002272,-22.400000000000002
-0.00227,-22.0
-0.002268,-22.0
-0.0022660000000000002,-22.0
-0.002264,-21.6
-0.002262,-21.200000000000003
-0.00226,-21.200000000000003
-0.002258,-20.8
-0.002256,-20.8
-0.002254,-20.8
-0.002252,-20.400000000000002
-0.0022500000000000003,-20.0
-0.002248,-20.400000000000002
-0.002246,-20.0
-0.002244,-19.6
-0.002242,-19.6
-0.0022400000000000002,-19.200000000000003
-0.002238,-19.200000000000003
-0.002236,-19.200000000000003
-0.002234,-18.8
-0.002232,-18.400000000000002
-0.00223,-18.400000000000002
-0.002228,-18.400000000000002
-0.002226,-18.400000000000002
-0.0022240000000000003,-18.0
-0.002222,-18.0
-0.00222,-18.0
-0.002218,-17.6
-0.002216,-17.6
-0.002214,-17.6
-0.002212,-17.2
-0.00221,-17.2
-0.002208,-16.8
-0.002206,-16.8
-0.0022040000000000002,-16.8
-0.002202,-16.400000000000002
-0.0022,-16.400000000000002
-0.0021980000000000003,-16.400000000000002
-0.002196,-16.0
-0.002194,-16.0
-0.002192,-16.0
-0.00219,-15.600000000000001
-0.002188,-15.600000000000001
-0.002186,-15.200000000000001
-0.002184,-15.200000000000001
-0.002182,-14.8
-0.00218,-14.8
-0.0021780000000000002,-14.8
-0.002176,-14.8
-0.002174,-14.4
-0.002172,-14.4
-0.00217,-14.0
-0.0021680000000000002,-14.0
-0.002166,-14.0
-0.002164,-14.0
-0.002162,-14.0
-0.00216,-13.600000000000001
-0.002158,-13.600000000000001
-0.002156,-13.200000000000001
-0.002154,-13.200000000000001
-0.0021520000000000003,-13.200000000000001
-0.00215,-13.200000000000001
-0.002148,-13.200000000000001
-0.002146,-12.8
-0.002144,-12.8
-0.0021420000000000002,-12.4
-0.00214,-12.4
-0.002138,-12.4
-0.002136,-12.4
-0.002134,-12.4
-0.002132,-12.0
-0.00213,-11.600000000000001
-0.002128,-11.600000000000001
-0.0021260000000000003,-11.600000000000001
-0.002124,-11.600000000000001
-0.002122,-11.600000000000001
-0.00212,-11.200000000000001
-0.002118,-11.200000000000001
-0.002116,-11.200000000000001
-0.002114,-10.8
-0.002112,-10.8
-0.00211,-10.8
-0.002108,-10.8
-0.0021060000000000002,-10.8
-0.002104,-10.4
-0.002102,-10.4
-0.0021000000000000003,-10.4
-0.002098,-10.4
-0.002096,-10.0
-0.002094,-10.0
-0.002092,-10.0
-0.00209,-10.0
-0.002088,-10.0
-0.002086,-9.600000000000001
-0.002084,-9.600000000000001
-0.002082,-9.600000000000001
-0.0020800000000000003,-9.200000000000001
-0.002078,-9.200000000000001
-0.002076,-9.200000000000001
-0.002074,-8.8
-0.002072,-8.8
-0.0020700000000000002,-9.200000000000001
-0.002068,-8.8
-0.002066,-8.8
-0.002064,-8.8
-0.002062,-8.8
-0.00206,-8.4
-0.002058,-8.4
-0.002056,-8.4
-0.0020540000000000003,-8.0
-0.002052,-8.0
-0.00205,-8.0
-0.002048,-8.0
-0.002046,-8.0
-0.0020440000000000002,-7.6000000000000005
-0.002042,-7.6000000000000005
-0.00204,-7.6000000000000005
-0.002038,-7.6000000000000005
-0.002036,-7.6000000000000005
-0.0020340000000000002,-7.6000000000000005
-0.002032,-7.2
-0.00203,-7.2
-0.0020280000000000003,-7.2
-0.002026,-7.6000000000000005
-0.002024,-7.2
-0.002022,-7.2
-0.00202,-6.800000000000001
-0.0020180000000000003,-6.800000000000001
-0.002016,-6.800000000000001
-0.002014,-6.800000000000001
-0.002012,-6.800000000000001
-0.00201,-6.800000000000001
-0.0020080000000000002,-6.4
-0.002006,-6.800000000000001
-0.002004,-6.4
-0.0020020000000000003,-6.4
-0.002,-6.4
-0.001998,-6.4
-0.001996,-6.0
-0.001994,-6.4
-0.001992,-6.4
-0.00199,-6.0
-0.001988,-6.0
-0.001986,-6.0
-0.001984,-5.6000000000000005
-0.0019820000000000003,-6.0
-0.00198,-6.0
-0.001978,-6.0
-0.0019760000000000003,-5.6000000000000005
-0.001974,-6.0
-0.0019720000000000002,-5.6000000000000005
-0.00197,-5.6000000000000005
-0.001968,-5.2
-0.001966,-5.6000000000000005
-0.001964,-5.6000000000000005
-0.001962,-5.6000000000000005
-0.00196,-5.6000000000000005
-0.001958,-5.2
-0.0019560000000000003,-5.2
-0.001954,-5.2
-0.0019520000000000002,-5.2
-0.0019500000000000001,-5.2
-0.001948,-5.2
-0.001946,-4.800000000000001
-0.001944,-4.800000000000001
-0.0019420000000000001,-4.800000000000001
-0.00194,-4.800000000000001
-0.001938,-4.800000000000001
-0.0019360000000000002,-4.800000000000001
-0.001934,-4.800000000000001
-0.0019320000000000001,-4.4
-0.00193,-4.800000000000001
-0.001928,-4.4
-0.0019260000000000002,-4.4
-0.001924,-4.4
-0.001922,-4.4
-0.00192,-4.4
-0.001918,-4.0
-0.0019160000000000002,24.8
-0.0019140000000000001,24.400000000000002
-0.001912,24.400000000000002
-0.0019100000000000002,24.0
-0.001908,24.0
-0.0019060000000000001,24.0
-0.001904,23.6
-0.001902,23.6
-0.0019000000000000002,23.200000000000003
-0.001898,23.200000000000003
-0.0018960000000000001,22.8
-0.001894,22.8
-0.001892,22.8
-0.0018900000000000002,22.400000000000002
-0.001888,22.400000000000002
-0.001886,22.0
-0.001884,22.0
-0.001882,21.6
-0.0018800000000000002,21.6
-0.0018780000000000001,21.6
-0.001876,21.200000000000003
-0.0018740000000000002,21.200000000000003
-0.001872,20.8
-0.0018700000000000001,20.400000000000002
-0.001868,20.400000000000002
-0.001866,20.400000000000002
-0.0018640000000000002,20.0
-0.001862,20.0
-0.00186,20.0
-0.001858,20.0
-0.001856,19.200000000000003
-0.0018540000000000002,19.200000000000003
-0.0018520000000000001,19.200000000000003
-0.00185,18.8
-0.001848,18.8
-0.001846,18.8
-0.0018440000000000002,18.400000000000002
-0.001842,18.400000000000002
-0.00184,18.400000000000002
-0.0018380000000000002,18.0
-0.001836,18.0
-0.0018340000000000001,18.0
-0.001832,17.6
-0.00183,17.2
-0.0018280000000000002,17.6
-0.001826,17.2
-0.001824,17.2
-0.001822,16.8
-0.00182,16.8
-0.0018180000000000002,16.8
-0.0018160000000000001,16.400000000000002
-0.001814,16.400000000000002
-0.0018120000000000002,16.0
-0.00181,16.0
-0.0018080000000000001,16.0
-0.001806,16.0
-0.001804,15.600000000000001
-0.0018020000000000002,15.600000000000001
-0.0018,15.600000000000001
-0.0017980000000000001,15.200000000000001
-0.001796,15.200000000000001
-0.001794,14.8
-0.0017920000000000002,14.8
-0.00179,14.8
-0.001788,14.4
-0.001786,14.4
-0.001784,14.4
-0.0017820000000000002,14.4
-0.0017800000000000001,14.0
-0.001778,14.0
-0.0017760000000000002,14.0
-0.001774,13.600000000000001
-0.0017720000000000001,13.600000000000001
-0.00177,13.600000000000001
-0.001768,13.200000000000001
-0.0017660000000000002,13.200000000000001
-0.001764,13.200000000000001
-0.0017620000000000001,13.200000000000001
-0.00176,13.200000000000001
-0.001758,12.8
-0.0017560000000000002,12.8
-0.0017540000000000001,12.4
-0.001752,12.4
-0.00175,12.4
-0.001748,12.0
-0.0017460000000000002,12.0
-0.001744,12.0
-0.001742,12.0
-0.0017400000000000002,11.600000000000001
-0.001738,11.600000000000001
-0.0017360000000000001,11.600000000000001
-0.001734,11.200000000000001
-0.001732,11.200000000000001
-0.0017300000000000002,11.200000000000001
-0.001728,11.200000000000001
-0.001726,10.8
-0.001724,10.8
-0.001722,10.8
-0.0017200000000000002,10.8
-0.0017180000000000001,10.4
-0.001716,10.4
-0.0017140000000000002,10.4
-0.001712,10.0
-0.0017100000000000001,10.0
-0.001708,10.0
-0.001706,10.0
-0.0017040000000000002,10.0
-0.001702,9.600000000000001
-0.0017000000000000001,9.600000000000001
-0.001698,9.600000000000001
-0.001696,9.600000000000001
-0.0016940000000000002,9.600000000000001
-0.001692,9.200000000000001
-0.00169,9.200000000000001
-0.001688,9.200000000000001
-0.001686,8.8
-0.0016840000000000002,8.8
-0.0016820000000000001,8.8
-0.00168,8.8
-0.0016780000000000002,8.8
-0.001676,8.8
-0.0016740000000000001,8.4
-0.001672,8.4
-0.00167,8.4
-0.0016680000000000002,8.0
-0.001666,8.0
-0.0016640000000000001,8.0
-0.001662,8.0
-0.00166,8.0
-0.0016580000000000002,8.0
-0.0016560000000000001,8.0
-0.001654,7.6000000000000005
-0.001652,7.6000000000000005
-0.00165,7.2
-0.0016480000000000002,7.6000000000000005
-0.0016460000000000001,7.2
-0.001644,7.2
-0.0016420000000000002,7.2
-0.00164,7.2
-0.0016380000000000001,7.2
-0.001636,6.800000000000001
-0.001634,6.800000000000001
-0.0016320000000000002,6.800000000000001
-0.00163,6.800000000000001
-0.001628,6.800000000000001
-0.001626,6.800000000000001
-0.001624,6.800000000000001
-0.0016220000000000002,6.4
-0.0016200000000000001,6.4
-0.001618,6.4
-0.0016160000000000002,6.4
-0.001614,6.4
-0.0016120000000000002,6.4
-0.00161,6.0
-0.001608,6.0
-0.0016060000000000002,6.0
-0.001604,6.0
-0.0016020000000000001,6.0
-0.0016,5.6000000000000005
-0.001598,5.6000000000000005
-0.0015960000000000002,5.6000000000000005
-0.001594,5.6000000000000005
-0.001592,5.6000000000000005
-0.00159,5.6000000000000005
-0.001588,5.2
-0.0015860000000000002,5.2
-0.0015840000000000001,5.2
-0.001582,5.6000000000000005
-0.0015800000000000002,5.2
-0.001578,5.2
-0.0015760000000000001,5.2
-0.001574,5.2
-0.001572,5.2
-0.0015700000000000002,5.2
-0.001568,5.2
-0.0015660000000000001,4.800000000000001
-0.001564,4.800000000000001
-0.001562,4.800000000000001
-0.0015600000000000002,4.800000000000001
-0.0015580000000000001,4.800000000000001
-0.001556,4.800000000000001
-0.001554,4.4
-0.001552,4.4
-0.0015500000000000002,4.4
-0.0015480000000000001,4.800000000000001
-0.001546,4.4
-0.0015440000000000002,4.4
-0.001542,4.4
-0.0015400000000000001,4.4
-0.001538,4.4
-0.001536,4.0
-0.0015340000000000002,4.4
-0.001532,4.4
-0.0015300000000000001,4.4
-0.001528,4.0
-0.001526,4.0
-0.0015240000000000002,4.0
-0.0015220000000000001,4.0
-0.00152,4.0
-0.001518,4.0
-0.0015160000000000002,3.6
-0.0015140000000000002,3.6
-0.001512,3.6
-0.00151,3.6
-0.001508,3.6
-0.0015060000000000002,3.6
-0.0015040000000000001,3.6
-0.001502,3.6
-0.0015,3.6
-0.0014980000000000002,3.6
-0.0014960000000000002,3.2
-0.001494,3.2
-0.001492,3.2
-0.00149,3.2
-0.0014880000000000002,3.6
-0.0014860000000000001,3.2
-0.001484,3.2
-0.001482,3.2
-0.0014800000000000002,3.2
-0.0014780000000000001,3.2
-0.001476,3.2
-0.001474,2.8000000000000003
-0.001472,3.2
-0.0014700000000000002,2.8000000000000003
-0.0014680000000000001,2.8000000000000003
-0.001466,3.2
-0.001464,2.8000000000000003
-0.0014620000000000002,2.8000000000000003
-0.0014600000000000001,2.8000000000000003
-0.001458,2.8000000000000003
-0.001456,2.8000000000000003
-0.001454,2.8000000000000003
-0.0014520000000000002,2.8000000000000003
-0.0014500000000000001,2.8000000000000003
-0.001448,2.8000000000000003
-0.001446,2.8000000000000003
-0.0014440000000000002,2.4000000000000004
-0.0014420000000000001,2.8000000000000003
-0.00144,2.8000000000000003
-0.001438,2.8000000000000003
-0.001436,2.4000000000000004
-0.0014340000000000002,2.8000000000000003
-0.0014320000000000001,2.4000000000000004
-0.00143,2.8000000000000003
-0.001428,2.8000000000000003
-0.0014260000000000002,2.4000000000000004
-0.0014240000000000001,2.4000000000000004
-0.001422,2.4000000000000004
-0.00142,2.4000000000000004
-0.0014180000000000002,2.4000000000000004
-0.0014160000000000002,2.4000000000000004
-0.0014140000000000001,2.4000000000000004
-0.001412,2.4000000000000004
-0.00141,2.4000000000000004
-0.0014080000000000002,2.4000000000000004
-0.0014060000000000001,2.4000000000000004
-0.001404,2.4000000000000004
-0.001402,2.4000000000000004
-0.0014000000000000002,2.4000000000000004
-0.0013980000000000002,2.4000000000000004
-0.001396,2.4000000000000004
-0.001394,2.4000000000000004
-0.001392,2.4000000000000004
-0.0013900000000000002,2.4000000000000004
-0.0013880000000000001,2.4000000000000004
-0.001386,2.0
-0.001384,2.4000000000000004
-0.0013820000000000002,2.0
-0.0013800000000000002,2.0
-0.001378,2.0
-0.001376,2.0
-0.001374,2.0
-0.0013720000000000002,2.0
-0.0013700000000000001,2.0
-0.001368,2.0
-0.001366,2.0
-0.0013640000000000002,2.0
-0.0013620000000000001,2.0
-0.00136,2.0
-0.001358,-26.8
-0.001356,-26.8
-0.0013540000000000002,-26.400000000000002
-0.0013520000000000001,-26.0
-0.00135,-26.0
-0.001348,-25.6
-0.0013460000000000002,-25.6
-0.0013440000000000001,-25.200000000000003
-0.001342,-25.200000000000003
-0.00134,-25.200000000000003
-0.001338,-24.8
-0.0013360000000000002,-24.8
-0.0013340000000000001,-24.400000000000002
-0.001332,-24.0
-0.00133,-24.0
-0.0013280000000000002,-23.6
-0.0013260000000000001,-23.6
-0.001324,-23.200000000000003
-0.001322,-23.200000000000003
-0.0013200000000000002,-22.8
-0.0013180000000000002,-22.8
-0.0013160000000000001,-22.400000000000002
-0.001314,-22.400000000000002
-0.001312,-22.0
-0.0013100000000000002,-21.6
-0.0013080000000000001,-22.0
-0.001306,-21.6
-0.001304,-21.200000000000003
-0.0013020000000000002,-21.200000000000003
-0.0013000000000000002,-21.200000000000003
-0.0012980000000000001,-20.8
-0.001296,-20.400000000000002
-0.001294,-20.400000000000002
-0.0012920000000000002,-20.400000000000002
-0.0012900000000000001,-20.400000000000002
-0.001288,-20.0
-0.001286,-19.6
-0.0012840000000000002,-19.6
-0.0012820000000000002,-19.200000000000003
-0.00128,-18.8
-0.001278,-19.200000000000003
-0.001276,-18.8
-0.0012740000000000002,-18.8
-0.0012720000000000001,-18.400000000000002
-0.00127,-18.400000000000002
-0.001268,-18.0
-0.0012660000000000002,-18.0
-0.0012640000000000001,-18.0
-0.001262,-18.0
-0.00126,-17.6
-0.001258,-17.6
-0.0012560000000000002,-17.2
-0.0012540000000000001,-17.2
-0.001252,-16.8
-0.00125,-16.8
-0.0012480000000000002,-16.8
-0.0012460000000000001,-16.400000000000002
-0.001244,-16.400000000000002
-0.001242,-16.400000000000002
-0.0012400000000000002,-16.0
-0.0012380000000000002,-16.0
-0.0012360000000000001,-16.0
-0.001234,-16.0
-0.001232,-15.600000000000001
-0.0012300000000000002,-15.200000000000001
-0.0012280000000000001,-15.200000000000001
-0.001226,-15.200000000000001
-0.001224,-15.200000000000001
-0.0012220000000000002,-14.8
-0.0012200000000000002,-14.8
-0.0012180000000000001,-14.8
-0.001216,-14.4
-0.001214,-14.4
-0.0012120000000000002,-14.4
-0.0012100000000000001,-14.0
-0.001208,-14.0
-0.001206,-14.0
-0.0012040000000000002,-13.600000000000001
-0.0012020000000000002,-13.600000000000001
-0.0012000000000000001,-13.600000000000001
-0.001198,-13.600000000000001
-0.001196,-13.200000000000001
-0.0011940000000000002,-13.200000000000001
-0.0011920000000000001,-12.8
-0.00119,-12.8
-0.001188,-12.8
-0.0011860000000000002,-12.4
-0.0011840000000000002,-12.4
-0.001182,-12.4
-0.00118,-12.4
-0.001178,-12.4
-0.0011760000000000002,-12.0
-0.0011740000000000001,-12.0
-0.001172,-11.600000000000001
-0.00117,-11.600000000000001
-0.0011680000000000002,-11.600000000000001
-0.0011660000000000002,-11.600000000000001
-0.001164,-11.200000000000001
-0.001162,-11.200000000000001
-0.00116,-11.200000000000001
-0.0011580000000000002,-10.8
-0.0011560000000000001,-11.200000000000001
-0.001154,-10.8
-0.001152,-10.8
-0.0011500000000000002,-10.8
-0.0011480000000000001,-10.4
-0.001146,-10.4
-0.001144,-10.4
-0.0011420000000000002,-10.4
-0.0011400000000000002,-10.0
-0.0011380000000000001,-10.0
-0.001136,-10.0
-0.001134,-10.0
-0.0011320000000000002,-10.0
-0.0011300000000000001,-9.600000000000001
-0.001128,-9.600000000000001
-0.001126,-9.200000000000001
-0.0011240000000000002,-9.200000000000001
-0.0011220000000000002,-9.200000000000001
-0.0011200000000000001,-9.200000000000001
-0.001118,-9.200000000000001
-0.001116,-9.200000000000001
-0.0011140000000000002,-8.8
-0.0011120000000000001,-8.8
-0.00111,-8.8
-0.001108,-8.8
-0.0011060000000000002,-8.8
-0.0011040000000000002,-8.4
-0.0011020000000000001,-8.4
-0.0011,-8.4
-0.001098,-8.4
-0.0010960000000000002,-8.4
-0.0010940000000000001,-8.0
-0.001092,-8.0
-0.00109,-8.0
-0.0010880000000000002,-8.0
-0.0010860000000000002,-7.6000000000000005
-0.0010840000000000001,-7.6000000000000005
-0.001082,-7.6000000000000005
-0.00108,-7.6000000000000005
-0.0010780000000000002,-7.6000000000000005
-0.0010760000000000001,-7.6000000000000005
-0.001074,-7.6000000000000005
-0.001072,-7.6000000000000005
-0.0010700000000000002,-7.2
-0.0010680000000000002,-7.2
-0.001066,-7.2
-0.001064,-6.800000000000001
-0.001062,-7.2
-0.0010600000000000002,-6.800000000000001
-0.0010580000000000001,-6.800000000000001
-0.001056,-6.800000000000001
-0.001054,-6.800000000000001
-0.0010520000000000002,-6.4
-0.0010500000000000002,-6.4
-0.001048,-6.4
-0.001046,-6.4
-0.0010440000000000002,-6.4
-0.0010420000000000002,-6.4
-0.0010400000000000001,-6.0
-0.001038,-6.0
-0.001036,-6.0
-0.0010340000000000002,-6.0
-0.0010320000000000001,-6.0
-0.00103,-6.0
-0.001028,-6.0
-0.0010260000000000002,-6.0
-0.0010240000000000002,-6.0
-0.0010220000000000001,-5.6000000000000005
-0.00102,-5.6000000000000005
-0.001018,-5.6000000000000005
-0.0010160000000000002,-5.6000000000000005
-0.0010140000000000001,-5.6000000000000005
-0.001012,-5.6000000000000005
-0.00101,-5.6000000000000005
-0.0010080000000000002,-5.6000000000000005
-0.0010060000000000002,-5.6000000000000005
-0.0010040000000000001,-5.2
-0.001002,-5.2
-0.001,-5.2
-0.0009980000000000002,-5.2
-0.0009960000000000001,-4.800000000000001
-0.000994,-5.2
-0.000992,-4.800000000000001
-0.0009900000000000002,-4.800000000000001
-0.0009880000000000002,-5.2
-0.0009860000000000001,-4.800000000000001
-0.000984,-4.800000000000001
-0.000982,-4.800000000000001
-0.0009800000000000002,-4.800000000000001
-0.0009780000000000001,-4.4
-0.0009760000000000001,-4.4
-0.000974,-4.800000000000001
-0.0009720000000000002,-4.4
-0.0009700000000000002,-4.800000000000001
-0.0009680000000000001,-4.4
-0.0009660000000000001,-4.4
-0.000964,-4.4
-0.0009620000000000002,-4.4
-0.0009600000000000001,-4.0
-0.0009580000000000001,24.8
-0.000956,24.400000000000002
-0.0009540000000000002,24.400000000000002
-0.0009520000000000002,24.0
-0.0009500000000000001,24.0
-0.0009480000000000001,24.0
-0.0009460000000000002,23.6
-0.0009440000000000002,23.6
-0.0009420000000000001,23.200000000000003
-0.0009400000000000001,23.200000000000003
-0.000938,22.8
-0.0009360000000000002,22.400000000000002
-0.0009340000000000002,22.400000000000002
-0.0009320000000000001,22.400000000000002
-0.00093,22.400000000000002
-0.0009280000000000002,21.6
-0.0009260000000000002,22.0
-0.0009240000000000001,21.6
-0.0009220000000000001,21.6
-0.00092,21.200000000000003
-0.0009180000000000002,21.200000000000003
-0.0009160000000000001,20.8
-0.0009140000000000001,20.8
-0.000912,20.400000000000002
-0.0009100000000000002,20.400000000000002
-0.0009080000000000002,20.400000000000002
-0.0009060000000000001,20.0
-0.0009040000000000001,20.0
-0.000902,20.0
-0.0009000000000000002,19.6
-0.0008980000000000001,19.6
-0.0008960000000000001,19.200000000000003
-0.000894,19.200000000000003
-0.0008920000000000002,18.8
-0.0008900000000000002,18.8
-0.0008880000000000001,18.8
-0.0008860000000000001,18.400000000000002
-0.000884,18.400000000000002
-0.0008820000000000002,18.400000000000002
-0.0008800000000000001,18.0
-0.0008780000000000001,18.0
-0.000876,17.6
-0.0008740000000000002,17.6
-0.0008720000000000002,17.2
-0.0008700000000000001,17.6
-0.0008680000000000001,17.2
-0.0008660000000000002,17.2
-0.0008640000000000002,16.8
-0.0008620000000000001,16.8
-0.0008600000000000001,16.8
-0.000858,16.400000000000002
-0.0008560000000000002,16.400000000000002
-0.0008540000000000002,16.0
-0.0008520000000000001,16.0
-0.0008500000000000001,16.0
-0.0008480000000000002,15.600000000000001
-0.0008460000000000002,15.600000000000001
-0.0008440000000000001,15.200000000000001
-0.0008420000000000001,15.200000000000001
-0.00084,15.200000000000001
-0.0008380000000000002,15.200000000000001
-0.0008360000000000002,15.200000000000001
-0.0008340000000000001,14.8
-0.0008320000000000001,14.4
-0.0008300000000000002,14.4
-0.0008280000000000002,14.8
-0.0008260000000000001,14.0
-0.0008240000000000001,14.0
-0.000822,14.0
-0.0008200000000000002,14.0
-0.0008180000000000002,14.0
-0.0008160000000000001,13.600000000000001
-0.000814,13.200000000000001
-0.0008120000000000002,13.200000000000001
-0.0008100000000000002,13.200000000000001
-0.0008080000000000001,13.200000000000001
-0.0008060000000000001,13.200000000000001
-0.000804,12.8
-0.0008020000000000002,12.8
-0.0008000000000000001,12.8
-0.0007980000000000001,12.4
-0.000796,12.4
-0.0007940000000000002,12.4
-0.0007920000000000002,12.4
-0.0007900000000000001,12.4
-0.0007880000000000001,12.0
-0.000786,12.0
-0.0007840000000000002,11.600000000000001
-0.0007820000000000001,11.600000000000001
-0.0007800000000000001,11.600000000000001
-0.000778,11.600000000000001
-0.0007760000000000002,11.600000000000001
-0.0007740000000000002,11.200000000000001
-0.0007720000000000001,11.200000000000001
-0.0007700000000000001,11.200000000000001
-0.0007680000000000002,10.8
-0.0007660000000000002,10.8
-0.0007640000000000001,10.8
-0.0007620000000000001,10.4
-0.00076,10.4
-0.0007580000000000002,10.4
-0.0007560000000000002,10.4
-0.0007540000000000001,10.0
-0.0007520000000000001,10.0
-0.0007500000000000002,10.0
-0.0007480000000000002,10.0
-0.0007460000000000001,10.0
-0.0007440000000000001,9.600000000000001
-0.000742,9.600000000000001
-0.0007400000000000002,9.600000000000001
-0.0007380000000000002,9.200000000000001
-0.0007360000000000001,9.200000000000001
-0.0007340000000000001,9.200000000000001
-0.0007320000000000002,9.200000000000001
-0.0007300000000000002,9.200000000000001
-0.0007280000000000001,9.200000000000001
-0.0007260000000000001,8.8
-0.000724,8.8
-0.0007220000000000002,8.8
-0.0007200000000000002,8.8
-0.0007180000000000001,8.4
-0.0007160000000000001,8.8
-0.0007140000000000002,8.0
-0.0007120000000000002,8.4
-0.0007100000000000001,8.4
-0.0007080000000000001,8.4
-0.000706,8.0
-0.0007040000000000002,8.0
-0.0007020000000000001,8.0
-0.0007000000000000001,8.0
-0.000698,8.0
-0.0006960000000000002,7.6000000000000005
-0.0006940000000000002,7.6000000000000005
-0.0006920000000000001,7.6000000000000005
-0.0006900000000000001,7.2
-0.000688,7.2
-0.0006860000000000002,7.2
-0.0006840000000000001,7.2
-0.0006820000000000001,7.2
-0.00068,7.2
-0.0006780000000000002,6.800000000000001
-0.0006760000000000002,6.800000000000001
-0.0006740000000000001,6.800000000000001
-0.0006720000000000001,6.800000000000001
-0.0006700000000000002,6.800000000000001
-0.0006680000000000002,6.800000000000001
-0.0006660000000000001,6.4
-0.0006640000000000001,6.4
-0.000662,6.4
-0.0006600000000000002,6.4
-0.0006580000000000002,6.4
-0.0006560000000000001,6.4
-0.0006540000000000001,6.0
-0.0006520000000000002,6.0
-0.0006500000000000002,6.0
-0.0006480000000000001,6.0
-0.0006460000000000001,6.0
-0.000644,5.6000000000000005
-0.0006420000000000002,5.6000000000000005
-0.0006400000000000002,5.6000000000000005
-0.0006380000000000001,6.0
-0.0006360000000000001,5.6000000000000005
-0.0006340000000000002,5.6000000000000005
-0.0006320000000000002,5.2
-0.0006300000000000001,5.6000000000000005
-0.0006280000000000001,5.2
-0.000626,5.2
-0.0006240000000000002,5.2
-0.0006220000000000002,5.2
-0.0006200000000000001,5.2
-0.0006180000000000001,5.2
-0.0006160000000000002,5.2
-0.0006140000000000002,5.2
-0.0006120000000000001,5.2
-0.0006100000000000001,4.800000000000001
-0.000608,4.800000000000001
-0.0006060000000000002,4.800000000000001
-0.0006040000000000002,4.4
-0.0006020000000000001,4.800000000000001
-0.0006000000000000001,4.800000000000001
-0.0005980000000000002,4.800000000000001
-0.0005960000000000002,4.800000000000001
-0.0005940000000000001,4.4
-0.0005920000000000001,4.4
-0.0005900000000000002,4.4
-0.0005880000000000002,4.4
-0.0005860000000000001,4.4
-0.0005840000000000001,4.4
-0.000582,4.4
-0.0005800000000000002,4.0
-0.0005780000000000002,4.0
-0.0005760000000000001,4.4
-0.0005740000000000001,4.0
-0.0005720000000000002,4.4
-0.0005700000000000002,4.0
-0.0005680000000000001,4.0
-0.0005660000000000001,4.0
-0.000564,4.0
-0.0005620000000000002,4.0
-0.0005600000000000002,3.6
-0.0005580000000000001,4.0
-0.0005560000000000001,4.0
-0.0005540000000000002,3.6
-0.0005520000000000002,3.6
-0.0005500000000000001,3.6
-0.0005480000000000001,3.6
-0.000546,3.6
-0.0005440000000000002,3.6
-0.000542,3.6
-0.0005400000000000001,3.2
-0.0005380000000000003,3.6
-0.000536,3.6
-0.0005340000000000002,3.2
-0.0005320000000000004,3.6
-0.0005300000000000001,3.6
-0.0005280000000000003,3.2
-0.000526,3.2
-0.0005240000000000002,3.2
-0.0005220000000000003,2.8000000000000003
-0.0005200000000000001,3.2
-0.0005180000000000002,3.2
-0.000516,3.2
-0.0005140000000000001,3.2
-0.0005120000000000003,2.8000000000000003
-0.00051,3.2
-0.0005080000000000002,3.2
-0.0005059999999999999,2.8000000000000003
-0.0005040000000000001,2.8000000000000003
-0.0005020000000000003,2.8000000000000003
-0.0005,2.8000000000000003
-0.0004980000000000002,2.8000000000000003
-0.0004960000000000003,3.2
-0.0004940000000000001,2.8000000000000003
-0.0004920000000000002,2.8000000000000003
-0.00049,2.8000000000000003
-0.00048800000000000015,2.8000000000000003
-0.0004860000000000003,2.4000000000000004
-0.00048400000000000006,2.4000000000000004
-0.0004820000000000002,2.8000000000000003
-0.00047999999999999996,2.4000000000000004
-0.0004780000000000001,2.8000000000000003
-0.0004760000000000003,2.4000000000000004
-0.00047400000000000003,2.4000000000000004
-0.0004720000000000002,2.4000000000000004
-0.00046999999999999993,2.4000000000000004
-0.0004680000000000001,2.4000000000000004
-0.00046600000000000027,2.4000000000000004
-0.000464,2.4000000000000004
-0.00046200000000000017,2.4000000000000004
-0.00046000000000000034,2.4000000000000004
-0.0004580000000000001,2.4000000000000004
-0.00045600000000000024,2.4000000000000004
-0.000454,2.4000000000000004
-0.00045200000000000014,2.4000000000000004
-0.0004500000000000003,2.4000000000000004
-0.00044800000000000005,2.4000000000000004
-0.0004460000000000002,2.4000000000000004
-0.00044399999999999995,2.4000000000000004
-0.0004420000000000001,2.4000000000000004
-0.0004400000000000003,2.4000000000000004
-0.000438,2.0
-0.0004360000000000002,2.0
-0.00043400000000000036,2.4000000000000004
-0.0004320000000000001,2.0
-0.00043000000000000026,2.0
-0.000428,2.0
-0.00042600000000000016,2.0
-0.00042400000000000033,2.0
-0.00042200000000000007,2.0
-0.00042000000000000023,2.4000000000000004
-0.00041799999999999997,2.0
-0.00041600000000000014,2.0
-0.0004140000000000003,2.0
-0.00041200000000000004,2.0
-0.0004100000000000002,2.0
-0.00040799999999999994,2.0
-0.0004060000000000001,2.0
-0.0004040000000000003,2.0
-0.000402,2.0
-0.0004000000000000002,-26.8
-0.00039800000000000035,-26.400000000000002
-0.0003960000000000001,-26.400000000000002
-0.00039400000000000025,-26.0
-0.000392,-26.0
-0.00039000000000000016,-25.6
-0.0003880000000000003,-25.6
-0.00038600000000000006,-25.200000000000003
-0.0003840000000000002,-25.200000000000003
-0.00038199999999999996,-24.8
-0.00038000000000000013,-24.8
-0.0003780000000000003,-24.400000000000002
-0.00037600000000000003,-24.400000000000002
-0.0003740000000000002,-24.0
-0.00037199999999999993,-24.0
-0.0003700000000000001,-23.6
-0.00036800000000000027,-23.200000000000003
-0.000366,-23.200000000000003
-0.0003640000000000002,-23.200000000000003
-0.00036200000000000034,-22.400000000000002
-0.0003600000000000001,-22.400000000000002
-0.00035800000000000025,-22.0
-0.000356,-22.400000000000002
-0.00035400000000000015,-22.0
-0.0003520000000000003,-22.0
-0.00035000000000000005,-21.6
-0.0003480000000000002,-21.6
-0.00034599999999999995,-21.200000000000003
-0.0003440000000000001,-20.8
-0.0003420000000000003,-20.8
-0.00034,-20.8
-0.0003380000000000002,-20.400000000000002
-0.00033600000000000036,-20.400000000000002
-0.0003340000000000001,-20.0
-0.00033200000000000026,-20.0
-0.00033,-20.0
-0.00032800000000000017,-19.6
-0.00032600000000000033,-19.6
-0.00032400000000000007,-19.200000000000003
-0.00032200000000000024,-19.200000000000003
-0.00031999999999999997,-18.8
-0.00031800000000000014,-19.200000000000003
-0.0003160000000000003,-18.8
-0.00031400000000000004,-18.400000000000002
-0.0003120000000000002,-18.400000000000002
-0.00030999999999999995,-18.0
-0.0003080000000000001,-18.0
-0.0003060000000000003,-17.6
-0.000304,-18.0
-0.0003020000000000002,-17.6
-0.00030000000000000035,-17.6
-0.0002980000000000001,-17.6
-0.00029600000000000026,-17.2
-0.000294,-17.2
-0.00029200000000000016,-16.8
-0.0002900000000000003,-16.8
-0.00028800000000000006,-16.400000000000002
-0.00028600000000000023,-16.400000000000002
-0.00028399999999999996,-16.400000000000002
-0.00028200000000000013,-16.0
-0.0002800000000000003,-16.0
-0.00027800000000000004,-16.0
-0.0002760000000000002,-16.0
-0.00027399999999999994,-15.600000000000001
-0.0002720000000000001,-15.200000000000001
-0.0002700000000000003,-15.200000000000001
-0.000268,-15.200000000000001
-0.0002660000000000002,-14.8
-0.00026400000000000035,-14.8
-0.0002620000000000001,-14.8
-0.00026000000000000025,-14.4
-0.000258,-14.4
-0.00025600000000000015,-14.4
-0.0002540000000000003,-14.4
-0.00025200000000000005,-14.0
-0.0002500000000000002,-14.0
-0.00024799999999999996,-13.600000000000001
-0.0002460000000000001,-13.600000000000001
-0.0002440000000000003,-13.600000000000001
-0.00024200000000000003,-13.600000000000001
-0.0002400000000000002,-13.200000000000001
-0.00023800000000000036,-13.200000000000001
-0.0002360000000000001,-12.8
-0.00023400000000000027,-12.8
-0.000232,-12.8
-0.00023000000000000017,-12.4
-0.00022800000000000034,-12.8
-0.00022600000000000007,-12.4
-0.00022400000000000024,-12.4
-0.00022199999999999998,-12.0
-0.00022000000000000014,-12.0
-0.0002180000000000003,-12.0
-0.00021600000000000005,-11.600000000000001
-0.00021400000000000021,-11.600000000000001
-0.00021199999999999995,-11.600000000000001
-0.00021000000000000012,-11.600000000000001
-0.00020800000000000029,-11.600000000000001
-0.00020600000000000002,-11.200000000000001
-0.0002040000000000002,-11.200000000000001
-0.00020200000000000036,-11.200000000000001
-0.0002000000000000001,-10.8
-0.00019800000000000026,-11.200000000000001
-0.000196,-10.8
-0.00019400000000000016,-10.8
-0.00019200000000000033,-10.4
-0.00019000000000000006,-10.4
-0.00018800000000000023,-10.4
-0.00018599999999999997,-10.4
-0.00018400000000000014,-10.0
-0.0001820000000000003,-10.0
-0.00018000000000000004,-10.0
-0.0001780000000000002,-10.0
-0.00017599999999999994,-9.600000000000001
-0.0001740000000000001,-10.0
-0.00017200000000000028,-9.600000000000001
-0.00017,-9.600000000000001
-0.00016800000000000018,-9.600000000000001
-0.00016600000000000035,-9.600000000000001
-0.00016400000000000008,-9.200000000000001
-0.00016200000000000025,-9.200000000000001
-0.00015999999999999999,-9.200000000000001
-0.00015800000000000015,-9.200000000000001
-0.00015600000000000032,-8.8
-0.00015400000000000006,-8.8
-0.00015200000000000023,-8.8
-0.00014999999999999996,-8.8
-0.00014800000000000013,-8.8
-0.0001460000000000003,-8.4
-0.00014400000000000003,-8.4
-0.0001420000000000002,-8.4
-0.00014000000000000037,-8.4
-0.0001380000000000001,-8.4
-0.00013600000000000027,-8.4
-0.000134,-8.0
-0.00013200000000000017,-8.0
-0.00013000000000000034,-8.0
-0.00012800000000000008,-8.0
-0.00012600000000000024,-7.6000000000000005
-0.00012399999999999998,-7.6000000000000005
-0.00012200000000000015,-7.6000000000000005
-0.00012000000000000031,-7.6000000000000005
-0.00011800000000000005,-7.6000000000000005
-0.00011600000000000022,-7.2
-0.00011399999999999995,-7.2
-0.00011200000000000012,-7.2
-0.00011000000000000029,-7.2
-0.00010800000000000002,-7.2
-0.00010600000000000019,-7.2
-0.00010400000000000036,-7.2
-0.0001020000000000001,-6.800000000000001
-0.00010000000000000026,-6.800000000000001
-9.8e-05,-6.800000000000001
-9.600000000000017e-05,-6.800000000000001
-9.400000000000033e-05,-6.4
-9.200000000000007e-05,-6.4
-9.000000000000024e-05,-6.4
-8.799999999999997e-05,-6.4
-8.600000000000014e-05,-6.4
-8.400000000000031e-05,-6.4
-8.200000000000004e-05,-6.4
-8.000000000000021e-05,-6.0
-7.800000000000038e-05,-6.0
-7.600000000000011e-05,-6.0
-7.400000000000028e-05,-6.0
-7.200000000000002e-05,-6.0
-7.000000000000018e-05,-6.0
-6.800000000000035e-05,-6.0
-6.600000000000009e-05,-5.6000000000000005
-6.400000000000025e-05,-6.0
-6.199999999999999e-05,-5.6000000000000005
-6.000000000000016e-05,-5.6000000000000005
-5.8000000000000326e-05,-5.6000000000000005
-5.600000000000006e-05,-5.6000000000000005
-5.400000000000023e-05,-5.6000000000000005
-5.199999999999996e-05,-5.6000000000000005
-5.000000000000013e-05,-5.6000000000000005
-4.80000000000003e-05,-5.6000000000000005
-4.6000000000000034e-05,-5.2
-4.40000000000002e-05,-5.2
-4.200000000000037e-05,-5.2
-4.0000000000000105e-05,-5.2
-3.800000000000027e-05,-5.2
-3.600000000000001e-05,-5.2
-3.4000000000000176e-05,-4.800000000000001
-3.2000000000000344e-05,-4.800000000000001
-3.000000000000008e-05,-4.800000000000001
-2.8000000000000247e-05,-5.2
-2.599999999999998e-05,-4.800000000000001
-2.400000000000015e-05,-4.800000000000001
-2.2000000000000318e-05,-4.800000000000001
-2.0000000000000052e-05,-4.800000000000001
-1.800000000000022e-05,-4.800000000000001
-1.5999999999999955e-05,-4.4
-1.4000000000000123e-05,-4.800000000000001
-1.2000000000000292e-05,-4.4
-1.0000000000000026e-05,-4.4
-8.000000000000194e-06,-4.4
-6.000000000000363e-06,-4.4
-4.000000000000097e-06,-4.4
-2.0000000000002655e-06,24.8
0.0,24.8
1.9999999999998318e-06,24.400000000000002
3.9999999999996635e-06,24.400000000000002
5.999999999999929e-06,24.0
7.99999999999976e-06,24.0
1.0000000000000026e-05,23.6
1.1999999999999858e-05,23.6
1.399999999999969e-05,23.6
1.5999999999999955e-05,23.200000000000003
1.7999999999999787e-05,22.8
1.999999999999962e-05,22.8
2.1999999999999884e-05,22.8
2.3999999999999716e-05,22.400000000000002
2.599999999999998e-05,22.400000000000002
2.7999999999999813e-05,22.400000000000002
2.9999999999999645e-05,22.0
3.199999999999991e-05,21.6
3.399999999999974e-05,22.0
3.600000000000001e-05,21.6
3.799999999999984e-05,21.6
3.999999999999967e-05,21.200000000000003
4.199999999999994e-05,20.8
4.399999999999977e-05,20.8
4.6000000000000034e-05,20.400000000000002
4.7999999999999866e-05,20.400000000000002
4.99999999999997e-05,20.400000000000002
5.199999999999996e-05,20.0
5.3999999999999795e-05,20.0
5.5999999999999626e-05,19.6
5.799999999999989e-05,19.6
5.9999999999999724e-05,19.6
6.199999999999999e-05,19.200000000000003
6.399999999999982e-05,19.200000000000003
6.599999999999965e-05,18.8
6.799999999999992e-05,18.8
6.999999999999975e-05,18.8
7.200000000000002e-05,18.400000000000002
7.399999999999985e-05,18.400000000000002
7.599999999999968e-05,18.0
7.799999999999994e-05,17.6
7.999999999999978e-05,18.0
8.200000000000004e-05,17.6
8.399999999999987e-05,17.6
8.59999999999997e-05,17.2
8.799999999999997e-05,17.2
8.99999999999998e-05,17.2
9.199999999999963e-05,16.8
9.39999999999999e-05,16.8
9.599999999999973e-05,16.400000000000002
9.8e-05,16.400000000000002
9.999999999999983e-05,16.400000000000002
0.00010199999999999966,16.400000000000002
0.00010399999999999993,16.0
0.00010599999999999976,16.0
0.00010800000000000002,16.0
0.00010999999999999985,15.600000000000001
0.00011199999999999969,15.600000000000001
0.00011399999999999995,15.200000000000001
0.00011599999999999978,15.200000000000001
0.00011799999999999962,15.200000000000001
0.00011999999999999988,14.8
0.00012199999999999971,14.8
0.00012399999999999998,14.8
0.0001259999999999998,14.4
0.00012799999999999964,14.4
0.0001299999999999999,14.4
0.00013199999999999974,14.4
0.000134,14.0
0.00013599999999999984,14.0
0.00013799999999999967,14.0
0.00013999999999999993,13.600000000000001
0.00014199999999999977,14.0
0.00014400000000000003,13.600000000000001
0.00014599999999999986,13.200000000000001
0.0001479999999999997,13.200000000000001
0.00014999999999999996,13.200000000000001
0.0001519999999999998,13.200000000000001
0.00015399999999999962,12.8
0.0001559999999999999,12.8
0.00015799999999999972,12.4
0.00015999999999999999,12.4
0.00016199999999999982,12.4
0.00016399999999999965,12.4
0.00016599999999999991,12.4
0.00016799999999999975,12.0
0.00017,12.0
0.00017199999999999984,12.0
0.00017399999999999968,11.600000000000001
0.00017599999999999994,11.600000000000001
0.00017799999999999977,11.600000000000001
0.00018000000000000004,11.600000000000001
0.00018199999999999987,11.200000000000001
0.0001839999999999997,11.200000000000001
0.00018599999999999997,10.8
0.0001879999999999998,10.8
0.00018999999999999963,10.8
0.0001919999999999999,10.8
0.00019399999999999973,10.8
0.000196,10.4
0.00019799999999999983,10.4
0.00019999999999999966,10.4
0.00020199999999999992,10.0
0.00020399999999999975,10.4
0.00020600000000000002,10.0
0.00020799999999999985,10.0
0.00020999999999999968,10.0
0.00021199999999999995,10.0
0.00021399999999999978,9.600000000000001
0.0002159999999999996,9.600000000000001
0.00021799999999999988,9.600000000000001
0.0002199999999999997,9.200000000000001
0.00022199999999999998,9.200000000000001
0.0002239999999999998,9.200000000000001
0.00022599999999999964,9.200000000000001
0.0002279999999999999,9.200000000000001
0.00022999999999999974,8.8
0.000232,8.8
0.00023399999999999983,8.8
0.00023599999999999966,8.8
0.00023799999999999993,8.4
0.00023999999999999976,8.4
0.00024200000000000003,8.4
0.00024399999999999986,8.4
0.0002459999999999997,8.4
0.00024799999999999996,8.4
0.0002499999999999998,8.0
0.0002519999999999996,8.0
0.0002539999999999999,8.0
0.0002559999999999997,8.0
0.000258,8.0
0.0002599999999999998,7.6000000000000005
0.00026199999999999965,7.6000000000000005
0.0002639999999999999,7.6000000000000005
0.00026599999999999974,7.6000000000000005
0.000268,7.6000000000000005
0.00026999999999999984,7.2
0.00027199999999999967,7.2
0.00027399999999999994,7.2
0.00027599999999999977,7.2
0.00027800000000000004,7.2
0.00027999999999999987,6.800000000000001
0.0002819999999999997,6.800000000000001
0.00028399999999999996,6.800000000000001
0.0002859999999999998,6.800000000000001
0.00028799999999999963,6.4
0.0002899999999999999,6.4
0.0002919999999999997,6.800000000000001
0.000294,6.4
0.0002959999999999998,6.4
0.00029799999999999965,6.4
0.0002999999999999999,6.4
0.00030199999999999975,6.0
0.000304,6.4
0.00030599999999999985,6.0
0.0003079999999999997,6.0
0.00030999999999999995,6.0
0.0003119999999999998,6.0
0.0003139999999999996,5.6000000000000005
0.0003159999999999999,6.0
0.0003179999999999997,5.6000000000000005
0.00031999999999999997,6.0
0.0003219999999999998,5.6000000000000005
0.00032399999999999964,5.6000000000000005
0.0003259999999999999,5.6000000000000005
0.00032799999999999973,5.6000000000000005
0.00033,5.2
0.00033199999999999983,5.2
0.00033399999999999966,5.2
0.00033599999999999993,5.2
0.00033799999999999976,5.2
0.00034,5.2
0.00034199999999999986,5.2
0.0003439999999999997,5.2
0.00034599999999999995,4.800000000000001
0.0003479999999999998,4.800000000000001
0.0003499999999999996,4.800000000000001
0.0003519999999999999,4.800000000000001
0.0003539999999999997,4.800000000000001
0.000356,4.800000000000001
0.0003579999999999998,4.800000000000001
0.00035999999999999964,4.800000000000001
0.0003619999999999999,4.4
0.00036399999999999974,4.800000000000001
0.000366,4.4
0.00036799999999999984,4.4
0.00036999999999999967,4.4
0.00037199999999999993,4.4
0.00037399999999999977,4.4
0.00037600000000000003,4.4
0.00037799999999999986,4.0
0.0003799999999999997,4.0
0.00038199999999999996,4.4
0.0003839999999999998,4.0
0.0003859999999999996,4.0
0.0003879999999999999,4.0
0.0003899999999999997,4.0
0.000392,4.0
0.0003939999999999998,4.0
0.00039599999999999965,4.0
0.0003979999999999999,3.6
0.00039999999999999975,4.0
0.000402,3.6
0.00040399999999999985,3.6
0.0004059999999999997,3.6
0.00040799999999999994,3.6
0.0004099999999999998,3.6
0.0004119999999999996,3.6
0.00041399999999999987,3.6
0.0004159999999999997,3.6
0.00041799999999999997,3.2
0.0004199999999999998,3.6
0.00042199999999999963,3.6
0.0004239999999999999,3.6
0.00042599999999999973,3.2
0.000428,3.2
0.0004299999999999998,3.2
0.00043199999999999966,3.2
0.0004339999999999999,3.2
0.00043599999999999976,3.2
0.000438,3.2
0.00043999999999999985,2.8000000000000003
0.0004419999999999997,3.2
0.00044399999999999995,3.2
0.0004459999999999998,2.8000000000000003
0.0004479999999999996,3.2
0.0004499999999999999,2.8000000000000003
0.0004519999999999997,2.8000000000000003
0.000454,2.8000000000000003
0.0004559999999999998,2.8000000000000003
0.00045799999999999964,2.8000000000000003
0.0004599999999999999,2.8000000000000003
0.00046199999999999974,2.8000000000000003
0.000464,2.8000000000000003
0.00046599999999999983,2.8000000000000003
0.00046799999999999967,2.8000000000000003
0.00046999999999999993,2.8000000000000003
0.00047199999999999976,2.8000000000000003
0.00047400000000000003,2.8000000000000003
0.00047599999999999986,2.4000000000000004
0.0004779999999999997,2.4000000000000004
0.00047999999999999996,2.8000000000000003
0.0004819999999999998,2.4000000000000004
0.0004839999999999996,2.4000000000000004
0.0004859999999999999,2.4000000000000004
0.0004879999999999997,2.4000000000000004
0.00049,2.8000000000000003
0.0004919999999999998,2.4000000000000004
0.0004939999999999996,2.4000000000000004
0.0004959999999999999,2.4000000000000004
0.0004979999999999997,2.4000000000000004
0.0005,2.4000000000000004
0.0005019999999999998,2.4000000000000004
0.0005039999999999997,2.4000000000000004
0.0005059999999999999,2.4000000000000004
0.0005079999999999998,2.4000000000000004
0.0005099999999999996,2.4000000000000004
0.0005119999999999999,2.4000000000000004
0.0005139999999999997,2.4000000000000004
0.000516,2.4000000000000004
0.0005179999999999998,2.4000000000000004
0.0005199999999999996,2.4000000000000004
0.0005219999999999999,2.0
0.0005239999999999997,2.0
0.000526,2.0
0.0005279999999999998,2.0
0.0005299999999999997,2.0
0.0005319999999999999,2.4000000000000004
0.0005339999999999998,2.0
0.000536,2.0
0.0005379999999999998,2.0
0.0005399999999999997,2.0
0.000542,2.0
0.0005439999999999998,2.0
0.0005459999999999996,2.0
0.0005479999999999999,2.0
0.0005499999999999997,2.0
0.000552,2.0
0.0005539999999999998,2.0
0.0005559999999999996,-26.8
0.0005579999999999999,-26.8
0.0005599999999999997,-26.400000000000002
0.000562,-26.400000000000002
0.0005639999999999998,-26.0
0.0005659999999999997,-25.6
0.0005679999999999999,-25.6
0.0005699999999999998,-25.6
0.000572,-25.200000000000003
0.0005739999999999999,-25.200000000000003
0.0005759999999999997,-24.8
0.000578,-24.400000000000002
0.0005799999999999998,-24.400000000000002
0.0005819999999999996,-24.0
0.0005839999999999999,-24.0
0.0005859999999999997,-23.6
0.000588,-23.6
0.0005899999999999998,-23.200000000000003
0.0005919999999999996,-22.8
0.0005939999999999999,-22.8
0.0005959999999999997,-22.8
0.000598,-22.400000000000002
0.0005999999999999998,-22.400000000000002
0.0006019999999999997,-22.0
0.0006039999999999999,-22.0
0.0006059999999999998,-21.6
0.0006079999999999996,-21.200000000000003
0.0006099999999999999,-21.6
0.0006119999999999997,-21.200000000000003
0.000614,-21.200000000000003
0.0006159999999999998,-20.8
0.0006179999999999996,-20.8
0.0006199999999999999,-20.400000000000002
0.0006219999999999997,-20.400000000000002
0.000624,-20.0
0.0006259999999999998,-19.6
0.0006279999999999997,-19.6
0.0006299999999999999,-19.6
0.0006319999999999997,-19.200000000000003
0.000634,-19.200000000000003
0.0006359999999999998,-18.8
0.0006379999999999997,-19.200000000000003
0.0006399999999999999,-18.8
0.0006419999999999998,-18.400000000000002
0.0006439999999999996,-18.400000000000002
0.0006459999999999999,-18.400000000000002
0.0006479999999999997,-18.0
0.00065,-18.0
0.0006519999999999998,-18.0
0.0006539999999999996,-18.0
0.0006559999999999999,-17.6
0.0006579999999999997,-17.2
0.00066,-17.2
0.0006619999999999998,-17.2
0.0006639999999999997,-16.8
0.0006659999999999999,-16.8
0.0006679999999999998,-16.8
0.0006699999999999996,-16.8
0.0006719999999999999,-16.400000000000002
0.0006739999999999997,-16.0
0.000676,-16.0
0.0006779999999999998,-16.0
0.0006799999999999996,-15.600000000000001
0.0006819999999999999,-15.600000000000001
0.0006839999999999997,-15.600000000000001
0.000686,-15.200000000000001
0.0006879999999999998,-15.200000000000001
0.0006899999999999996,-14.8
0.0006919999999999999,-14.8
0.0006939999999999997,-14.8
0.000696,-14.4
0.0006979999999999998,-14.4
0.0006999999999999997,-14.0
0.0007019999999999999,-14.4
0.0007039999999999998,-14.0
0.0007059999999999996,-14.0
0.0007079999999999999,-13.600000000000001
0.0007099999999999997,-13.600000000000001
0.000712,-13.600000000000001
0.0007139999999999998,-13.600000000000001
0.0007159999999999996,-13.200000000000001
0.0007179999999999999,-13.200000000000001
0.0007199999999999997,-13.200000000000001
0.000722,-12.8
0.0007239999999999998,-12.8
0.0007259999999999996,-12.8
0.0007279999999999999,-12.8
0.0007299999999999997,-12.4
0.000732,-12.4
0.0007339999999999998,-12.4
0.0007359999999999997,-12.4
0.0007379999999999999,-12.0
0.0007399999999999998,-12.4
0.0007419999999999996,-11.600000000000001
0.0007439999999999999,-11.600000000000001
0.0007459999999999997,-11.600000000000001
0.000748,-11.600000000000001
0.0007499999999999998,-11.600000000000001
0.0007519999999999996,-11.200000000000001
0.0007539999999999999,-11.200000000000001
0.0007559999999999997,-11.200000000000001
0.000758,-11.200000000000001
0.0007599999999999998,-10.8
0.0007619999999999997,-10.8
0.0007639999999999999,-10.8
0.0007659999999999998,-10.4
0.0007679999999999996,-10.4
0.0007699999999999999,-10.8
0.0007719999999999997,-10.4
0.000774,-10.0
0.0007759999999999998,-10.0
0.0007779999999999996,-10.0
0.0007799999999999999,-10.0
0.0007819999999999997,-10.0
0.000784,-10.0
0.0007859999999999998,-9.600000000000001
0.0007879999999999996,-9.600000000000001
0.0007899999999999999,-9.600000000000001
0.0007919999999999997,-9.200000000000001
0.000794,-9.200000000000001
0.0007959999999999998,-9.200000000000001
0.0007979999999999997,-8.8
0.0007999999999999999,-9.200000000000001
0.0008019999999999998,-9.200000000000001
0.0008039999999999996,-8.8
0.0008059999999999999,-8.8
0.0008079999999999997,-8.8
0.00081,-8.4
0.0008119999999999998,-8.8
0.0008139999999999996,-8.4
0.0008159999999999999,-8.4
0.0008179999999999997,-8.4
0.00082,-8.0
0.0008219999999999998,-8.0
0.0008239999999999996,-8.0
0.0008259999999999999,-8.0
0.0008279999999999997,-8.0
0.00083,-7.6000000000000005
0.0008319999999999998,-7.6000000000000005
0.0008339999999999997,-7.6000000000000005
0.0008359999999999999,-7.2
0.0008379999999999998,-7.6000000000000005
0.0008399999999999996,-7.6000000000000005
0.0008419999999999999,-7.2
0.0008439999999999997,-7.2
0.000846,-7.2
0.0008479999999999998,-7.2
0.0008499999999999996,-7.2
0.0008519999999999999,-7.2
0.0008539999999999997,-6.800000000000001
0.000856,-6.800000000000001
0.0008579999999999998,-6.800000000000001
0.0008599999999999997,-6.4
0.0008619999999999999,-6.4
0.0008639999999999998,-6.4
0.0008659999999999996,-6.4
0.0008679999999999998,-6.4
0.0008699999999999997,-6.4
0.0008719999999999999,-6.4
0.0008739999999999998,-6.4
0.0008759999999999996,-6.0
0.0008779999999999999,-6.0
0.0008799999999999997,-6.0
0.000882,-6.0
0.0008839999999999998,-6.0
0.0008859999999999996,-6.0
0.0008879999999999999,-6.0
0.0008899999999999997,-6.0
0.000892,-5.6000000000000005
0.0008939999999999998,-6.0
0.0008959999999999997,-5.6000000000000005
0.0008979999999999999,-6.0
0.0008999999999999998,-5.6000000000000005
0.0009019999999999996,-5.6000000000000005
0.0009039999999999999,-5.6000000000000005
0.0009059999999999997,-5.6000000000000005
0.000908,-5.6000000000000005
0.0009099999999999998,-5.6000000000000005
0.0009119999999999996,-5.6000000000000005
0.0009139999999999999,-5.2
0.0009159999999999997,-5.2
0.000918,-5.2
0.0009199999999999998,-5.2
0.0009219999999999996,-5.2
0.0009239999999999999,-4.800000000000001
0.0009259999999999997,-5.2
0.000928,-4.800000000000001
0.0009299999999999998,-4.800000000000001
0.0009319999999999997,-4.800000000000001
0.0009339999999999999,-4.800000000000001
0.0009359999999999998,-4.4
0.0009379999999999996,-4.800000000000001
0.0009399999999999999,-4.4
0.0009419999999999997,-4.4
0.000944,-4.4
0.0009459999999999998,-4.4
0.0009479999999999996,-4.4
0.0009499999999999999,-4.4
0.0009519999999999997,-4.4
0.000954,-4.4
0.0009559999999999998,24.8
0.0009579999999999997,24.400000000000002
0.0009599999999999999,24.400000000000002
0.0009619999999999997,24.400000000000002
0.0009639999999999996,24.0
0.0009659999999999998,24.0
0.0009679999999999997,23.6
0.0009699999999999999,23.6
0.0009719999999999998,23.200000000000003
0.0009739999999999996,22.8
0.0009759999999999999,22.8
0.0009779999999999997,22.8
0.00098,22.8
0.0009819999999999998,22.400000000000002
0.0009839999999999996,22.0
0.000986,22.0
0.0009879999999999997,21.6
0.00099,21.6
0.0009919999999999998,21.6
0.0009939999999999997,21.6
0.000996,21.200000000000003
0.0009979999999999998,21.200000000000003
0.0009999999999999996,20.8
0.0010019999999999999,20.400000000000002
0.0010039999999999997,20.400000000000002
0.001006,20.400000000000002
0.0010079999999999998,20.0
0.0010099999999999996,20.0
0.0010119999999999999,20.0
0.0010139999999999997,19.6
0.001016,19.6
0.0010179999999999998,19.200000000000003
0.0010199999999999996,19.200000000000003
0.001022,19.200000000000003
0.0010239999999999997,18.8
0.001026,18.400000000000002
0.0010279999999999998,18.400000000000002
0.0010299999999999997,18.400000000000002
0.001032,18.400000000000002
0.0010339999999999998,18.0
0.0010359999999999996,17.6
0.0010379999999999999,17.6
0.0010399999999999997,17.6
0.001042,17.6
0.0010439999999999998,17.2
0.0010459999999999996,17.2
0.0010479999999999999,16.8
0.0010499999999999997,16.8
0.001052,16.8
0.0010539999999999998,16.400000000000002
0.0010559999999999996,16.400000000000002
0.001058,16.400000000000002
0.0010599999999999997,16.0
0.0010619999999999996,16.0
0.0010639999999999998,16.0
0.0010659999999999997,15.600000000000001
0.001068,15.600000000000001
0.0010699999999999998,15.600000000000001
0.0010719999999999996,15.200000000000001
0.0010739999999999999,15.200000000000001
0.0010759999999999997,15.200000000000001
0.001078,14.8
0.0010799999999999998,14.8
0.0010819999999999996,14.4
0.001084,14.4
0.0010859999999999997,14.4
0.001088,14.0
0.0010899999999999998,14.4
0.0010919999999999997,14.0
0.001094,13.600000000000001
0.0010959999999999998,13.600000000000001
0.0010979999999999996,13.600000000000001
0.0010999999999999998,13.200000000000001
0.0011019999999999997,13.600000000000001
0.001104,13.200000000000001
0.0011059999999999998,13.200000000000001
0.0011079999999999996,13.200000000000001
0.0011099999999999999,13.200000000000001
0.0011119999999999997,12.8
0.001114,12.8
0.0011159999999999998,12.4
0.0011179999999999996,12.4
0.00112,12.4
0.0011219999999999997,12.0
0.001124,12.0
0.0011259999999999998,11.600000000000001
0.0011279999999999997,12.0
0.00113,11.600000000000001
0.0011319999999999998,11.600000000000001
0.0011339999999999996,11.200000000000001
0.0011359999999999999,11.600000000000001
0.0011379999999999997,11.200000000000001
0.00114,11.200000000000001
0.0011419999999999998,11.200000000000001
0.0011439999999999996,11.200000000000001
0.0011459999999999999,10.8
0.0011479999999999997,10.8
0.00115,10.8
0.0011519999999999998,10.4
0.0011539999999999996,10.4
0.001156,10.4
0.0011579999999999997,10.0
0.0011599999999999996,10.4
0.0011619999999999998,10.0
0.0011639999999999997,10.0
0.001166,9.600000000000001
0.0011679999999999998,9.600000000000001
0.0011699999999999996,9.600000000000001
0.0011719999999999999,9.600000000000001
0.0011739999999999997,9.600000000000001
0.001176,9.600000000000001
0.0011779999999999998,9.200000000000001
0.0011799999999999996,9.600000000000001
0.0011819999999999999,9.200000000000001
0.0011839999999999997,9.200000000000001
0.001186,9.200000000000001
0.0011879999999999998,8.8
0.0011899999999999997,8.8
0.001192,8.8
0.0011939999999999997,8.8
0.0011959999999999996,8.8
0.0011979999999999998,8.4
0.0011999999999999997,8.4
0.001202,8.4
0.0012039999999999998,8.4
0.0012059999999999996,8.0
0.0012079999999999999,8.0
0.0012099999999999997,8.0
0.001212,8.0
0.0012139999999999998,8.0
0.0012159999999999996,7.6000000000000005
0.001218,7.6000000000000005
0.0012199999999999997,7.6000000000000005
0.001222,7.6000000000000005
0.0012239999999999998,7.6000000000000005
0.0012259999999999997,7.6000000000000005
0.001228,7.2
0.0012299999999999998,7.2
0.0012319999999999996,7.2
0.0012339999999999999,6.800000000000001
0.0012359999999999997,7.2
0.001238,6.800000000000001
0.0012399999999999998,6.800000000000001
0.0012419999999999996,6.800000000000001
0.0012439999999999999,6.800000000000001
0.0012459999999999997,6.800000000000001
0.001248,6.4
0.0012499999999999998,6.4
0.0012519999999999996,6.4
0.001254,6.4
0.0012559999999999997,6.4
0.0012579999999999996,6.4
0.0012599999999999998,6.4
0.0012619999999999997,6.0
0.001264,6.0
0.0012659999999999998,5.6000000000000005
0.0012679999999999996,6.0
0.0012699999999999999,5.6000000000000005
0.0012719999999999997,6.0
0.001274,5.6000000000000005
0.0012759999999999998,5.6000000000000005
0.0012779999999999996,5.6000000000000005
0.0012799999999999999,5.6000000000000005
0.0012819999999999997,5.6000000000000005
0.001284,5.6000000000000005
0.0012859999999999998,5.2
0.0012879999999999996,5.6000000000000005
0.00129,5.2
0.0012919999999999997,5.2
0.0012939999999999996,5.2
0.0012959999999999998,5.2
0.0012979999999999997,4.800000000000001
0.0013,5.2
0.0013019999999999998,5.2
0.0013039999999999996,4.800000000000001
0.0013059999999999999,4.800000000000001
0.0013079999999999997,4.800000000000001
0.00131,4.800000000000001
0.0013119999999999998,4.800000000000001
0.0013139999999999996,4.800000000000001
0.001316,4.800000000000001
0.0013179999999999997,4.800000000000001
0.0013199999999999996,4.4
0.0013219999999999998,4.800000000000001
0.0013239999999999997,4.4
0.001326,4.4
0.0013279999999999998,4.4
0.0013299999999999996,4.4
0.0013319999999999999,4.0
0.0013339999999999997,4.4
0.001336,4.4
0.0013379999999999998,4.0
0.0013399999999999996,4.0
0.0013419999999999999,4.0
0.0013439999999999997,4.0
0.001346,4.0
0.0013479999999999998,4.0
0.0013499999999999996,4.0
0.001352,4.0
0.0013539999999999997,4.0
0.0013559999999999996,4.0
0.0013579999999999998,4.0
0.0013599999999999997,3.6
0.001362,3.6
0.0013639999999999998,3.6
0.0013659999999999996,3.6
0.0013679999999999999,3.6
0.0013699999999999997,3.6
0.001372,3.6
0.0013739999999999998,3.2
0.0013759999999999996,3.6
0.0013779999999999999,3.2
0.0013799999999999997,3.6
0.001382,3.2
0.0013839999999999998,3.2
0.0013859999999999996,3.2
0.001388,3.2
0.0013899999999999997,3.2
0.0013919999999999996,3.2
0.0013939999999999998,3.2
0.0013959999999999997,3.2
0.001398,2.8000000000000003
0.0013999999999999998,3.2
0.0014019999999999996,3.2
0.0014039999999999999,2.8000000000000003
0.0014059999999999997,2.8000000000000003
0.001408,2.8000000000000003
0.0014099999999999994,3.2
0.0014119999999999996,2.8000000000000003
0.001414,2.8000000000000003
0.0014160000000000002,2.4000000000000004
0.0014179999999999996,2.8000000000000003
0.0014199999999999998,2.8000000000000003
0.001422,2.8000000000000003
0.0014239999999999995,2.8000000000000003
0.0014259999999999998,2.8000000000000003
0.001428,2.8000000000000003
0.0014299999999999994,2.8000000000000003
0.0014319999999999997,2.8000000000000003
0.001434,2.4000000000000004
0.0014359999999999993,2.8000000000000003
0.0014379999999999996,2.4000000000000004
0.0014399999999999999,2.4000000000000004
0.0014420000000000001,2.4000000000000004
0.0014439999999999995,2.8000000000000003
0.0014459999999999998,2.4000000000000004
0.001448,2.4000000000000004
0.0014499999999999995,2.4000000000000004
0.0014519999999999997,2.4000000000000004
0.001454,2.4000000000000004
0.0014559999999999994,2.4000000000000004
0.0014579999999999997,2.4000000000000004
0.00146,2.4000000000000004
0.0014620000000000002,2.4000000000000004
0.0014639999999999996,2.4000000000000004
0.0014659999999999999,2.4000000000000004
0.0014680000000000001,2.4000000000000004
0.0014699999999999995,2.0
0.0014719999999999998,2.4000000000000004
0.001474,2.0
0.0014759999999999994,2.4000000000000004
0.0014779999999999997,2.4000000000000004
0.00148,2.4000000000000004
0.0014819999999999994,2.0
0.0014839999999999996,2.4000000000000004
0.001486,2.4000000000000004
0.0014880000000000002,2.4000000000000004
0.0014899999999999996,2.0
0.0014919999999999998,2.0
0.001494,2.0
0.0014959999999999995,2.4000000000000004
0.0014979999999999998,2.0
0.0015,2.4000000000000004
0.0015019999999999994,2.0
0.0015039999999999997,2.0
0.001506,2.4000000000000004
0.0015079999999999994,2.0
0.0015099999999999996,2.0
0.0015119999999999999,2.0
0.0015140000000000002,-27.200000000000003
0.0015159999999999996,-26.8
0.0015179999999999998,-26.400000000000002
0.00152,-26.400000000000002
0.0015219999999999995,-26.0
0.0015239999999999997,-25.6
0.001526,-25.6
0.0015279999999999994,-25.200000000000003
0.0015299999999999997,-25.200000000000003
0.001532,-24.8
0.0015339999999999993,-24.8
0.0015359999999999996,-24.400000000000002
0.0015379999999999999,-24.400000000000002
0.0015400000000000001,-24.0
0.0015419999999999995,-24.0
0.0015439999999999998,-23.6
0.001546,-23.200000000000003
0.0015479999999999995,-23.200000000000003
0.0015499999999999997,-23.200000000000003
0.001552,-22.8
0.0015539999999999994,-22.400000000000002
0.0015559999999999997,-22.400000000000002
0.001558,-22.0
0.0015600000000000002,-22.0
0.0015619999999999996,-22.0
0.0015639999999999999,-21.6
0.0015660000000000001,-21.6
0.0015679999999999995,-21.6
0.0015699999999999998,-21.200000000000003
0.001572,-20.8
0.0015739999999999994,-20.8
0.0015759999999999997,-20.400000000000002
0.001578,-20.400000000000002
0.0015799999999999994,-20.400000000000002
0.0015819999999999996,-20.0
0.001584,-19.6
0.0015860000000000002,-19.6
0.0015879999999999996,-19.6
0.0015899999999999998,-19.200000000000003
0.001592,-19.200000000000003
0.0015939999999999995,-19.200000000000003
0.0015959999999999998,-19.200000000000003
0.001598,-18.400000000000002
0.0015999999999999994,-18.400000000000002
0.0016019999999999997,-18.400000000000002
0.001604,-18.0
0.0016059999999999994,-18.0
0.0016079999999999996,-18.0
0.0016099999999999999,-17.6
0.0016120000000000002,-17.6
0.0016139999999999995,-17.6
0.0016159999999999998,-17.2
0.001618,-17.2
0.0016199999999999995,-17.2
0.0016219999999999997,-17.2
0.001624,-16.8
0.0016259999999999994,-16.400000000000002
0.0016279999999999997,-16.400000000000002
0.00163,-16.400000000000002
0.0016319999999999993,-16.0
0.0016339999999999996,-16.0
0.0016359999999999999,-15.600000000000001
0.0016380000000000001,-15.600000000000001
0.0016399999999999995,-15.600000000000001
0.0016419999999999998,-15.200000000000001
0.001644,-15.200000000000001
0.0016459999999999995,-15.200000000000001
0.0016479999999999997,-15.200000000000001
0.00165,-14.8
0.0016519999999999994,-14.8
0.0016539999999999997,-14.4
0.001656,-14.4
0.0016580000000000002,-14.4
0.0016599999999999996,-14.0
0.0016619999999999998,-14.0
0.0016640000000000001,-14.0
0.0016659999999999995,-14.0
0.0016679999999999998,-13.600000000000001
0.00167,-13.600000000000001
0.0016719999999999994,-13.200000000000001
0.0016739999999999997,-13.600000000000001
0.001676,-13.200000000000001
0.0016779999999999994,-12.8
0.0016799999999999996,-13.200000000000001
0.001682,-12.8
0.0016840000000000002,-12.8
0.0016859999999999996,-12.4
0.0016879999999999998,-12.4
0.00169,-12.4
0.0016919999999999995,-12.4
0.0016939999999999998,-12.0
0.001696,-12.0
0.0016979999999999994,-12.0
0.0016999999999999997,-11.600000000000001
0.001702,-11.600000000000001
0.0017039999999999994,-11.600000000000001
0.0017059999999999996,-11.600000000000001
0.0017079999999999999,-11.200000000000001
0.0017100000000000001,-11.200000000000001
0.0017119999999999995,-11.200000000000001
0.0017139999999999998,-10.8
0.001716,-10.8
0.0017179999999999995,-10.8
0.0017199999999999997,-10.8
0.001722,-10.8
0.0017239999999999994,-10.4
0.0017259999999999997,-10.4
0.001728,-10.0
0.0017299999999999993,-10.4
0.0017319999999999996,-10.0
0.0017339999999999999,-10.0
0.0017360000000000001,-10.0
0.0017379999999999995,-10.0
0.0017399999999999998,-9.600000000000001
0.001742,-9.600000000000001
0.0017439999999999995,-9.600000000000001
0.0017459999999999997,-9.600000000000001
0.001748,-9.600000000000001
0.0017499999999999994,-9.600000000000001
0.0017519999999999997,-9.200000000000001
0.001754,-9.200000000000001
0.0017560000000000002,-8.8
0.0017579999999999996,-8.8
0.0017599999999999998,-8.8
0.0017620000000000001,-8.8
0.0017639999999999995,-8.8
0.0017659999999999998,-8.4
0.001768,-8.8
0.0017699999999999994,-8.4
0.0017719999999999997,-8.4
0.001774,-8.4
0.0017759999999999994,-8.0
0.0017779999999999996,-8.0
0.00178,-8.0
0.0017820000000000002,-8.0
0.0017839999999999996,-8.0
0.0017859999999999998,-8.0
0.001788,-7.6000000000000005
0.0017899999999999995,-7.6000000000000005
0.0017919999999999998,-7.6000000000000005
0.001794,-7.6000000000000005
0.0017959999999999994,-7.6000000000000005
0.0017979999999999997,-7.2
0.0018,-7.6000000000000005
0.0018019999999999993,-7.2
0.0018039999999999996,-7.2
0.0018059999999999999,-7.2
0.0018080000000000001,-7.2
0.0018099999999999995,-7.2
0.0018119999999999998,-6.800000000000001
0.001814,-6.800000000000001
0.0018159999999999995,-6.800000000000001
0.0018179999999999997,-7.2
0.00182,-6.800000000000001
0.0018219999999999994,-6.4
0.0018239999999999997,-6.4
0.001826,-6.4
0.0018279999999999993,-6.4
0.0018299999999999996,-6.4
0.0018319999999999999,-6.4
0.0018340000000000001,-6.0
0.0018359999999999995,-6.0
0.0018379999999999998,-6.0
0.00184,-6.0
0.0018419999999999995,-6.0
0.0018439999999999997,-6.0
0.001846,-6.0
0.0018479999999999994,-6.0
0.0018499999999999996,-5.6000000000000005
0.001852,-5.6000000000000005
0.0018540000000000002,-5.6000000000000005
0.0018559999999999996,-5.6000000000000005
0.0018579999999999998,-5.6000000000000005
0.00186,-5.6000000000000005
0.0018619999999999995,-5.6000000000000005
0.0018639999999999998,-5.2
0.001866,-5.2
0.0018679999999999994,-5.6000000000000005
0.0018699999999999997,-5.2
0.001872,-5.2
0.0018739999999999994,-5.2
0.0018759999999999996,-5.2
0.001878,-5.2
0.0018800000000000002,-5.2
0.0018819999999999996,-5.2
0.0018839999999999998,-4.800000000000001
0.001886,-4.800000000000001
0.0018879999999999995,-4.800000000000001
0.0018899999999999998,-4.800000000000001
0.001892,-4.800000000000001
0.0018939999999999994,-4.800000000000001
0.0018959999999999997,-4.800000000000001
0.001898,-4.4
0.0018999999999999993,-4.800000000000001
0.0019019999999999996,-4.4
0.0019039999999999999,-4.4
0.0019060000000000001,-4.4
0.0019079999999999995,-4.4
0.0019099999999999998,-4.4
0.001912,24.8
0.0019139999999999995,24.8
0.0019159999999999997,24.8
0.001918,24.400000000000002
0.0019199999999999994,24.0
0.0019219999999999997,24.0
0.001924,24.0
0.0019259999999999993,23.6
0.0019279999999999996,23.200000000000003
0.0019299999999999999,23.200000000000003
0.0019320000000000001,22.8
0.0019339999999999995,22.8
0.0019359999999999998,22.8
0.001938,22.400000000000002
0.0019399999999999995,22.400000000000002
0.0019419999999999997,22.0
0.001944,22.0
0.0019459999999999994,22.0
0.0019479999999999996,21.6
0.00195,21.6
0.0019520000000000002,21.6
0.0019539999999999996,21.200000000000003
0.001956,21.200000000000003
0.001958,20.8
0.0019599999999999995,20.8
0.0019619999999999998,20.400000000000002
0.001964,20.400000000000002
0.0019659999999999994,20.0
0.0019679999999999997,20.0
0.00197,20.0
0.0019719999999999994,19.6
0.0019739999999999996,19.200000000000003
0.001976,19.6
0.001978,19.200000000000003
0.0019799999999999996,19.200000000000003
0.001982,18.8
0.001984,18.400000000000002
0.0019859999999999995,18.400000000000002
0.0019879999999999997,18.400000000000002
0.00199,18.0
0.0019919999999999994,18.0
0.0019939999999999997,18.0
0.001996,17.6
0.0019979999999999993,17.6
0.0019999999999999996,17.2
0.002002,17.2
0.002004,17.2
0.0020059999999999995,16.8
0.002008,16.8
0.00201,16.8
0.0020119999999999995,16.400000000000002
0.0020139999999999997,16.400000000000002
0.002016,16.400000000000002
0.0020179999999999994,16.0
0.0020199999999999997,16.0
0.002022,15.600000000000001
0.0020239999999999993,15.600000000000001
0.0020259999999999996,15.600000000000001
0.002028,15.600000000000001
0.00203,15.200000000000001
0.0020319999999999995,15.200000000000001
0.002034,15.200000000000001
0.002036,14.8
0.0020379999999999994,14.8
0.0020399999999999997,14.8
0.002042,14.4
0.0020439999999999994,14.4
0.0020459999999999996,14.4
0.002048,14.0
0.00205,14.0
0.0020519999999999996,14.0
0.002054,13.600000000000001
0.002056,13.600000000000001
0.0020579999999999995,13.600000000000001
0.0020599999999999998,13.200000000000001
0.002062,13.200000000000001
0.0020639999999999994,12.8
0.0020659999999999997,13.200000000000001
0.002068,12.8
0.0020699999999999994,12.8
0.0020719999999999996,12.8
0.002074,12.4
0.002076,12.0
0.0020779999999999996,12.0
0.00208,12.0
0.002082,12.0
0.0020839999999999995,12.0
0.0020859999999999997,12.0
0.002088,11.600000000000001
0.0020899999999999994,11.600000000000001
0.0020919999999999997,11.600000000000001
0.002094,11.600000000000001
0.0020959999999999993,11.600000000000001
0.0020979999999999996,11.200000000000001
0.0021,11.200000000000001
0.002102,11.200000000000001
0.0021039999999999995,10.8
0.002106,10.8
0.002108,10.0
0.0021099999999999995,10.4
0.0021119999999999997,10.4
0.002114,10.4
0.0021159999999999994,10.0
0.0021179999999999997,10.0
0.00212,10.0
0.0021219999999999993,10.0
0.0021239999999999996,10.0
0.002126,9.600000000000001
0.002128,9.600000000000001
0.0021299999999999995,9.600000000000001
0.0021319999999999998,9.200000000000001
0.002134,9.600000000000001
0.0021359999999999994,9.200000000000001
0.0021379999999999997,9.200000000000001
0.00214,9.200000000000001
0.0021419999999999994,9.200000000000001
0.0021439999999999996,9.200000000000001
0.002146,8.8
0.002148,8.8
0.0021499999999999996,8.8
0.002152,8.8
0.002154,8.8
0.0021559999999999995,8.4
0.0021579999999999998,8.4
0.00216,8.4
0.0021619999999999994,8.4
0.0021639999999999997,8.0
0.002166,8.4
0.0021679999999999994,8.0
0.0021699999999999996,8.0
0.002172,8.0
0.002174,8.0
0.0021759999999999995,7.6000000000000005
0.002178,7.6000000000000005
0.00218,7.6000000000000005
0.0021819999999999995,7.2
0.0021839999999999997,7.6000000000000005
0.002186,7.2
0.0021879999999999994,7.2
0.0021899999999999997,7.2
0.002192,7.2
0.0021939999999999993,7.2
0.0021959999999999996,6.800000000000001
0.002198,6.4
0.0022,6.800000000000001
0.0022019999999999995,6.800000000000001
0.002204,6.4
0.002206,6.4
0.0022079999999999995,6.4
0.0022099999999999997,6.4
0.002212,6.4
0.0022139999999999994,6.4
0.0022159999999999997,6.4
0.002218,6.0
0.0022199999999999993,6.0
0.0022219999999999996,6.4
0.002224,6.0
0.002226,5.6000000000000005
0.0022279999999999995,6.0
0.0022299999999999998,5.6000000000000005
0.002232,6.0
0.0022339999999999994,5.6000000000000005
0.0022359999999999997,5.6000000000000005
0.002238,5.6000000000000005
0.0022399999999999994,5.6000000000000005
0.0022419999999999996,5.2
0.002244,5.2
0.002246,5.2
0.0022479999999999996,5.2
0.00225,5.2
0.002252,5.2
0.0022539999999999995,5.2
0.0022559999999999998,5.2
0.002258,5.2
0.0022599999999999994,5.2
0.0022619999999999997,4.800000000000001
0.002264,4.800000000000001
0.0022659999999999994,4.800000000000001
0.0022679999999999996,4.800000000000001
0.00227,4.800000000000001
0.002272,4.800000000000001
0.0022739999999999995,4.4
0.002276,4.800000000000001
0.002278,4.4
0.0022799999999999995,4.800000000000001
0.0022819999999999997,4.4
0.002284,4.4
0.0022859999999999994,4.4
0.0022879999999999997,4.4
0.00229,4.4
0.0022919999999999993,4.0
0.0022939999999999996,4.4
0.002296,4.0
0.002298,4.0
0.0022999999999999995,4.4
0.002302,4.0
0.002304,4.0
0.0023059999999999995,4.0
0.0023079999999999997,4.0
0.00231,4.0
0.0023119999999999994,4.0
0.0023139999999999997,3.6
0.002316,3.6
0.0023179999999999993,3.6
0.0023199999999999996,3.6
0.002322,3.6
0.002324,3.6
0.0023259999999999995,3.6
0.0023279999999999998,3.6
0.00233,3.6
0.0023319999999999994,3.6
0.0023339999999999997,3.6
0.002336,3.6
0.0023379999999999994,3.6
0.0023399999999999996,3.2
0.002342,3.2
0.0023439999999999993,3.2
0.0023459999999999996,3.2
0.002348,3.2
0.00235,3.2
0.0023519999999999995,3.2
0.0023539999999999998,3.2
0.002356,3.2
0.0023579999999999994,2.8000000000000003
0.0023599999999999997,3.2
0.002362,2.8000000000000003
0.0023639999999999993,2.8000000000000003
0.0023659999999999996,2.8000000000000003
0.002368,2.8000000000000003
0.00237,3.2
0.0023719999999999995,2.8000000000000003
0.002374,2.8000000000000003
0.002376,2.8000000000000003
0.0023779999999999995,2.8000000000000003
0.0023799999999999997,2.8000000000000003
0.002382,2.8000000000000003
0.0023839999999999994,2.8000000000000003
0.0023859999999999997,2.8000000000000003
0.002388,2.8000000000000003
0.0023899999999999993,2.8000000000000003
0.0023919999999999996,2.4000000000000004
0.002394,2.4000000000000004
0.002396,2.8000000000000003
0.0023979999999999995,2.8000000000000003
0.0024,2.4000000000000004
0.002402,2.4000000000000004
0.0024039999999999995,2.8000000000000003
0.0024059999999999997,2.4000000000000004
0.002408,2.4000000000000004
0.0024099999999999994,2.4000000000000004
0.0024119999999999996,2.4000000000000004
0.002414,2.4000000000000004
0.0024159999999999993,2.4000000000000004
0.0024179999999999996,2.4000000000000004
0.00242,2.4000000000000004
0.002422,2.4000000000000004
0.0024239999999999995,2.0
0.0024259999999999998,2.4000000000000004
0.002428,2.4000000000000004
0.0024299999999999994,2.4000000000000004
0.0024319999999999997,2.4000000000000004
0.002434,2.4000000000000004
0.0024359999999999994,2.0
0.0024379999999999996,2.4000000000000004
0.00244,2.0
0.0024419999999999993,2.4000000000000004
0.0024439999999999996,2.4000000000000004
0.002446,2.0
0.002448,2.0
0.0024499999999999995,2.0
0.0024519999999999998,2.0
0.002454,2.0
0.0024559999999999994,2.0
0.0024579999999999997,2.4000000000000004
0.00246,2.4000000000000004
0.0024619999999999993,2.0
0.0024639999999999996,2.0
0.002466,2.0
0.002468,2.0
0.0024699999999999995,-26.8
0.002472,-26.8
0.002474,-26.400000000000002
0.0024759999999999995,-26.400000000000002
0.0024779999999999997,-26.0
0.00248,-26.0
0.0024819999999999994,-25.6
0.0024839999999999997,-25.6
0.002486,-25.6
0.0024879999999999993,-25.200000000000003
0.0024899999999999996,-24.8
0.002492,-24.400000000000002
0.002494,-24.400000000000002
0.0024959999999999995,-24.0
0.002498,-23.6
