t,V_out,V_R
-5e-05,1.68,0.12
-4.996e-05,1.6,0.12
-4.992e-05,1.68,0.12
-4.9880000000000004e-05,1.6,0.16
-4.9840000000000004e-05,1.6,0.2
-4.9800000000000004e-05,1.68,0.2
-4.9760000000000005e-05,1.52,0.2
-4.9720000000000005e-05,1.6,0.24
-4.9680000000000005e-05,1.6,0.28
-4.964e-05,1.52,0.2
-4.96e-05,1.52,0.28
-4.956e-05,1.52,0.28
-4.952e-05,1.52,0.36
-4.948e-05,1.52,0.32
-4.944e-05,1.52,0.32
-4.94e-05,1.52,0.28
-4.936e-05,1.44,0.36
-4.932e-05,1.44,0.4
-4.928e-05,1.44,0.4
-4.924e-05,1.52,0.4
-4.92e-05,1.36,0.44
-4.9160000000000004e-05,1.36,0.4
-4.9120000000000004e-05,1.36,0.44
-4.9080000000000004e-05,1.36,0.44
-4.9040000000000005e-05,1.36,0.44
-4.9000000000000005e-05,1.28,0.52
-4.8960000000000006e-05,1.28,0.48
-4.892e-05,1.36,0.52
-4.888e-05,1.28,0.48
-4.884e-05,1.36,0.52
-4.88e-05,1.28,0.56
-4.876e-05,1.2,0.56
-4.872e-05,1.28,0.56
-4.868e-05,1.28,0.6
-4.864e-05,1.28,0.56
-4.86e-05,1.2,0.6
-4.856e-05,1.12,0.6
-4.852e-05,1.12,0.64
-4.8480000000000003e-05,1.12,0.68
-4.8440000000000004e-05,1.12,0.68
-4.8400000000000004e-05,1.12,0.68
-4.8360000000000005e-05,1.04,0.72
-4.8320000000000005e-05,1.04,0.72
-4.8280000000000005e-05,1.04,0.72
-4.824e-05,1.12,0.72
-4.82e-05,1.12,0.76
-4.816e-05,1.04,0.76
-4.812e-05,1.04,0.76
-4.808e-05,0.88,0.8
-4.804e-05,0.96,0.8
-4.8e-05,0.88,0.84
-4.796e-05,0.96,0.84
-4.792e-05,0.96,0.84
-4.788e-05,0.88,0.84
-4.784e-05,0.96,0.88
-4.78e-05,0.8,0.88
-4.7760000000000004e-05,0.96,0.88
-4.7720000000000004e-05,0.8,0.92
-4.7680000000000004e-05,0.8,0.92
-4.7640000000000005e-05,0.88,0.96
-4.7600000000000005e-05,0.8,1.0
-4.7560000000000005e-05,0.8,0.96
-4.7520000000000006e-05,0.8,0.96
-4.748e-05,0.8,1.0
-4.744e-05,0.72,0.96
-4.74e-05,0.64,1.04
-4.736e-05,0.72,1.0
-4.732e-05,0.72,1.04
-4.728e-05,0.64,1.0
-4.724e-05,0.64,1.08
-4.72e-05,0.64,1.08
-4.716e-05,0.56,1.04
-4.712e-05,0.56,1.12
-4.708e-05,0.64,1.12
-4.7040000000000004e-05,0.48,1.12
-4.7000000000000004e-05,0.56,1.12
-4.6960000000000004e-05,0.4,1.16
-4.6920000000000005e-05,0.48,1.16
-4.6880000000000005e-05,0.48,1.16
-4.6840000000000006e-05,0.4,1.16
-4.68e-05,0.48,1.16
-4.676e-05,0.48,1.16
-4.672e-05,0.48,1.2
-4.668e-05,0.4,1.16
-4.664e-05,0.32,1.2
-4.66e-05,0.32,1.24
-4.656e-05,0.32,1.2
-4.652e-05,0.32,1.24
-4.648e-05,0.4,1.28
-4.644e-05,0.24,1.32
-4.64e-05,0.16,1.28
-4.636e-05,0.24,1.28
-4.6320000000000004e-05,0.16,1.32
-4.6280000000000004e-05,0.24,1.32
-4.6240000000000005e-05,0.16,1.36
-4.6200000000000005e-05,0.16,1.32
-4.6160000000000005e-05,0.16,1.36
-4.612e-05,0.16,1.36
-4.6080000000000006e-05,0.16,1.4000000000000001
-4.604e-05,0.16,1.4000000000000001
-4.6e-05,0.08,1.4000000000000001
-4.596e-05,0.08,1.4000000000000001
-4.592e-05,0.08,1.4000000000000001
-4.588e-05,0.08,1.4000000000000001
-4.584e-05,0.0,1.44
-4.58e-05,-0.08,1.4000000000000001
-4.576e-05,0.0,1.44
-4.572e-05,-0.08,1.48
-4.568e-05,0.0,1.44
-4.5640000000000003e-05,-0.08,1.44
-4.5600000000000004e-05,-0.16,1.48
-4.5560000000000004e-05,-0.16,1.48
-4.5520000000000005e-05,-0.16,1.48
-4.5480000000000005e-05,-0.08,1.44
-4.544e-05,-0.08,1.48
-4.5400000000000006e-05,-0.16,1.52
-4.536e-05,-0.24,1.52
-4.532e-05,-0.24,1.52
-4.528e-05,-0.16,1.52
-4.524e-05,-0.24,1.52
-4.52e-05,-0.24,1.52
-4.516e-05,-0.32,1.56
-4.512e-05,-0.32,1.52
-4.508e-05,-0.4,1.56
-4.504e-05,-0.4,1.6
-4.5e-05,-0.4,1.6
-4.496e-05,-0.32,1.56
-4.4920000000000004e-05,-0.32,1.56
-4.4880000000000004e-05,-0.4,1.6
-4.4840000000000004e-05,-0.4,1.6
-4.4800000000000005e-05,-0.4,1.6
-4.4760000000000005e-05,-0.48,1.6
-4.4720000000000006e-05,-0.4,1.6
-4.468e-05,-0.56,1.6
-4.464e-05,-0.56,1.6
-4.46e-05,-0.56,1.6
-4.456e-05,-0.56,1.6400000000000001
-4.452e-05,-0.56,1.6400000000000001
-4.448e-05,-0.64,1.6400000000000001
-4.444e-05,-0.56,1.68
-4.44e-05,-0.64,1.68
-4.436e-05,-0.64,1.68
-4.432e-05,-0.64,1.68
-4.428e-05,-0.64,1.6400000000000001
-4.424e-05,-0.64,1.72
-4.4200000000000004e-05,-0.72,1.72
-4.4160000000000004e-05,-0.64,1.6400000000000001
-4.4120000000000004e-05,-0.72,1.6400000000000001
-4.4080000000000005e-05,-0.8,1.72
-4.4040000000000005e-05,-0.8,1.72
-4.4e-05,-0.8,1.72
-4.3960000000000006e-05,-0.8,1.72
-4.392e-05,-0.88,1.72
-4.388e-05,-0.8,1.72
-4.384e-05,-0.8,1.72
-4.38e-05,-0.88,1.72
-4.376e-05,-0.88,1.72
-4.372e-05,-0.88,1.72
-4.368e-05,-0.96,1.72
-4.364e-05,-0.88,1.72
-4.36e-05,-0.96,1.72
-4.356e-05,-0.96,1.76
-4.3520000000000003e-05,-0.96,1.72
-4.3480000000000004e-05,-1.04,1.72
-4.3440000000000004e-05,-0.96,1.72
-4.3400000000000005e-05,-1.12,1.72
-4.3360000000000005e-05,-1.04,1.72
-4.332e-05,-1.04,1.72
-4.3280000000000006e-05,-1.04,1.72
-4.324e-05,-1.04,1.72
-4.32e-05,-1.12,1.76
-4.316e-05,-1.04,1.76
-4.312e-05,-1.12,1.76
-4.308e-05,-1.12,1.76
-4.304e-05,-1.12,1.72
-4.3e-05,-1.2,1.72
-4.296e-05,-1.2,1.72
-4.292e-05,-1.2,1.76
-4.288e-05,-1.28,1.72
-4.284e-05,-1.28,1.76
-4.2800000000000004e-05,-1.28,1.72
-4.2760000000000004e-05,-1.28,1.76
-4.2720000000000004e-05,-1.28,1.72
-4.2680000000000005e-05,-1.28,1.72
-4.2640000000000005e-05,-1.28,1.72
-4.2600000000000005e-05,-1.36,1.72
-4.256e-05,-1.36,1.76
-4.252e-05,-1.36,1.72
-4.248e-05,-1.36,1.76
-4.244e-05,-1.44,1.8
-4.24e-05,-1.44,1.76
-4.236e-05,-1.44,1.8
-4.232e-05,-1.52,1.76
-4.228e-05,-1.36,1.72
-4.224e-05,-1.52,1.72
-4.22e-05,-1.44,1.76
-4.216e-05,-1.52,1.72
-4.212e-05,-1.52,1.72
-4.2080000000000004e-05,-1.44,1.72
-4.2040000000000004e-05,-1.6,1.76
-4.2000000000000004e-05,-1.52,1.76
-4.196e-05,-1.52,1.68
-4.1920000000000005e-05,-1.52,1.76
-4.188e-05,-1.52,1.72
-4.1840000000000006e-05,-1.6,1.68
-4.18e-05,-1.68,1.68
-4.176e-05,-1.6,1.68
-4.172e-05,-1.6,1.68
-4.168e-05,-1.68,1.68
-4.164e-05,-1.68,1.68
-4.16e-05,-1.68,1.68
-4.156e-05,-1.52,1.68
-4.152e-05,-1.68,1.68
-4.148e-05,-1.68,1.6400000000000001
-4.144e-05,-1.76,1.68
-4.1400000000000003e-05,-1.76,1.68
-4.1360000000000004e-05,-1.68,1.6400000000000001
-4.1320000000000004e-05,-1.76,1.6400000000000001
-4.1280000000000005e-05,-1.76,1.6400000000000001
-4.1240000000000005e-05,-1.76,1.6400000000000001
-4.12e-05,-1.76,1.6400000000000001
-4.1160000000000006e-05,-1.76,1.68
-4.112e-05,-1.76,1.6
-4.108e-05,-1.76,1.6
-4.104e-05,-1.76,1.6400000000000001
-4.1e-05,-1.76,1.6400000000000001
-4.096e-05,-1.84,1.6
-4.092e-05,-1.84,1.6
-4.088e-05,-1.84,1.56
-4.084e-05,-1.92,1.6400000000000001
-4.08e-05,-1.92,1.6
-4.076e-05,-1.84,1.56
-4.072e-05,-1.84,1.56
-4.0680000000000004e-05,-1.92,1.56
-4.0640000000000004e-05,-2.0,1.56
-4.0600000000000004e-05,-1.92,1.6
-4.0560000000000005e-05,-1.92,1.52
-4.052e-05,-1.92,1.52
-4.0480000000000005e-05,-1.92,1.56
-4.044e-05,-1.84,1.48
-4.0400000000000006e-05,-2.0,1.52
-4.036e-05,-2.0,1.52
-4.032e-05,-1.92,1.52
-4.028e-05,-2.0,1.52
-4.024e-05,-2.0,1.52
-4.02e-05,-1.92,1.48
-4.016e-05,-2.0,1.52
-4.012e-05,-2.0,1.48
-4.008e-05,-2.0,1.48
-4.004e-05,-2.0,1.44
-4e-05,-2.08,1.44
-3.9960000000000004e-05,-2.0,1.44
-3.9920000000000004e-05,-2.0,1.4000000000000001
-3.9880000000000004e-05,-2.08,1.4000000000000001
-3.984e-05,-2.0,1.36
-3.9800000000000005e-05,-2.08,1.36
-3.976e-05,-2.08,1.36
-3.9720000000000006e-05,-2.0,1.36
-3.968e-05,-2.0,1.36
-3.964e-05,-2.08,1.36
-3.96e-05,-2.08,1.32
-3.956e-05,-2.16,1.32
-3.952e-05,-2.08,1.28
-3.948e-05,-2.08,1.32
-3.944e-05,-2.08,1.28
-3.94e-05,-2.08,1.28
-3.936e-05,-2.08,1.32
-3.932e-05,-2.16,1.28
-3.9280000000000003e-05,-2.08,1.28
-3.9240000000000004e-05,-2.08,1.24
-3.9200000000000004e-05,-2.08,1.2
-3.9160000000000005e-05,-2.16,1.2
-3.9120000000000005e-05,-2.16,1.2
-3.908e-05,-2.16,1.28
-3.9040000000000006e-05,-2.16,1.2
-3.9e-05,-2.08,1.2
-3.896e-05,-2.08,1.2
-3.892e-05,-2.16,1.2
-3.888e-05,-2.08,1.16
-3.884e-05,-2.08,1.16
-3.88e-05,-2.24,1.12
-3.876e-05,-2.08,1.12
-3.872e-05,-2.16,1.12
-3.868e-05,-2.24,1.08
-3.864e-05,-2.16,1.08
-3.86e-05,-2.16,1.04
-3.8560000000000004e-05,-2.08,1.08
-3.8520000000000004e-05,-2.08,1.04
-3.8480000000000004e-05,-2.16,1.08
-3.8440000000000005e-05,-2.16,1.04
-3.84e-05,-2.16,1.08
-3.8360000000000005e-05,-2.16,1.04
-3.832e-05,-2.08,0.96
-3.8280000000000006e-05,-2.16,1.0
-3.824e-05,-2.16,1.0
-3.82e-05,-2.24,0.96
-3.816e-05,-2.16,0.96
-3.812e-05,-2.08,0.92
-3.808e-05,-2.16,0.96
-3.804e-05,-2.08,0.92
-3.8e-05,-2.16,0.96
-3.796e-05,-2.16,0.92
-3.792e-05,-2.16,0.88
-3.788e-05,-2.16,0.84
-3.7840000000000004e-05,-2.24,0.88
-3.7800000000000004e-05,-2.16,0.84
-3.7760000000000004e-05,-2.08,0.8
-3.772e-05,-2.08,0.8
-3.7680000000000005e-05,-2.16,0.8
-3.764e-05,-2.08,0.8
-3.7600000000000006e-05,-2.16,0.76
-3.756e-05,-2.16,0.76
-3.752e-05,-2.08,0.76
-3.748e-05,-2.08,0.76
-3.744e-05,-2.08,0.68
-3.74e-05,-2.16,0.72
-3.736e-05,-2.08,0.72
-3.732e-05,-2.08,0.68
-3.728e-05,-2.08,0.72
-3.724e-05,-2.16,0.64
-3.72e-05,-2.08,0.64
-3.716e-05,-2.08,0.64
-3.7120000000000004e-05,-2.0,0.6
-3.7080000000000004e-05,-2.08,0.6
-3.7040000000000005e-05,-2.0,0.56
-3.7000000000000005e-05,-2.08,0.56
-3.696e-05,-2.08,0.56
-3.6920000000000006e-05,-2.0,0.56
-3.688e-05,-2.0,0.52
-3.684e-05,-2.08,0.52
-3.68e-05,-2.0,0.52
-3.676e-05,-2.0,0.48
-3.672e-05,-2.0,0.44
-3.668e-05,-2.08,0.48
-3.664e-05,-2.0,0.48
-3.66e-05,-1.92,0.44
-3.656e-05,-2.0,0.44
-3.652e-05,-2.0,0.4
-3.648e-05,-2.0,0.36
-3.6440000000000003e-05,-1.92,0.36
-3.6400000000000004e-05,-2.0,0.32
-3.6360000000000004e-05,-1.92,0.36
-3.6320000000000005e-05,-2.0,0.36
-3.628e-05,-2.0,0.32
-3.6240000000000005e-05,-1.92,0.28
-3.62e-05,-2.0,0.28
-3.6160000000000006e-05,-1.92,0.24
-3.612e-05,-1.92,0.28
-3.608e-05,-1.92,0.28
-3.604e-05,-1.92,0.24
-3.6e-05,-1.92,0.24
-3.596e-05,-1.84,0.24
-3.592e-05,-1.84,0.24
-3.588e-05,-1.84,0.16
-3.584e-05,-1.92,0.2
-3.58e-05,-1.84,0.16
-3.576e-05,-1.84,0.16
-3.5720000000000004e-05,-1.76,0.12
-3.5680000000000004e-05,-1.84,0.12
-3.5640000000000004e-05,-1.84,0.12
-3.56e-05,-1.84,0.08
-3.5560000000000005e-05,-1.84,0.04
-3.552e-05,-1.68,0.08
-3.5480000000000006e-05,-1.84,0.04
-3.544e-05,-1.84,0.04
-3.54e-05,-1.76,0.0
-3.536e-05,-1.76,-0.04
-3.532e-05,-1.76,0.04
-3.528e-05,-1.76,-0.04
-3.524e-05,-1.76,-0.04
-3.52e-05,-1.76,-0.08
-3.516e-05,-1.68,-0.04
-3.512e-05,-1.76,-0.08
-3.508e-05,-1.68,-0.12
-3.504e-05,-1.68,-0.12
-3.5000000000000004e-05,-1.76,-0.12
-3.4960000000000004e-05,-1.6,-0.16
-3.4920000000000004e-05,-1.6,-0.2
-3.4880000000000005e-05,-1.6,-0.16
-3.484e-05,-1.52,-0.2
-3.4800000000000006e-05,-1.6,-0.2
-3.476e-05,-1.6,-0.2
-3.4720000000000006e-05,-1.6,-0.2
-3.468e-05,-1.52,-0.24
-3.464e-05,-1.52,-0.28
-3.46e-05,-1.52,-0.28
-3.456e-05,-1.52,-0.24
-3.452e-05,-1.6,-0.28
-3.448e-05,-1.44,-0.32
-3.444e-05,-1.52,-0.32
-3.44e-05,-1.52,-0.32
-3.436e-05,-1.44,-0.36
-3.4320000000000003e-05,-1.52,-0.4
-3.4280000000000004e-05,-1.44,-0.4
-3.424e-05,-1.52,-0.36
-3.4200000000000005e-05,-1.44,-0.44
-3.416e-05,-1.36,-0.44
-3.4120000000000005e-05,-1.28,-0.4
-3.408e-05,-1.44,-0.52
-3.4040000000000006e-05,-1.36,-0.48
-3.4e-05,-1.28,-0.44
-3.396000000000001e-05,-1.36,-0.48
-3.392e-05,-1.36,-0.52
-3.388e-05,-1.28,-0.52
-3.384e-05,-1.28,-0.52
-3.38e-05,-1.2,-0.56
-3.376e-05,-1.28,-0.56
-3.372e-05,-1.28,-0.6
-3.368e-05,-1.2,-0.56
-3.364e-05,-1.28,-0.64
-3.3600000000000004e-05,-1.12,-0.6
-3.356e-05,-1.12,-0.68
-3.3520000000000004e-05,-1.2,-0.64
-3.348e-05,-1.12,-0.64
-3.3440000000000005e-05,-1.12,-0.64
-3.34e-05,-1.12,-0.68
-3.3360000000000006e-05,-1.04,-0.68
-3.332e-05,-1.04,-0.68
-3.328000000000001e-05,-1.04,-0.68
-3.324e-05,-1.04,-0.76
-3.32e-05,-1.12,-0.76
-3.316e-05,-0.96,-0.8
-3.312e-05,-0.96,-0.76
-3.308e-05,-1.04,-0.8
-3.304e-05,-1.04,-0.8
-3.3e-05,-0.88,-0.84
-3.296e-05,-0.96,-0.84
-3.292e-05,-0.96,-0.88
-3.2880000000000004e-05,-1.04,-0.88
-3.2840000000000004e-05,-0.88,-0.88
-3.28e-05,-0.88,-0.92
-3.2760000000000005e-05,-0.8,-0.88
-3.272e-05,-0.88,-0.92
-3.2680000000000006e-05,-0.88,-0.92
-3.264e-05,-0.8,-0.92
-3.2600000000000006e-05,-0.8,-0.92
-3.256e-05,-0.8,-0.96
-3.252e-05,-0.72,-0.96
-3.248e-05,-0.8,-1.0
-3.244e-05,-0.72,-1.0
-3.24e-05,-0.72,-1.0
-3.236e-05,-0.64,-1.0
-3.232e-05,-0.72,-1.04
-3.228e-05,-0.56,-1.04
-3.224e-05,-0.56,-1.04
-3.2200000000000003e-05,-0.56,-1.04
-3.2160000000000004e-05,-0.64,-1.08
-3.212e-05,-0.64,-1.12
-3.2080000000000005e-05,-0.56,-1.12
-3.204e-05,-0.56,-1.12
-3.2000000000000005e-05,-0.56,-1.08
-3.196e-05,-0.56,-1.08
-3.1920000000000006e-05,-0.48,-1.12
-3.188e-05,-0.48,-1.16
-3.184000000000001e-05,-0.48,-1.2
-3.18e-05,-0.48,-1.16
-3.176e-05,-0.48,-1.2
-3.172e-05,-0.32,-1.2
-3.168e-05,-0.4,-1.2
-3.164e-05,-0.4,-1.24
-3.16e-05,-0.4,-1.24
-3.156e-05,-0.32,-1.24
-3.152e-05,-0.32,-1.28
-3.1480000000000004e-05,-0.24,-1.24
-3.144e-05,-0.32,-1.28
-3.1400000000000004e-05,-0.24,-1.28
-3.136e-05,-0.24,-1.24
-3.1320000000000005e-05,-0.24,-1.28
-3.128e-05,-0.24,-1.28
-3.1240000000000006e-05,-0.24,-1.32
-3.12e-05,-0.24,-1.32
-3.1160000000000007e-05,-0.16,-1.4000000000000001
-3.112e-05,-0.16,-1.32
-3.108e-05,-0.16,-1.36
-3.104e-05,-0.08,-1.32
-3.1e-05,-0.08,-1.36
-3.096e-05,-0.08,-1.44
-3.092e-05,0.0,-1.36
-3.088e-05,0.0,-1.4000000000000001
-3.084e-05,-0.08,-1.4000000000000001
-3.08e-05,0.0,-1.44
-3.0760000000000004e-05,0.0,-1.44
-3.0720000000000004e-05,0.08,-1.44
-3.068e-05,0.08,-1.44
-3.0640000000000005e-05,0.0,-1.44
-3.06e-05,0.08,-1.44
-3.0560000000000006e-05,0.0,-1.44
-3.052e-05,0.08,-1.44
-3.0480000000000003e-05,0.16,-1.44
-3.0440000000000003e-05,0.16,-1.48
-3.04e-05,0.16,-1.52
-3.036e-05,0.16,-1.48
-3.032e-05,0.16,-1.48
-3.028e-05,0.16,-1.52
-3.0240000000000002e-05,0.24,-1.52
-3.0200000000000002e-05,0.32,-1.56
-3.0160000000000003e-05,0.32,-1.56
-3.0120000000000003e-05,0.32,-1.6
-3.0080000000000003e-05,0.32,-1.52
-3.004e-05,0.32,-1.56
-3e-05,0.4,-1.56
-2.996e-05,0.32,-1.56
-2.992e-05,0.4,-1.56
-2.9880000000000002e-05,0.4,-1.52
-2.9840000000000002e-05,0.48,-1.6
-2.9800000000000003e-05,0.4,-1.6
-2.9760000000000003e-05,0.4,-1.6
-2.9720000000000003e-05,0.48,-1.6
-2.968e-05,0.48,-1.6
-2.964e-05,0.48,-1.6400000000000001
-2.96e-05,0.56,-1.6400000000000001
-2.956e-05,0.48,-1.6400000000000001
-2.9520000000000002e-05,0.48,-1.6
-2.9480000000000002e-05,0.56,-1.68
-2.9440000000000003e-05,0.56,-1.6
-2.9400000000000003e-05,0.56,-1.6400000000000001
-2.9360000000000003e-05,0.56,-1.6400000000000001
-2.932e-05,0.72,-1.6400000000000001
-2.928e-05,0.8,-1.68
-2.924e-05,0.72,-1.6400000000000001
-2.92e-05,0.72,-1.68
-2.9160000000000002e-05,0.64,-1.68
-2.9120000000000002e-05,0.8,-1.68
-2.9080000000000003e-05,0.8,-1.6400000000000001
-2.9040000000000003e-05,0.72,-1.6
-2.9000000000000004e-05,0.72,-1.6400000000000001
-2.896e-05,0.8,-1.72
-2.892e-05,0.88,-1.68
-2.888e-05,0.88,-1.6400000000000001
-2.8840000000000002e-05,0.88,-1.68
-2.8800000000000002e-05,0.88,-1.72
-2.8760000000000002e-05,0.88,-1.68
-2.8720000000000003e-05,0.88,-1.68
-2.8680000000000003e-05,0.88,-1.72
-2.8640000000000004e-05,0.88,-1.68
-2.86e-05,0.96,-1.68
-2.856e-05,0.88,-1.68
-2.852e-05,0.96,-1.72
-2.8480000000000002e-05,0.96,-1.72
-2.8440000000000002e-05,1.04,-1.72
-2.8400000000000003e-05,1.04,-1.68
-2.8360000000000003e-05,1.12,-1.68
-2.8320000000000003e-05,1.12,-1.72
-2.828e-05,1.04,-1.72
-2.824e-05,1.04,-1.72
-2.82e-05,1.04,-1.72
-2.816e-05,1.12,-1.76
-2.8120000000000002e-05,1.12,-1.76
-2.8080000000000002e-05,1.04,-1.72
-2.8040000000000003e-05,1.2,-1.72
-2.8000000000000003e-05,1.2,-1.68
-2.7960000000000003e-05,1.2,-1.76
-2.792e-05,1.12,-1.68
-2.788e-05,1.2,-1.72
-2.784e-05,1.36,-1.72
-2.78e-05,1.12,-1.72
-2.7760000000000002e-05,1.28,-1.76
-2.7720000000000002e-05,1.28,-1.68
-2.7680000000000003e-05,1.28,-1.76
-2.7640000000000003e-05,1.36,-1.76
-2.7600000000000003e-05,1.36,-1.72
-2.756e-05,1.36,-1.72
-2.752e-05,1.36,-1.76
-2.748e-05,1.44,-1.72
-2.744e-05,1.44,-1.76
-2.7400000000000002e-05,1.44,-1.72
-2.7360000000000002e-05,1.44,-1.72
-2.7320000000000003e-05,1.44,-1.72
-2.7280000000000003e-05,1.44,-1.72
-2.7240000000000003e-05,1.44,-1.68
-2.72e-05,1.52,-1.72
-2.716e-05,1.52,-1.72
-2.712e-05,1.52,-1.68
-2.708e-05,1.6,-1.72
-2.7040000000000002e-05,1.52,-1.72
-2.7000000000000002e-05,1.6,-1.68
-2.6960000000000003e-05,1.52,-1.72
-2.6920000000000003e-05,1.6,-1.68
-2.6880000000000004e-05,1.6,-1.68
-2.684e-05,1.6,-1.68
-2.68e-05,1.6,-1.6400000000000001
-2.676e-05,1.6,-1.72
-2.672e-05,1.6,-1.72
-2.6680000000000002e-05,1.6,-1.68
-2.6640000000000002e-05,1.68,-1.6400000000000001
-2.6600000000000003e-05,1.6,-1.6400000000000001
-2.6560000000000003e-05,1.68,-1.68
-2.6520000000000004e-05,1.76,-1.6400000000000001
-2.648e-05,1.68,-1.68
-2.644e-05,1.76,-1.68
-2.64e-05,1.76,-1.68
-2.6360000000000002e-05,1.68,-1.68
-2.6320000000000002e-05,1.68,-1.6
-2.6280000000000002e-05,1.76,-1.6
-2.6240000000000003e-05,1.76,-1.6400000000000001
-2.6200000000000003e-05,1.76,-1.6400000000000001
-2.616e-05,1.76,-1.6400000000000001
-2.612e-05,1.84,-1.6400000000000001
-2.608e-05,1.76,-1.6
-2.604e-05,1.76,-1.6400000000000001
-2.6000000000000002e-05,1.84,-1.6
-2.5960000000000002e-05,1.84,-1.6
-2.5920000000000003e-05,1.84,-1.56
-2.5880000000000003e-05,1.92,-1.6
-2.5840000000000003e-05,1.84,-1.6
-2.58e-05,1.92,-1.56
-2.576e-05,1.84,-1.56
-2.572e-05,1.84,-1.52
-2.568e-05,1.92,-1.6
-2.5640000000000002e-05,1.92,-1.56
-2.5600000000000002e-05,1.92,-1.52
-2.5560000000000003e-05,1.84,-1.52
-2.5520000000000003e-05,2.0,-1.52
-2.5480000000000003e-05,1.92,-1.52
-2.544e-05,1.92,-1.52
-2.54e-05,1.84,-1.52
-2.536e-05,2.0,-1.48
-2.532e-05,2.08,-1.44
-2.5280000000000002e-05,1.92,-1.48
-2.5240000000000002e-05,1.92,-1.48
-2.5200000000000003e-05,2.0,-1.48
-2.5160000000000003e-05,2.0,-1.48
-2.5120000000000003e-05,2.0,-1.48
-2.508e-05,1.92,-1.44
-2.504e-05,2.0,-1.48
-2.5e-05,2.08,-1.44
-2.496e-05,2.08,-1.44
-2.4920000000000002e-05,2.0,-1.4000000000000001
-2.4880000000000002e-05,2.0,-1.44
-2.4840000000000003e-05,2.0,-1.4000000000000001
-2.4800000000000003e-05,2.0,-1.4000000000000001
-2.4760000000000003e-05,2.08,-1.4000000000000001
-2.472e-05,2.08,-1.4000000000000001
-2.468e-05,2.08,-1.32
-2.464e-05,2.16,-1.36
-2.46e-05,2.08,-1.32
-2.4560000000000002e-05,2.16,-1.28
-2.4520000000000002e-05,2.08,-1.28
-2.4480000000000003e-05,2.08,-1.32
-2.4440000000000003e-05,2.08,-1.28
-2.4400000000000004e-05,2.08,-1.28
-2.436e-05,2.08,-1.24
-2.432e-05,2.08,-1.24
-2.428e-05,2.08,-1.24
-2.4240000000000002e-05,2.08,-1.24
-2.4200000000000002e-05,2.08,-1.24
-2.4160000000000002e-05,2.16,-1.24
-2.4120000000000003e-05,2.08,-1.2
-2.4080000000000003e-05,2.16,-1.16
-2.404e-05,2.08,-1.24
-2.4e-05,2.08,-1.2
-2.396e-05,2.08,-1.16
-2.392e-05,2.16,-1.16
-2.3880000000000002e-05,2.08,-1.16
-2.3840000000000002e-05,2.16,-1.16
-2.3800000000000003e-05,2.16,-1.12
-2.3760000000000003e-05,2.16,-1.08
-2.3720000000000003e-05,2.16,-1.12
-2.368e-05,2.0,-1.16
-2.364e-05,2.16,-1.08
-2.36e-05,2.16,-1.08
-2.356e-05,2.08,-1.04
-2.3520000000000002e-05,2.16,-1.08
-2.3480000000000002e-05,2.08,-1.08
-2.3440000000000003e-05,2.16,-1.04
-2.3400000000000003e-05,2.16,-1.0
-2.3360000000000003e-05,2.16,-1.04
-2.332e-05,2.16,-1.04
-2.328e-05,2.16,-1.0
-2.324e-05,2.16,-1.0
-2.32e-05,2.16,-0.96
-2.3160000000000002e-05,2.16,-0.96
-2.3120000000000002e-05,2.16,-0.92
-2.3080000000000003e-05,2.16,-0.96
-2.3040000000000003e-05,2.08,-0.92
-2.3000000000000003e-05,2.08,-0.88
-2.296e-05,2.08,-0.88
-2.292e-05,2.08,-0.84
-2.288e-05,2.16,-0.88
-2.284e-05,2.24,-0.84
-2.2800000000000002e-05,2.16,-0.88
-2.2760000000000002e-05,2.08,-0.8
-2.2720000000000003e-05,2.16,-0.8
-2.2680000000000003e-05,2.08,-0.76
-2.2640000000000003e-05,2.08,-0.76
-2.26e-05,2.16,-0.8
-2.256e-05,2.08,-0.72
-2.252e-05,2.08,-0.76
-2.248e-05,2.16,-0.72
-2.2440000000000002e-05,2.16,-0.72
-2.2400000000000002e-05,2.16,-0.72
-2.2360000000000003e-05,2.08,-0.72
-2.2320000000000003e-05,2.16,-0.68
-2.228e-05,2.08,-0.72
-2.224e-05,2.0,-0.64
-2.22e-05,2.08,-0.68
-2.216e-05,2.08,-0.64
-2.212e-05,2.08,-0.6
-2.2080000000000002e-05,2.08,-0.6
-2.2040000000000002e-05,2.08,-0.56
-2.2000000000000003e-05,2.08,-0.56
-2.1960000000000003e-05,2.08,-0.56
-2.192e-05,2.08,-0.52
-2.188e-05,2.0,-0.56
-2.184e-05,2.0,-0.52
-2.18e-05,2.08,-0.48
-2.1760000000000002e-05,2.08,-0.48
-2.1720000000000002e-05,2.08,-0.44
-2.1680000000000002e-05,2.08,-0.44
-2.1640000000000003e-05,2.0,-0.44
-2.1600000000000003e-05,2.0,-0.44
-2.156e-05,2.0,-0.4
-2.152e-05,2.0,-0.36
-2.148e-05,2.0,-0.44
-2.144e-05,2.0,-0.36
-2.1400000000000002e-05,2.0,-0.32
-2.1360000000000002e-05,2.0,-0.36
-2.1320000000000003e-05,2.0,-0.32
-2.1280000000000003e-05,1.92,-0.28
-2.1240000000000003e-05,2.0,-0.36
-2.12e-05,1.92,-0.32
-2.116e-05,1.92,-0.32
-2.112e-05,1.92,-0.24
-2.108e-05,1.92,-0.24
-2.1040000000000002e-05,1.92,-0.28
-2.1000000000000002e-05,1.92,-0.2
-2.0960000000000003e-05,1.92,-0.16
-2.0920000000000003e-05,1.92,-0.2
-2.0880000000000003e-05,1.84,-0.2
-2.084e-05,1.92,-0.2
-2.08e-05,1.84,-0.2
-2.076e-05,1.76,-0.12
-2.072e-05,1.92,-0.12
-2.0680000000000002e-05,1.76,-0.12
-2.0640000000000002e-05,1.84,-0.12
-2.0600000000000003e-05,1.84,-0.08
-2.0560000000000003e-05,1.84,-0.08
-2.0520000000000003e-05,1.68,-0.04
-2.048e-05,1.76,-0.04
-2.044e-05,1.76,0.0
-2.04e-05,1.76,0.0
-2.036e-05,1.76,0.0
-2.0320000000000002e-05,1.76,0.04
-2.0280000000000002e-05,1.6,0.08
-2.0240000000000003e-05,1.76,0.0
-2.0200000000000003e-05,1.68,0.04
-2.016e-05,1.76,0.08
-2.012e-05,1.68,0.08
-2.008e-05,1.6,0.12
-2.004e-05,1.68,0.12
-2e-05,1.6,0.16
-1.9960000000000002e-05,1.68,0.16
-1.9920000000000002e-05,1.6,0.16
-1.9880000000000003e-05,1.68,0.16
-1.9840000000000003e-05,1.68,0.2
-1.98e-05,1.52,0.2
-1.976e-05,1.6,0.24
-1.972e-05,1.52,0.2
-1.968e-05,1.52,0.24
-1.9640000000000002e-05,1.6,0.24
-1.9600000000000002e-05,1.52,0.28
-1.9560000000000002e-05,1.6,0.24
-1.9520000000000003e-05,1.44,0.28
-1.9480000000000003e-05,1.52,0.32
-1.9440000000000004e-05,1.52,0.32
-1.9400000000000004e-05,1.44,0.36
-1.9360000000000004e-05,1.44,0.32
-1.9320000000000005e-05,1.52,0.36
-1.928e-05,1.52,0.32
-1.924e-05,1.44,0.4
-1.92e-05,1.36,0.4
-1.916e-05,1.36,0.4
-1.912e-05,1.36,0.44
-1.908e-05,1.28,0.44
-1.904e-05,1.28,0.48
-1.9e-05,1.36,0.48
-1.896e-05,1.28,0.48
-1.8920000000000002e-05,1.36,0.48
-1.8880000000000002e-05,1.2,0.52
-1.8840000000000003e-05,1.36,0.48
-1.8800000000000003e-05,1.28,0.56
-1.8760000000000003e-05,1.28,0.56
-1.8720000000000004e-05,1.2,0.6
-1.8680000000000004e-05,1.2,0.6
-1.8640000000000004e-05,1.2,0.6
-1.8600000000000005e-05,1.2,0.64
-1.856e-05,1.12,0.64
-1.852e-05,1.12,0.64
-1.848e-05,1.12,0.64
-1.844e-05,1.12,0.64
-1.84e-05,1.12,0.72
-1.836e-05,1.12,0.68
-1.832e-05,1.04,0.76
-1.828e-05,1.04,0.76
-1.824e-05,1.04,0.76
-1.8200000000000002e-05,1.04,0.76
-1.8160000000000002e-05,1.04,0.8
-1.8120000000000003e-05,1.04,0.8
-1.8080000000000003e-05,0.96,0.8
-1.8040000000000003e-05,0.96,0.8
-1.8000000000000004e-05,0.96,0.8
-1.7960000000000004e-05,0.96,0.84
-1.7920000000000005e-05,1.04,0.88
-1.7880000000000005e-05,0.88,0.88
-1.784e-05,0.88,0.88
-1.78e-05,0.8,0.88
-1.776e-05,0.88,0.92
-1.772e-05,0.88,0.88
-1.768e-05,0.8,0.92
-1.764e-05,0.8,0.96
-1.76e-05,0.8,0.96
-1.756e-05,0.88,1.0
-1.752e-05,0.72,0.96
-1.7480000000000002e-05,0.72,1.0
-1.7440000000000002e-05,0.8,1.04
-1.7400000000000003e-05,0.72,1.0
-1.7360000000000003e-05,0.72,1.04
-1.7320000000000004e-05,0.72,1.04
-1.7280000000000004e-05,0.72,1.04
-1.7240000000000004e-05,0.72,1.04
-1.7200000000000005e-05,0.56,1.08
-1.716e-05,0.56,1.12
-1.712e-05,0.56,1.08
-1.708e-05,0.56,1.08
-1.704e-05,0.48,1.12
-1.7e-05,0.56,1.12
-1.696e-05,0.48,1.12
-1.692e-05,0.48,1.16
-1.688e-05,0.56,1.12
-1.684e-05,0.48,1.16
-1.6800000000000002e-05,0.4,1.2
-1.6760000000000002e-05,0.4,1.2
-1.6720000000000003e-05,0.48,1.2
-1.6680000000000003e-05,0.4,1.24
-1.6640000000000003e-05,0.4,1.24
-1.6600000000000004e-05,0.32,1.24
-1.6560000000000004e-05,0.32,1.2
-1.6520000000000004e-05,0.32,1.28
-1.6480000000000005e-05,0.32,1.24
-1.644e-05,0.32,1.28
-1.64e-05,0.24,1.28
-1.636e-05,0.16,1.32
-1.632e-05,0.24,1.32
-1.628e-05,0.16,1.32
-1.624e-05,0.24,1.32
-1.62e-05,0.16,1.36
-1.616e-05,0.16,1.32
-1.612e-05,0.24,1.32
-1.6080000000000002e-05,0.16,1.4000000000000001
-1.6040000000000002e-05,0.16,1.36
-1.6000000000000003e-05,0.0,1.4000000000000001
-1.5960000000000003e-05,0.0,1.4000000000000001
-1.5920000000000003e-05,0.0,1.36
-1.5880000000000004e-05,0.0,1.44
-1.5840000000000004e-05,0.0,1.4000000000000001
-1.5800000000000005e-05,-0.08,1.4000000000000001
-1.5760000000000005e-05,0.0,1.44
-1.572e-05,0.0,1.44
-1.568e-05,-0.08,1.48
-1.564e-05,-0.08,1.48
-1.56e-05,-0.08,1.48
-1.556e-05,-0.16,1.44
-1.552e-05,-0.16,1.48
-1.548e-05,-0.08,1.48
-1.544e-05,-0.24,1.48
-1.54e-05,-0.16,1.48
-1.5360000000000002e-05,-0.16,1.52
-1.5320000000000002e-05,-0.16,1.48
-1.5280000000000003e-05,-0.32,1.48
-1.5240000000000003e-05,-0.24,1.52
-1.5200000000000004e-05,-0.32,1.52
-1.5160000000000004e-05,-0.16,1.56
-1.5120000000000004e-05,-0.32,1.56
-1.5080000000000005e-05,-0.32,1.56
-1.5039999999999998e-05,-0.24,1.56
-1.4999999999999999e-05,-0.4,1.56
-1.4959999999999999e-05,-0.48,1.56
-1.492e-05,-0.32,1.6
-1.488e-05,-0.4,1.6
-1.484e-05,-0.48,1.56
-1.48e-05,-0.4,1.6
-1.4760000000000001e-05,-0.48,1.6
-1.4720000000000001e-05,-0.48,1.6
-1.4680000000000002e-05,-0.56,1.6
-1.4640000000000002e-05,-0.56,1.6400000000000001
-1.4600000000000003e-05,-0.56,1.6
-1.4560000000000003e-05,-0.56,1.68
-1.4520000000000003e-05,-0.56,1.68
-1.4480000000000004e-05,-0.56,1.6400000000000001
-1.4440000000000004e-05,-0.56,1.6400000000000001
-1.4400000000000004e-05,-0.64,1.6400000000000001
-1.4360000000000005e-05,-0.64,1.68
-1.4319999999999998e-05,-0.72,1.68
-1.4279999999999999e-05,-0.72,1.68
-1.424e-05,-0.64,1.68
-1.42e-05,-0.72,1.68
-1.416e-05,-0.72,1.68
-1.412e-05,-0.64,1.72
-1.408e-05,-0.72,1.6400000000000001
-1.4040000000000001e-05,-0.72,1.72
-1.4000000000000001e-05,-0.8,1.72
-1.3960000000000002e-05,-0.88,1.72
-1.3920000000000002e-05,-0.8,1.6400000000000001
-1.3880000000000003e-05,-0.88,1.68
-1.3840000000000003e-05,-0.88,1.68
-1.3800000000000003e-05,-0.8,1.68
-1.3760000000000004e-05,-0.88,1.72
-1.3720000000000004e-05,-0.88,1.76
-1.3680000000000005e-05,-0.88,1.72
-1.3640000000000005e-05,-0.96,1.72
-1.3599999999999999e-05,-0.96,1.76
-1.3559999999999999e-05,-0.96,1.72
-1.352e-05,-0.96,1.72
-1.348e-05,-0.96,1.76
-1.344e-05,-1.04,1.72
-1.34e-05,-1.12,1.76
-1.336e-05,-1.04,1.72
-1.3320000000000001e-05,-1.04,1.72
-1.3280000000000002e-05,-1.2,1.72
-1.3240000000000002e-05,-1.12,1.72
-1.3200000000000002e-05,-1.04,1.76
-1.3160000000000003e-05,-1.12,1.72
-1.3120000000000003e-05,-1.2,1.72
-1.3080000000000004e-05,-1.2,1.76
-1.3040000000000004e-05,-1.12,1.76
-1.3000000000000004e-05,-1.12,1.76
-1.2960000000000005e-05,-1.2,1.72
-1.2919999999999998e-05,-1.2,1.72
-1.2879999999999999e-05,-1.12,1.76
-1.2839999999999999e-05,-1.28,1.76
-1.28e-05,-1.28,1.76
-1.276e-05,-1.28,1.76
-1.272e-05,-1.2,1.76
-1.268e-05,-1.36,1.76
-1.2640000000000001e-05,-1.36,1.72
-1.2600000000000001e-05,-1.28,1.72
-1.2560000000000002e-05,-1.36,1.76
-1.2520000000000002e-05,-1.36,1.72
-1.2480000000000002e-05,-1.28,1.76
-1.2440000000000003e-05,-1.44,1.76
-1.2400000000000003e-05,-1.44,1.76
-1.2360000000000004e-05,-1.44,1.76
-1.2320000000000004e-05,-1.44,1.72
-1.2280000000000004e-05,-1.36,1.76
-1.2240000000000005e-05,-1.44,1.72
-1.2199999999999998e-05,-1.52,1.72
-1.2159999999999999e-05,-1.52,1.72
-1.212e-05,-1.52,1.76
-1.208e-05,-1.44,1.76
-1.204e-05,-1.52,1.68
-1.2e-05,-1.52,1.76
-1.196e-05,-1.6,1.72
-1.1920000000000001e-05,-1.52,1.68
-1.1880000000000001e-05,-1.6,1.68
-1.1840000000000002e-05,-1.52,1.72
-1.1800000000000002e-05,-1.6,1.72
-1.1760000000000003e-05,-1.52,1.72
-1.1720000000000003e-05,-1.6,1.68
-1.1680000000000003e-05,-1.52,1.68
-1.1640000000000004e-05,-1.68,1.72
-1.1600000000000004e-05,-1.68,1.68
-1.1560000000000005e-05,-1.68,1.68
-1.1520000000000005e-05,-1.68,1.6400000000000001
-1.1479999999999999e-05,-1.68,1.68
-1.1439999999999999e-05,-1.68,1.6400000000000001
-1.14e-05,-1.68,1.68
-1.136e-05,-1.68,1.68
-1.132e-05,-1.76,1.6400000000000001
-1.128e-05,-1.68,1.68
-1.124e-05,-1.76,1.6400000000000001
-1.1200000000000001e-05,-1.76,1.68
-1.1160000000000002e-05,-1.76,1.6400000000000001
-1.1120000000000002e-05,-1.84,1.6400000000000001
-1.1080000000000002e-05,-1.76,1.6
-1.1040000000000003e-05,-1.76,1.6400000000000001
-1.1000000000000003e-05,-1.84,1.6
-1.0960000000000003e-05,-1.76,1.6
-1.0920000000000004e-05,-1.84,1.6
-1.0880000000000004e-05,-1.76,1.56
-1.0840000000000005e-05,-1.92,1.6
-1.0799999999999998e-05,-1.76,1.6
-1.0759999999999999e-05,-2.0,1.56
-1.0719999999999999e-05,-1.84,1.6
-1.068e-05,-1.92,1.6
-1.064e-05,-1.84,1.56
-1.06e-05,-1.84,1.6
-1.056e-05,-2.0,1.56
-1.0520000000000001e-05,-1.92,1.56
-1.0480000000000001e-05,-2.0,1.52
-1.0440000000000002e-05,-2.0,1.56
-1.0400000000000002e-05,-1.84,1.52
-1.0360000000000002e-05,-1.92,1.52
-1.0320000000000003e-05,-1.92,1.52
-1.0280000000000003e-05,-1.92,1.52
-1.0240000000000004e-05,-2.0,1.48
-1.0200000000000004e-05,-1.92,1.52
-1.0160000000000004e-05,-2.0,1.48
-1.0120000000000005e-05,-2.0,1.48
-1.0079999999999998e-05,-2.0,1.48
-1.0039999999999999e-05,-2.0,1.48
-9.999999999999999e-06,-2.08,1.4000000000000001
-9.96e-06,-2.08,1.44
-9.92e-06,-2.0,1.44
-9.88e-06,-2.08,1.4000000000000001
-9.84e-06,-2.08,1.4000000000000001
-9.800000000000001e-06,-2.0,1.4000000000000001
-9.760000000000001e-06,-2.0,1.4000000000000001
-9.720000000000002e-06,-2.08,1.36
-9.680000000000002e-06,-2.08,1.36
-9.640000000000003e-06,-2.08,1.36
-9.600000000000003e-06,-2.08,1.36
-9.560000000000003e-06,-2.08,1.32
-9.520000000000004e-06,-2.08,1.32
-9.480000000000004e-06,-2.08,1.36
-9.440000000000004e-06,-2.16,1.32
-9.400000000000005e-06,-2.08,1.28
-9.359999999999998e-06,-2.08,1.32
-9.319999999999999e-06,-2.08,1.28
-9.28e-06,-2.16,1.24
-9.24e-06,-2.08,1.24
-9.2e-06,-2.08,1.28
-9.16e-06,-2.08,1.24
-9.12e-06,-2.16,1.24
-9.080000000000001e-06,-2.0,1.2
-9.040000000000002e-06,-2.16,1.16
-9.000000000000002e-06,-2.08,1.2
-8.960000000000002e-06,-2.08,1.16
-8.920000000000003e-06,-2.08,1.2
-8.880000000000003e-06,-2.08,1.16
-8.840000000000003e-06,-2.16,1.2
-8.800000000000004e-06,-2.16,1.16
-8.760000000000004e-06,-2.16,1.16
-8.720000000000005e-06,-2.16,1.16
-8.679999999999998e-06,-2.08,1.08
-8.639999999999999e-06,-2.16,1.12
-8.599999999999999e-06,-2.16,1.08
-8.56e-06,-2.16,1.08
-8.52e-06,-2.24,1.04
-8.48e-06,-2.16,1.08
-8.44e-06,-2.24,1.08
-8.400000000000001e-06,-2.24,1.04
-8.360000000000001e-06,-2.08,1.0
-8.320000000000002e-06,-2.08,1.08
-8.280000000000002e-06,-2.16,1.0
-8.240000000000002e-06,-2.16,1.0
-8.200000000000003e-06,-2.16,0.96
-8.160000000000003e-06,-2.16,0.96
-8.120000000000004e-06,-2.24,0.92
-8.080000000000004e-06,-2.08,0.96
-8.040000000000004e-06,-2.16,0.96
-8.000000000000005e-06,-2.16,0.92
-7.959999999999998e-06,-2.16,0.88
-7.919999999999999e-06,-2.16,0.88
-7.879999999999999e-06,-2.16,0.92
-7.84e-06,-2.24,0.84
-7.8e-06,-2.16,0.84
-7.76e-06,-2.24,0.84
-7.72e-06,-2.16,0.8
-7.680000000000001e-06,-2.16,0.8
-7.640000000000001e-06,-2.16,0.8
-7.600000000000002e-06,-2.08,0.8
-7.560000000000002e-06,-2.16,0.76
-7.5200000000000025e-06,-2.16,0.76
-7.480000000000003e-06,-2.16,0.76
-7.440000000000003e-06,-2.08,0.68
-7.400000000000004e-06,-2.16,0.72
-7.360000000000004e-06,-2.16,0.72
-7.3200000000000045e-06,-2.08,0.68
-7.280000000000005e-06,-2.08,0.68
-7.2399999999999984e-06,-2.0,0.64
-7.199999999999999e-06,-2.16,0.64
-7.159999999999999e-06,-2.0,0.6
-7.12e-06,-2.08,0.64
-7.08e-06,-2.08,0.6
-7.04e-06,-2.08,0.6
-7.000000000000001e-06,-2.08,0.56
-6.960000000000001e-06,-2.08,0.52
-6.9200000000000015e-06,-2.0,0.52
-6.880000000000002e-06,-2.08,0.52
-6.840000000000002e-06,-2.0,0.52
-6.800000000000003e-06,-2.08,0.52
-6.760000000000003e-06,-2.0,0.44
-6.720000000000003e-06,-2.0,0.52
-6.680000000000004e-06,-1.92,0.44
-6.640000000000004e-06,-2.08,0.48
-6.6000000000000046e-06,-2.08,0.44
-6.559999999999998e-06,-2.08,0.4
-6.5199999999999986e-06,-2.0,0.44
-6.479999999999999e-06,-2.0,0.44
-6.439999999999999e-06,-1.92,0.36
-6.4e-06,-1.92,0.4
-6.36e-06,-1.92,0.36
-6.3200000000000005e-06,-1.92,0.36
-6.280000000000001e-06,-1.92,0.28
-6.240000000000001e-06,-1.92,0.32
-6.200000000000002e-06,-2.0,0.28
-6.160000000000002e-06,-2.0,0.28
-6.120000000000002e-06,-1.92,0.32
-6.080000000000003e-06,-1.92,0.24
-6.040000000000003e-06,-1.84,0.28
-6.0000000000000035e-06,-1.84,0.24
-5.960000000000004e-06,-1.92,0.24
-5.920000000000004e-06,-1.92,0.2
-5.880000000000005e-06,-1.84,0.2
-5.839999999999998e-06,-1.92,0.2
-5.799999999999999e-06,-1.76,0.2
-5.759999999999999e-06,-1.84,0.12
-5.7199999999999994e-06,-1.92,0.12
-5.68e-06,-1.84,0.08
-5.64e-06,-1.84,0.08
-5.600000000000001e-06,-1.76,0.08
-5.560000000000001e-06,-1.84,0.08
-5.520000000000001e-06,-1.76,0.08
-5.480000000000002e-06,-1.76,0.04
-5.440000000000002e-06,-1.76,0.04
-5.4000000000000025e-06,-1.76,0.0
-5.360000000000003e-06,-1.68,0.0
-5.320000000000003e-06,-1.76,0.0
-5.280000000000004e-06,-1.76,0.0
-5.240000000000004e-06,-1.68,-0.08
-5.200000000000004e-06,-1.68,-0.08
-5.160000000000005e-06,-1.6,-0.12
-5.119999999999998e-06,-1.68,-0.08
-5.079999999999999e-06,-1.68,-0.12
-5.039999999999999e-06,-1.6,-0.12
-4.9999999999999996e-06,-1.68,-0.12
-4.96e-06,-1.6,-0.16
-4.92e-06,-1.6,-0.2
-4.880000000000001e-06,-1.6,-0.16
-4.840000000000001e-06,-1.6,-0.16
-4.8000000000000015e-06,-1.52,-0.2
-4.760000000000002e-06,-1.6,-0.2
-4.720000000000002e-06,-1.52,-0.24
-4.680000000000003e-06,-1.6,-0.2
-4.640000000000003e-06,-1.52,-0.24
-4.600000000000003e-06,-1.52,-0.28
-4.560000000000004e-06,-1.52,-0.32
-4.520000000000004e-06,-1.44,-0.32
-4.4800000000000045e-06,-1.6,-0.36
-4.439999999999998e-06,-1.52,-0.32
-4.3999999999999985e-06,-1.52,-0.36
-4.359999999999999e-06,-1.52,-0.4
-4.319999999999999e-06,-1.36,-0.36
-4.28e-06,-1.36,-0.36
-4.24e-06,-1.36,-0.4
-4.2000000000000004e-06,-1.36,-0.4
-4.160000000000001e-06,-1.36,-0.44
-4.120000000000001e-06,-1.44,-0.44
-4.080000000000002e-06,-1.36,-0.44
-4.040000000000002e-06,-1.36,-0.48
-4.000000000000002e-06,-1.36,-0.52
-3.960000000000003e-06,-1.36,-0.52
-3.920000000000003e-06,-1.28,-0.52
-3.8800000000000035e-06,-1.36,-0.52
-3.840000000000004e-06,-1.28,-0.52
-3.8000000000000043e-06,-1.28,-0.56
-3.7600000000000047e-06,-1.2,-0.6
-3.7199999999999983e-06,-1.2,-0.6
-3.6799999999999986e-06,-1.2,-0.6
-3.639999999999999e-06,-1.2,-0.6
-3.5999999999999994e-06,-1.2,-0.64
-3.56e-06,-1.2,-0.64
-3.52e-06,-1.12,-0.6
-3.4800000000000006e-06,-1.2,-0.64
-3.440000000000001e-06,-1.2,-0.72
-3.4000000000000013e-06,-1.12,-0.68
-3.3600000000000017e-06,-1.12,-0.76
-3.320000000000002e-06,-1.12,-0.72
-3.2800000000000025e-06,-1.04,-0.72
-3.240000000000003e-06,-1.04,-0.72
-3.2000000000000032e-06,-0.96,-0.76
-3.1600000000000036e-06,-1.04,-0.8
-3.120000000000004e-06,-0.96,-0.8
-3.0800000000000044e-06,-0.96,-0.8
-3.0400000000000048e-06,-0.96,-0.8
-2.9999999999999984e-06,-0.96,-0.84
-2.9599999999999988e-06,-0.88,-0.88
-2.919999999999999e-06,-0.96,-0.84
-2.8799999999999995e-06,-0.96,-0.84
-2.84e-06,-0.88,-0.84
-2.8000000000000003e-06,-0.88,-0.92
-2.7600000000000007e-06,-0.8,-0.92
-2.720000000000001e-06,-0.8,-0.92
-2.6800000000000014e-06,-0.8,-0.96
-2.640000000000002e-06,-0.88,-1.0
-2.600000000000002e-06,-0.8,-0.96
-2.5600000000000026e-06,-0.8,-0.96
-2.520000000000003e-06,-0.8,-0.96
-2.4800000000000034e-06,-0.72,-1.0
-2.4400000000000037e-06,-0.72,-1.0
-2.400000000000004e-06,-0.72,-1.04
-2.3600000000000045e-06,-0.72,-1.0
-2.319999999999998e-06,-0.72,-1.04
-2.2799999999999985e-06,-0.64,-1.04
-2.239999999999999e-06,-0.56,-1.08
-2.1999999999999993e-06,-0.64,-1.04
-2.1599999999999996e-06,-0.56,-1.08
-2.12e-06,-0.64,-1.08
-2.0800000000000004e-06,-0.56,-1.12
-2.040000000000001e-06,-0.56,-1.08
-2.000000000000001e-06,-0.56,-1.12
-1.9600000000000016e-06,-0.48,-1.12
-1.920000000000002e-06,-0.48,-1.12
-1.8800000000000023e-06,-0.48,-1.16
-1.8400000000000027e-06,-0.56,-1.16
-1.800000000000003e-06,-0.48,-1.16
-1.7600000000000035e-06,-0.48,-1.2
-1.7200000000000039e-06,-0.32,-1.2
-1.6800000000000042e-06,-0.4,-1.2
-1.6400000000000046e-06,-0.4,-1.24
-1.5999999999999982e-06,-0.24,-1.2
-1.5599999999999986e-06,-0.32,-1.24
-1.519999999999999e-06,-0.4,-1.24
-1.4799999999999994e-06,-0.4,-1.24
-1.4399999999999998e-06,-0.32,-1.24
-1.4000000000000001e-06,-0.24,-1.24
-1.3600000000000005e-06,-0.24,-1.32
-1.320000000000001e-06,-0.32,-1.24
-1.2800000000000013e-06,-0.24,-1.32
-1.2400000000000017e-06,-0.24,-1.28
-1.200000000000002e-06,-0.24,-1.28
-1.1600000000000024e-06,-0.24,-1.32
-1.1200000000000028e-06,-0.16,-1.36
-1.0800000000000032e-06,-0.16,-1.4000000000000001
-1.0400000000000036e-06,-0.08,-1.32
-1.000000000000004e-06,-0.16,-1.36
-9.600000000000044e-07,-0.16,-1.36
-9.200000000000047e-07,-0.08,-1.4000000000000001
-8.799999999999984e-07,0.0,-1.36
-8.399999999999987e-07,0.0,-1.44
-7.999999999999991e-07,0.08,-1.4000000000000001
-7.599999999999995e-07,0.08,-1.4000000000000001
-7.199999999999999e-07,0.0,-1.44
-6.800000000000003e-07,0.08,-1.44
-6.400000000000006e-07,0.16,-1.44
-6.00000000000001e-07,0.08,-1.48
-5.600000000000014e-07,0.08,-1.48
-5.200000000000018e-07,0.08,-1.48
-4.800000000000022e-07,0.08,-1.44
-4.4000000000000256e-07,0.16,-1.48
-4.0000000000000295e-07,0.16,-1.56
-3.6000000000000333e-07,0.16,-1.48
-3.200000000000037e-07,0.24,-1.48
-2.800000000000041e-07,0.32,-1.48
-2.400000000000045e-07,0.24,-1.52
-1.9999999999999809e-07,0.24,-1.48
-1.5999999999999847e-07,0.32,-1.56
-1.1999999999999885e-07,0.4,-1.56
-7.999999999999923e-08,0.24,-1.56
-3.999999999999962e-08,0.32,-1.56
0.0,0.4,-1.56
3.999999999999962e-08,0.32,-1.56
7.999999999999923e-08,0.4,-1.56
1.1999999999999885e-07,0.4,-1.6
1.5999999999999847e-07,0.48,-1.6
1.9999999999999809e-07,0.56,-1.6
2.399999999999977e-07,0.4,-1.6
2.799999999999973e-07,0.48,-1.56
3.1999999999999694e-07,0.4,-1.6400000000000001
3.5999999999999655e-07,0.48,-1.56
3.9999999999999617e-07,0.56,-1.6400000000000001
4.399999999999958e-07,0.56,-1.6400000000000001
4.799999999999954e-07,0.56,-1.6
5.200000000000018e-07,0.64,-1.6400000000000001
5.600000000000014e-07,0.64,-1.6400000000000001
6.00000000000001e-07,0.72,-1.6400000000000001
6.400000000000006e-07,0.56,-1.6400000000000001
6.800000000000003e-07,0.72,-1.68
7.199999999999999e-07,0.72,-1.68
7.599999999999995e-07,0.64,-1.6400000000000001
7.999999999999991e-07,0.72,-1.72
8.399999999999987e-07,0.72,-1.68
8.799999999999984e-07,0.72,-1.68
9.19999999999998e-07,0.8,-1.72
9.599999999999976e-07,0.8,-1.72
9.999999999999972e-07,0.72,-1.72
1.0399999999999968e-06,0.8,-1.6400000000000001
1.0799999999999964e-06,0.8,-1.6400000000000001
1.119999999999996e-06,0.8,-1.68
1.1599999999999957e-06,0.88,-1.72
1.1999999999999953e-06,0.8,-1.72
1.2400000000000017e-06,0.96,-1.72
1.2800000000000013e-06,0.88,-1.72
1.320000000000001e-06,0.96,-1.72
1.3600000000000005e-06,0.96,-1.68
1.4000000000000001e-06,0.88,-1.68
1.4399999999999998e-06,0.96,-1.72
1.4799999999999994e-06,1.04,-1.72
1.519999999999999e-06,1.04,-1.68
1.5599999999999986e-06,1.12,-1.76
1.5999999999999982e-06,1.04,-1.72
1.6399999999999979e-06,1.12,-1.76
1.6799999999999975e-06,0.96,-1.72
1.719999999999997e-06,1.12,-1.72
1.7599999999999967e-06,1.12,-1.72
1.7999999999999963e-06,1.12,-1.72
1.839999999999996e-06,1.12,-1.76
1.8799999999999956e-06,1.2,-1.68
1.920000000000002e-06,1.12,-1.72
1.9600000000000016e-06,1.12,-1.72
2.000000000000001e-06,1.12,-1.72
2.040000000000001e-06,1.28,-1.72
2.0800000000000004e-06,1.28,-1.76
2.12e-06,1.28,-1.76
2.1599999999999996e-06,1.28,-1.72
2.1999999999999993e-06,1.28,-1.72
2.239999999999999e-06,1.2,-1.76
2.2799999999999985e-06,1.28,-1.76
2.319999999999998e-06,1.28,-1.76
2.3599999999999977e-06,1.36,-1.72
2.3999999999999974e-06,1.36,-1.76
2.439999999999997e-06,1.28,-1.72
2.4799999999999966e-06,1.36,-1.72
2.519999999999996e-06,1.44,-1.72
2.559999999999996e-06,1.44,-1.72
2.5999999999999954e-06,1.44,-1.76
2.640000000000002e-06,1.44,-1.72
2.6800000000000014e-06,1.36,-1.72
2.720000000000001e-06,1.36,-1.76
2.7600000000000007e-06,1.44,-1.76
2.8000000000000003e-06,1.52,-1.76
2.84e-06,1.52,-1.76
2.8799999999999995e-06,1.52,-1.72
2.919999999999999e-06,1.6,-1.72
2.9599999999999988e-06,1.52,-1.68
2.9999999999999984e-06,1.44,-1.72
3.039999999999998e-06,1.52,-1.72
3.0799999999999976e-06,1.52,-1.68
3.1199999999999972e-06,1.52,-1.72
3.159999999999997e-06,1.52,-1.68
3.1999999999999965e-06,1.52,-1.68
3.239999999999996e-06,1.68,-1.6400000000000001
3.2799999999999957e-06,1.6,-1.68
3.320000000000002e-06,1.68,-1.6400000000000001
3.3600000000000017e-06,1.68,-1.6400000000000001
3.4000000000000013e-06,1.76,-1.68
3.440000000000001e-06,1.6,-1.68
3.4800000000000006e-06,1.6,-1.6
3.52e-06,1.68,-1.72
3.56e-06,1.76,-1.68
3.5999999999999994e-06,1.68,-1.6400000000000001
3.639999999999999e-06,1.76,-1.68
3.6799999999999986e-06,1.68,-1.6400000000000001
3.7199999999999983e-06,1.76,-1.6400000000000001
3.759999999999998e-06,1.68,-1.6
3.7999999999999975e-06,1.76,-1.6
3.839999999999997e-06,1.84,-1.6400000000000001
3.879999999999997e-06,1.76,-1.6
3.919999999999996e-06,1.84,-1.56
3.959999999999996e-06,1.76,-1.6
3.999999999999996e-06,1.84,-1.6400000000000001
4.040000000000002e-06,1.76,-1.6
4.080000000000002e-06,1.84,-1.6
4.120000000000001e-06,1.84,-1.56
4.160000000000001e-06,1.84,-1.56
4.2000000000000004e-06,1.84,-1.6
4.24e-06,1.84,-1.6
4.28e-06,1.92,-1.6
4.319999999999999e-06,1.84,-1.52
4.359999999999999e-06,1.92,-1.52
4.3999999999999985e-06,1.92,-1.52
4.439999999999998e-06,1.92,-1.52
4.479999999999998e-06,1.92,-1.52
4.519999999999997e-06,1.84,-1.56
4.559999999999997e-06,1.92,-1.52
4.599999999999997e-06,1.92,-1.48
4.639999999999996e-06,2.0,-1.48
4.679999999999996e-06,2.0,-1.48
4.7199999999999955e-06,1.92,-1.52
4.760000000000002e-06,2.0,-1.48
4.8000000000000015e-06,1.92,-1.48
4.840000000000001e-06,1.92,-1.48
4.880000000000001e-06,2.0,-1.44
4.92e-06,2.0,-1.44
4.96e-06,2.08,-1.48
4.9999999999999996e-06,2.0,-1.48
5.039999999999999e-06,2.0,-1.4000000000000001
5.079999999999999e-06,1.92,-1.4000000000000001
5.119999999999998e-06,2.0,-1.4000000000000001
5.159999999999998e-06,2.08,-1.4000000000000001
5.199999999999998e-06,2.0,-1.36
5.239999999999997e-06,2.08,-1.36
5.279999999999997e-06,2.08,-1.4000000000000001
5.3199999999999965e-06,2.08,-1.36
5.359999999999996e-06,2.08,-1.32
5.399999999999996e-06,2.16,-1.32
5.440000000000002e-06,2.08,-1.32
5.480000000000002e-06,2.08,-1.36
5.520000000000001e-06,2.16,-1.32
5.560000000000001e-06,2.08,-1.28
5.600000000000001e-06,2.08,-1.32
5.64e-06,2.08,-1.28
5.68e-06,2.08,-1.28
5.7199999999999994e-06,2.0,-1.24
5.759999999999999e-06,2.16,-1.2
5.799999999999999e-06,2.16,-1.2
5.839999999999998e-06,2.08,-1.2
5.879999999999998e-06,2.0,-1.24
5.9199999999999975e-06,2.16,-1.2
5.959999999999997e-06,2.08,-1.16
5.999999999999997e-06,2.08,-1.2
6.039999999999996e-06,2.16,-1.2
6.079999999999996e-06,2.08,-1.2
6.119999999999996e-06,2.16,-1.16
6.160000000000002e-06,2.16,-1.16
6.200000000000002e-06,2.16,-1.2
6.240000000000001e-06,2.24,-1.16
6.280000000000001e-06,2.08,-1.16
6.3200000000000005e-06,2.08,-1.12
6.36e-06,2.16,-1.08
6.4e-06,2.08,-1.08
6.439999999999999e-06,2.16,-1.08
6.479999999999999e-06,2.24,-1.04
6.5199999999999986e-06,2.08,-1.08
6.559999999999998e-06,2.16,-1.04
6.599999999999998e-06,2.16,-1.04
6.639999999999997e-06,2.08,-1.0
6.679999999999997e-06,2.16,-1.04
6.719999999999997e-06,2.08,-1.0
6.759999999999996e-06,2.16,-1.0
6.799999999999996e-06,2.08,-1.0
6.8399999999999955e-06,2.16,-0.96
6.880000000000002e-06,2.24,-0.92
6.9200000000000015e-06,2.16,-0.92
6.960000000000001e-06,2.16,-0.92
7.000000000000001e-06,2.16,-0.96
7.04e-06,2.16,-0.92
7.08e-06,2.16,-0.92
7.12e-06,2.08,-0.88
7.159999999999999e-06,2.16,-0.88
7.199999999999999e-06,2.08,-0.84
7.2399999999999984e-06,2.08,-0.8
7.279999999999998e-06,2.16,-0.84
7.319999999999998e-06,2.24,-0.84
7.359999999999997e-06,2.08,-0.76
7.399999999999997e-06,2.16,-0.76
7.4399999999999965e-06,2.08,-0.72
7.479999999999996e-06,2.16,-0.76
7.519999999999996e-06,2.08,-0.76
7.560000000000002e-06,2.16,-0.72
7.600000000000002e-06,2.08,-0.72
7.640000000000001e-06,2.08,-0.72
7.680000000000001e-06,2.08,-0.72
7.72e-06,2.08,-0.68
7.76e-06,2.16,-0.68
7.8e-06,2.08,-0.64
7.84e-06,2.08,-0.6
7.879999999999999e-06,2.08,-0.64
7.919999999999999e-06,2.0,-0.64
7.959999999999998e-06,2.08,-0.64
7.999999999999998e-06,2.0,-0.56
8.039999999999998e-06,2.08,-0.56
8.079999999999997e-06,2.08,-0.6
8.119999999999997e-06,2.16,-0.6
8.159999999999996e-06,2.16,-0.56
8.199999999999996e-06,2.08,-0.56
8.239999999999996e-06,2.08,-0.48
8.280000000000002e-06,2.0,-0.52
8.320000000000002e-06,2.16,-0.52
8.360000000000001e-06,2.08,-0.48
8.400000000000001e-06,2.0,-0.44
8.44e-06,2.08,-0.44
8.48e-06,2.0,-0.44
8.52e-06,2.0,-0.4
8.56e-06,1.92,-0.4
8.599999999999999e-06,2.0,-0.36
8.639999999999999e-06,2.0,-0.4
8.679999999999998e-06,2.0,-0.36
8.719999999999998e-06,2.0,-0.36
8.759999999999997e-06,1.92,-0.32
8.799999999999997e-06,1.92,-0.28
8.839999999999997e-06,2.0,-0.28
8.879999999999996e-06,1.92,-0.32
8.919999999999996e-06,1.92,-0.24
8.959999999999996e-06,1.92,-0.28
9.000000000000002e-06,1.92,-0.24
9.040000000000002e-06,1.92,-0.2
9.080000000000001e-06,1.84,-0.24
9.12e-06,1.92,-0.16
9.16e-06,1.92,-0.16
9.2e-06,1.92,-0.16
9.24e-06,1.76,-0.12
9.28e-06,1.84,-0.16
9.319999999999999e-06,1.76,-0.08
9.359999999999998e-06,1.84,-0.12
9.399999999999998e-06,1.84,-0.12
9.439999999999998e-06,1.76,-0.12
9.479999999999997e-06,1.76,-0.08
9.519999999999997e-06,1.84,-0.08
9.559999999999997e-06,1.84,-0.08
9.599999999999996e-06,1.76,-0.04
9.639999999999996e-06,1.76,0.04
9.680000000000002e-06,1.76,0.0
9.720000000000002e-06,1.76,0.04
9.760000000000001e-06,1.76,0.04
9.800000000000001e-06,1.52,0.04
9.84e-06,1.68,0.04
9.88e-06,1.68,0.08
9.92e-06,1.76,0.08
9.96e-06,1.76,0.12
9.999999999999999e-06,1.68,0.08
1.0039999999999999e-05,1.6,0.12
1.0079999999999998e-05,1.68,0.16
1.0119999999999998e-05,1.68,0.16
1.0159999999999998e-05,1.6,0.2
1.0199999999999997e-05,1.68,0.2
1.0239999999999997e-05,1.68,0.2
1.0279999999999996e-05,1.52,0.24
1.0319999999999996e-05,1.52,0.24
1.0359999999999996e-05,1.6,0.24
1.0400000000000002e-05,1.44,0.28
1.0440000000000002e-05,1.52,0.28
1.0480000000000001e-05,1.44,0.28
1.0520000000000001e-05,1.52,0.24
1.056e-05,1.52,0.32
1.06e-05,1.44,0.36
1.064e-05,1.36,0.36
1.068e-05,1.44,0.36
1.0719999999999999e-05,1.52,0.44
1.0759999999999999e-05,1.44,0.36
1.0799999999999998e-05,1.36,0.4
1.0839999999999998e-05,1.36,0.44
1.0879999999999997e-05,1.36,0.4
1.0919999999999997e-05,1.36,0.4
1.0959999999999997e-05,1.28,0.44
1.0999999999999996e-05,1.44,0.48
1.1039999999999996e-05,1.36,0.48
1.1080000000000002e-05,1.28,0.48
1.1119999999999995e-05,1.36,0.56
1.1160000000000002e-05,1.36,0.52
1.1199999999999994e-05,1.28,0.52
1.124e-05,1.28,0.56
1.1279999999999994e-05,1.2,0.56
1.132e-05,1.12,0.64
1.1359999999999993e-05,1.2,0.56
1.14e-05,1.12,0.6
1.1440000000000006e-05,1.2,0.64
1.1479999999999999e-05,1.2,0.64
1.1520000000000005e-05,1.12,0.68
1.1559999999999998e-05,1.12,0.72
1.1600000000000004e-05,1.04,0.68
1.1639999999999997e-05,1.12,0.64
1.1680000000000003e-05,1.12,0.72
1.1719999999999996e-05,1.04,0.76
1.1760000000000003e-05,0.96,0.76
1.1799999999999995e-05,0.96,0.76
1.1840000000000002e-05,1.04,0.76
1.1879999999999995e-05,1.04,0.76
1.1920000000000001e-05,0.96,0.76
1.1959999999999994e-05,0.96,0.8
1.2e-05,0.96,0.84
1.2039999999999993e-05,0.88,0.84
1.208e-05,0.88,0.84
1.2119999999999992e-05,0.96,0.84
1.2159999999999999e-05,0.8,0.84
1.2200000000000005e-05,0.88,0.88
1.2239999999999998e-05,0.8,0.84
1.2280000000000004e-05,0.88,0.92
1.2319999999999997e-05,0.8,0.92
1.2360000000000004e-05,0.8,0.88
1.2399999999999996e-05,0.88,0.92
1.2440000000000003e-05,0.8,1.0
1.2479999999999996e-05,0.72,0.92
1.2520000000000002e-05,0.72,1.0
1.2559999999999995e-05,0.8,1.0
1.2600000000000001e-05,0.8,1.0
1.2639999999999994e-05,0.64,1.04
1.268e-05,0.64,1.04
1.2719999999999993e-05,0.64,1.04
1.276e-05,0.56,1.08
1.2799999999999993e-05,0.64,1.08
1.2839999999999999e-05,0.56,1.08
1.2880000000000005e-05,0.56,1.12
1.2919999999999998e-05,0.56,1.12
1.2960000000000005e-05,0.56,1.12
1.2999999999999998e-05,0.48,1.04
1.3040000000000004e-05,0.48,1.16
1.3079999999999997e-05,0.48,1.16
1.3120000000000003e-05,0.56,1.16
1.3159999999999996e-05,0.48,1.16
1.3200000000000002e-05,0.4,1.2
1.3239999999999995e-05,0.4,1.16
1.3280000000000002e-05,0.32,1.24
1.3319999999999994e-05,0.4,1.24
1.336e-05,0.32,1.24
1.3399999999999994e-05,0.4,1.24
1.344e-05,0.4,1.28
1.3479999999999993e-05,0.32,1.24
1.352e-05,0.32,1.28
1.3560000000000006e-05,0.24,1.32
1.3599999999999999e-05,0.24,1.28
1.3640000000000005e-05,0.32,1.28
1.3679999999999998e-05,0.24,1.32
1.3720000000000004e-05,0.24,1.28
1.3759999999999997e-05,0.16,1.32
1.3800000000000003e-05,0.08,1.32
1.3839999999999996e-05,0.16,1.36
1.3880000000000003e-05,0.16,1.36
1.3919999999999995e-05,0.16,1.36
1.3960000000000002e-05,0.16,1.4000000000000001
1.3999999999999995e-05,0.08,1.4000000000000001
1.4040000000000001e-05,0.08,1.4000000000000001
1.4079999999999994e-05,0.0,1.36
1.412e-05,0.16,1.4000000000000001
1.4159999999999993e-05,0.08,1.4000000000000001
1.42e-05,-0.08,1.4000000000000001
1.4239999999999992e-05,-0.08,1.44
1.4279999999999999e-05,0.0,1.44
1.4320000000000005e-05,-0.08,1.44
1.4359999999999998e-05,-0.16,1.44
1.4400000000000004e-05,-0.08,1.48
1.4439999999999997e-05,-0.08,1.48
1.4480000000000004e-05,-0.08,1.48
1.4519999999999997e-05,-0.08,1.48
1.4560000000000003e-05,-0.24,1.52
1.4599999999999996e-05,-0.24,1.56
1.4640000000000002e-05,-0.24,1.52
1.4679999999999995e-05,-0.24,1.52
1.4720000000000001e-05,-0.16,1.52
1.4759999999999994e-05,-0.32,1.52
1.48e-05,-0.32,1.56
1.4839999999999993e-05,-0.24,1.56
1.488e-05,-0.32,1.52
1.4919999999999993e-05,-0.4,1.6
1.4959999999999999e-05,-0.32,1.52
1.5000000000000005e-05,-0.4,1.52
1.5039999999999998e-05,-0.4,1.6
1.5080000000000005e-05,-0.4,1.6
1.5119999999999998e-05,-0.4,1.6
1.5160000000000004e-05,-0.4,1.56
1.5199999999999997e-05,-0.48,1.6
1.5240000000000003e-05,-0.4,1.6
1.5279999999999996e-05,-0.4,1.6
1.5320000000000002e-05,-0.48,1.6
1.5359999999999995e-05,-0.56,1.6400000000000001
1.54e-05,-0.56,1.6
1.5439999999999994e-05,-0.48,1.68
1.548e-05,-0.56,1.6400000000000001
1.5519999999999994e-05,-0.56,1.6
1.556e-05,-0.64,1.6400000000000001
1.5599999999999993e-05,-0.56,1.68
1.564e-05,-0.64,1.68
1.5680000000000006e-05,-0.64,1.6400000000000001
1.572e-05,-0.64,1.68
1.5760000000000005e-05,-0.72,1.68
1.5799999999999998e-05,-0.72,1.68
1.5840000000000004e-05,-0.72,1.68
1.5879999999999997e-05,-0.8,1.72
1.5920000000000003e-05,-0.72,1.68
1.5959999999999996e-05,-0.8,1.6400000000000001
1.6000000000000003e-05,-0.8,1.68
1.6039999999999996e-05,-0.88,1.6400000000000001
1.6080000000000002e-05,-0.8,1.68
1.6119999999999995e-05,-0.88,1.72
1.616e-05,-0.88,1.72
1.6199999999999994e-05,-0.88,1.68
1.624e-05,-0.8,1.72
1.6279999999999993e-05,-0.88,1.72
1.632e-05,-0.96,1.68
1.6359999999999992e-05,-0.96,1.68
1.64e-05,-1.04,1.76
1.6440000000000005e-05,-1.04,1.72
1.6479999999999998e-05,-0.96,1.76
1.6520000000000004e-05,-0.96,1.72
1.6559999999999997e-05,-0.96,1.72
1.6600000000000004e-05,-0.96,1.72
1.6639999999999997e-05,-1.04,1.76
1.6680000000000003e-05,-0.96,1.72
1.6719999999999996e-05,-1.04,1.72
1.6760000000000002e-05,-1.12,1.72
1.6799999999999995e-05,-1.2,1.72
1.684e-05,-1.04,1.72
1.6879999999999994e-05,-1.2,1.76
1.692e-05,-1.12,1.76
1.6959999999999993e-05,-1.28,1.72
1.7e-05,-1.12,1.72
1.7039999999999993e-05,-1.28,1.76
1.708e-05,-1.28,1.76
1.7120000000000005e-05,-1.28,1.76
1.716e-05,-1.28,1.72
1.7200000000000005e-05,-1.36,1.72
1.7239999999999998e-05,-1.28,1.76
1.7280000000000004e-05,-1.28,1.72
1.7319999999999997e-05,-1.36,1.72
1.7360000000000003e-05,-1.36,1.76
1.7399999999999996e-05,-1.36,1.8
1.7440000000000002e-05,-1.28,1.76
1.7479999999999995e-05,-1.36,1.76
1.752e-05,-1.36,1.72
1.7559999999999995e-05,-1.44,1.72
1.76e-05,-1.44,1.72
1.7639999999999994e-05,-1.44,1.72
1.768e-05,-1.36,1.72
1.7719999999999993e-05,-1.44,1.72
1.776e-05,-1.52,1.76
1.7800000000000006e-05,-1.44,1.72
1.784e-05,-1.52,1.72
1.7880000000000005e-05,-1.44,1.72
1.7919999999999998e-05,-1.52,1.72
1.7960000000000004e-05,-1.52,1.76
1.7999999999999997e-05,-1.52,1.72
1.8040000000000003e-05,-1.52,1.72
1.8079999999999996e-05,-1.44,1.72
1.8120000000000003e-05,-1.52,1.72
1.8159999999999996e-05,-1.6,1.68
1.8200000000000002e-05,-1.6,1.72
1.8239999999999995e-05,-1.6,1.72
1.828e-05,-1.6,1.6400000000000001
1.8319999999999994e-05,-1.68,1.68
1.836e-05,-1.6,1.68
1.8399999999999993e-05,-1.6,1.68
1.844e-05,-1.68,1.68
1.8479999999999992e-05,-1.68,1.6400000000000001
1.852e-05,-1.68,1.68
1.8560000000000005e-05,-1.68,1.72
1.8599999999999998e-05,-1.68,1.68
1.8640000000000004e-05,-1.68,1.6400000000000001
1.8679999999999997e-05,-1.76,1.6400000000000001
1.8720000000000004e-05,-1.76,1.6400000000000001
1.8759999999999997e-05,-1.76,1.6400000000000001
1.8800000000000003e-05,-1.84,1.6400000000000001
1.8839999999999996e-05,-1.84,1.6400000000000001
1.8880000000000002e-05,-1.76,1.6400000000000001
1.8919999999999995e-05,-1.84,1.6
1.896e-05,-1.84,1.6
1.8999999999999994e-05,-1.84,1.6
1.904e-05,-1.84,1.6
1.9079999999999994e-05,-1.76,1.6
1.912e-05,-1.92,1.56
1.9159999999999993e-05,-1.92,1.6
1.92e-05,-1.84,1.56
1.9240000000000006e-05,-1.84,1.56
1.928e-05,-1.92,1.6
1.9320000000000005e-05,-1.92,1.56
1.9359999999999998e-05,-1.92,1.56
1.9400000000000004e-05,-1.92,1.6
1.9439999999999997e-05,-2.0,1.56
1.9480000000000003e-05,-1.84,1.56
1.9519999999999996e-05,-2.0,1.52
1.9560000000000002e-05,-1.92,1.52
1.9599999999999995e-05,-1.92,1.48
1.9640000000000002e-05,-1.92,1.52
1.9679999999999995e-05,-1.92,1.52
1.972e-05,-1.84,1.52
1.9759999999999994e-05,-1.92,1.48
1.98e-05,-2.08,1.48
1.9839999999999993e-05,-2.0,1.48
1.988e-05,-2.0,1.48
1.9920000000000006e-05,-2.0,1.44
1.996e-05,-2.0,1.44
2.0000000000000005e-05,-2.0,1.44
2.0039999999999998e-05,-2.0,1.4000000000000001
2.0080000000000004e-05,-2.0,1.4000000000000001
2.0119999999999997e-05,-2.0,1.4000000000000001
2.0160000000000003e-05,-2.08,1.4000000000000001
2.0199999999999996e-05,-2.0,1.4000000000000001
2.0240000000000003e-05,-2.08,1.4000000000000001
2.0279999999999996e-05,-2.08,1.36
2.0320000000000002e-05,-2.0,1.4000000000000001
2.0359999999999995e-05,-2.08,1.36
2.04e-05,-2.08,1.32
2.0439999999999994e-05,-2.16,1.32
2.048e-05,-2.0,1.32
2.0519999999999993e-05,-2.16,1.32
2.056e-05,-2.08,1.36
2.0599999999999993e-05,-2.08,1.32
2.064e-05,-2.08,1.32
2.0680000000000005e-05,-2.16,1.28
2.0719999999999998e-05,-2.08,1.28
2.0760000000000005e-05,-2.08,1.28
2.0799999999999997e-05,-2.08,1.24
2.0840000000000004e-05,-2.16,1.24
2.0879999999999997e-05,-2.24,1.24
2.0920000000000003e-05,-2.08,1.24
2.0959999999999996e-05,-2.08,1.2
2.1000000000000002e-05,-2.08,1.2
2.1039999999999995e-05,-2.0,1.2
2.108e-05,-2.08,1.2
2.1119999999999994e-05,-2.08,1.16
2.116e-05,-2.16,1.16
2.1199999999999994e-05,-2.24,1.16
2.124e-05,-2.08,1.12
2.1279999999999993e-05,-2.16,1.08
2.132e-05,-2.16,1.12
2.1360000000000006e-05,-2.16,1.12
2.14e-05,-2.16,1.08
2.1440000000000005e-05,-2.08,1.08
2.1479999999999998e-05,-2.08,1.04
2.1520000000000004e-05,-2.08,1.04
2.1559999999999997e-05,-2.16,1.04
2.1600000000000003e-05,-2.16,1.04
2.1639999999999996e-05,-2.08,1.04
2.1680000000000002e-05,-2.08,1.0
2.1719999999999995e-05,-2.16,1.0
2.1760000000000002e-05,-2.16,0.96
2.1799999999999995e-05,-2.16,0.96
2.184e-05,-2.08,0.96
2.1879999999999994e-05,-2.08,0.96
2.192e-05,-2.16,0.96
2.1959999999999993e-05,-2.16,0.96
2.2e-05,-2.16,0.92
2.2040000000000006e-05,-2.08,0.92
2.208e-05,-2.08,0.88
2.2120000000000005e-05,-2.16,0.88
2.2159999999999998e-05,-2.16,0.88
2.2200000000000004e-05,-2.08,0.88
2.2239999999999997e-05,-2.16,0.84
2.2280000000000004e-05,-2.16,0.84
2.2319999999999996e-05,-2.08,0.84
2.2360000000000003e-05,-2.16,0.76
2.2399999999999996e-05,-2.08,0.76
2.2440000000000002e-05,-2.16,0.8
2.2479999999999995e-05,-2.08,0.76
2.252e-05,-2.16,0.72
2.2559999999999994e-05,-2.16,0.76
2.26e-05,-2.08,0.72
2.2639999999999993e-05,-2.08,0.72
2.268e-05,-2.08,0.68
2.2719999999999993e-05,-2.08,0.68
2.276e-05,-2.08,0.68
2.2800000000000005e-05,-2.16,0.68
2.2839999999999998e-05,-2.16,0.68
2.2880000000000005e-05,-2.0,0.6
2.2919999999999997e-05,-2.08,0.64
2.2960000000000004e-05,-2.08,0.6
2.2999999999999997e-05,-2.08,0.6
2.3040000000000003e-05,-2.08,0.56
2.3079999999999996e-05,-2.08,0.56
2.3120000000000002e-05,-2.08,0.52
2.3159999999999995e-05,-2.0,0.48
2.32e-05,-2.08,0.52
2.3239999999999994e-05,-2.08,0.48
2.328e-05,-2.0,0.52
2.3319999999999994e-05,-2.0,0.48
2.336e-05,-2.0,0.44
2.3399999999999993e-05,-2.08,0.44
2.344e-05,-2.0,0.4
2.3480000000000006e-05,-2.0,0.4
2.352e-05,-2.0,0.4
2.3560000000000005e-05,-2.0,0.36
2.3599999999999998e-05,-1.92,0.4
2.3640000000000004e-05,-1.92,0.36
2.3679999999999997e-05,-2.0,0.36
2.3720000000000003e-05,-2.0,0.32
2.3759999999999996e-05,-1.92,0.32
2.3800000000000003e-05,-1.92,0.32
2.3839999999999995e-05,-1.92,0.24
2.3880000000000002e-05,-1.92,0.24
2.3919999999999995e-05,-1.92,0.24
2.396e-05,-1.84,0.24
2.3999999999999994e-05,-1.92,0.2
2.404e-05,-1.92,0.24
2.4079999999999993e-05,-1.92,0.2
2.412e-05,-1.84,0.2
2.4160000000000006e-05,-1.84,0.16
2.42e-05,-1.84,0.16
2.4240000000000005e-05,-1.76,0.12
2.4279999999999998e-05,-1.84,0.12
2.4320000000000004e-05,-1.84,0.12
2.4359999999999997e-05,-1.84,0.12
2.4400000000000004e-05,-1.76,0.12
2.4439999999999996e-05,-1.84,0.08
2.4480000000000003e-05,-1.76,0.08
2.4519999999999996e-05,-1.68,0.08
2.4560000000000002e-05,-1.68,0.04
2.4599999999999995e-05,-1.84,0.0
2.464e-05,-1.76,0.0
2.4679999999999994e-05,-1.76,0.0
2.472e-05,-1.68,-0.04
2.4759999999999993e-05,-1.76,-0.08
2.48e-05,-1.68,-0.08
2.4839999999999993e-05,-1.68,-0.04
2.488e-05,-1.76,-0.08
2.4920000000000005e-05,-1.68,-0.08
2.4959999999999998e-05,-1.68,-0.08
2.5000000000000005e-05,-1.6,-0.12
2.5039999999999997e-05,-1.68,-0.16
2.5080000000000004e-05,-1.6,-0.16
2.5119999999999997e-05,-1.6,-0.2
2.5160000000000003e-05,-1.6,-0.2
2.5199999999999996e-05,-1.68,-0.2
2.5240000000000002e-05,-1.52,-0.24
2.5279999999999995e-05,-1.6,-0.2
2.532e-05,-1.52,-0.28
2.5359999999999994e-05,-1.52,-0.24
2.54e-05,-1.52,-0.24
2.5439999999999994e-05,-1.52,-0.28
2.548e-05,-1.52,-0.28
2.5519999999999993e-05,-1.52,-0.32
2.556e-05,-1.44,-0.32
2.5600000000000006e-05,-1.44,-0.32
2.564e-05,-1.52,-0.4
2.5680000000000005e-05,-1.52,-0.36
2.5719999999999998e-05,-1.36,-0.36
2.5760000000000004e-05,-1.44,-0.4
2.5799999999999997e-05,-1.36,-0.4
2.5840000000000003e-05,-1.36,-0.4
2.5879999999999996e-05,-1.36,-0.44
2.5920000000000003e-05,-1.36,-0.44
2.5959999999999995e-05,-1.36,-0.44
2.6000000000000002e-05,-1.28,-0.48
2.6039999999999995e-05,-1.28,-0.48
2.608e-05,-1.28,-0.48
2.6119999999999994e-05,-1.28,-0.56
2.616e-05,-1.36,-0.52
2.6199999999999993e-05,-1.28,-0.52
2.624e-05,-1.2,-0.56
2.6280000000000006e-05,-1.28,-0.56
2.632e-05,-1.12,-0.6
2.6360000000000005e-05,-1.28,-0.64
2.6399999999999998e-05,-1.2,-0.6
2.6440000000000004e-05,-1.2,-0.64
2.6479999999999997e-05,-1.2,-0.68
2.6520000000000004e-05,-1.04,-0.64
2.6559999999999996e-05,-1.12,-0.68
2.6600000000000003e-05,-1.04,-0.68
2.6639999999999996e-05,-1.04,-0.68
2.6680000000000002e-05,-1.12,-0.72
2.6719999999999995e-05,-1.12,-0.72
2.676e-05,-1.04,-0.72
2.6799999999999994e-05,-1.04,-0.76
2.684e-05,-0.96,-0.76
2.6879999999999993e-05,-1.04,-0.8
2.692e-05,-1.04,-0.8
2.6959999999999993e-05,-0.96,-0.8
2.7e-05,-0.88,-0.84
2.7040000000000005e-05,-0.88,-0.8
2.7079999999999998e-05,-0.88,-0.8
2.7120000000000005e-05,-0.96,-0.88
2.7159999999999997e-05,-0.88,-0.88
2.7200000000000004e-05,-0.96,-0.84
2.7239999999999997e-05,-0.96,-0.88
2.7280000000000003e-05,-0.88,-0.92
2.7319999999999996e-05,-0.8,-0.96
2.7360000000000002e-05,-0.8,-0.92
2.7399999999999995e-05,-0.72,-0.96
2.744e-05,-0.8,-0.96
2.7479999999999994e-05,-0.8,-0.96
2.752e-05,-0.72,-0.96
2.7559999999999994e-05,-0.72,-0.96
2.76e-05,-0.64,-1.0
2.7639999999999993e-05,-0.64,-1.04
2.768e-05,-0.64,-1.04
2.7720000000000006e-05,-0.72,-1.08
2.776e-05,-0.56,-1.04
2.7800000000000005e-05,-0.64,-1.12
2.7839999999999998e-05,-0.64,-1.08
2.7880000000000004e-05,-0.48,-1.08
2.7919999999999997e-05,-0.56,-1.12
2.7960000000000003e-05,-0.64,-1.12
2.7999999999999996e-05,-0.48,-1.12
2.8040000000000003e-05,-0.48,-1.12
2.8079999999999995e-05,-0.48,-1.2
2.8120000000000002e-05,-0.4,-1.12
2.8159999999999995e-05,-0.48,-1.16
2.82e-05,-0.56,-1.2
2.8239999999999994e-05,-0.4,-1.2
2.828e-05,-0.4,-1.12
2.8319999999999993e-05,-0.4,-1.2
2.836e-05,-0.4,-1.24
2.8400000000000006e-05,-0.4,-1.24
2.844e-05,-0.4,-1.2
2.8480000000000005e-05,-0.24,-1.24
2.8519999999999998e-05,-0.32,-1.28
2.8560000000000004e-05,-0.32,-1.28
2.8599999999999997e-05,-0.24,-1.24
2.8640000000000004e-05,-0.24,-1.32
2.8679999999999996e-05,-0.24,-1.32
2.8720000000000003e-05,-0.16,-1.28
2.8759999999999996e-05,-0.16,-1.28
2.8800000000000002e-05,-0.16,-1.32
2.8839999999999995e-05,-0.24,-1.32
2.888e-05,-0.16,-1.32
2.8919999999999994e-05,-0.16,-1.36
2.896e-05,-0.16,-1.36
2.8999999999999993e-05,-0.08,-1.4000000000000001
2.904e-05,-0.08,-1.36
2.9079999999999993e-05,0.0,-1.36
2.912e-05,-0.08,-1.36
2.9160000000000005e-05,0.0,-1.4000000000000001
2.9199999999999998e-05,0.0,-1.4000000000000001
2.9240000000000005e-05,0.0,-1.44
2.9279999999999997e-05,0.0,-1.48
2.9320000000000004e-05,0.08,-1.4000000000000001
2.9359999999999997e-05,0.08,-1.44
2.9400000000000003e-05,0.08,-1.44
2.9439999999999996e-05,0.08,-1.48
2.9480000000000002e-05,0.08,-1.44
2.9519999999999995e-05,0.16,-1.48
2.956e-05,0.16,-1.52
2.9599999999999994e-05,0.16,-1.48
2.964e-05,0.16,-1.52
2.9679999999999994e-05,0.16,-1.52
2.972e-05,0.24,-1.52
2.9759999999999993e-05,0.24,-1.52
2.98e-05,0.32,-1.56
2.9840000000000006e-05,0.32,-1.56
2.988e-05,0.4,-1.52
2.9920000000000005e-05,0.32,-1.56
2.9959999999999998e-05,0.32,-1.56
3.0000000000000004e-05,0.32,-1.56
3.0039999999999997e-05,0.32,-1.56
3.0080000000000003e-05,0.48,-1.6
3.0119999999999996e-05,0.4,-1.6
3.0160000000000003e-05,0.4,-1.6
3.0199999999999995e-05,0.48,-1.6
3.0240000000000002e-05,0.48,-1.6
3.0279999999999995e-05,0.48,-1.56
3.032e-05,0.56,-1.6
3.0359999999999994e-05,0.48,-1.6
3.04e-05,0.56,-1.6
3.0439999999999993e-05,0.56,-1.6400000000000001
3.048e-05,0.56,-1.6
3.0520000000000006e-05,0.64,-1.6400000000000001
3.056e-05,0.56,-1.6400000000000001
3.0600000000000005e-05,0.64,-1.6
3.064e-05,0.72,-1.6400000000000001
3.0680000000000004e-05,0.72,-1.6
3.072e-05,0.64,-1.6400000000000001
3.0760000000000004e-05,0.72,-1.6400000000000001
3.0799999999999996e-05,0.8,-1.6400000000000001
3.084e-05,0.72,-1.68
3.0879999999999996e-05,0.72,-1.68
3.092e-05,0.72,-1.68
3.0959999999999995e-05,0.72,-1.68
3.1e-05,0.72,-1.72
3.1039999999999994e-05,0.8,-1.6400000000000001
3.108e-05,0.8,-1.68
3.1119999999999993e-05,0.88,-1.68
3.116e-05,0.88,-1.72
3.119999999999999e-05,0.88,-1.68
3.124e-05,0.8,-1.72
3.1280000000000005e-05,0.96,-1.72
3.132e-05,0.96,-1.72
3.1360000000000005e-05,0.96,-1.72
3.14e-05,0.96,-1.72
3.1440000000000004e-05,1.04,-1.68
3.148e-05,0.88,-1.68
3.152e-05,1.04,-1.72
3.1559999999999996e-05,1.04,-1.68
3.16e-05,0.96,-1.72
3.1639999999999995e-05,1.04,-1.72
3.168e-05,1.04,-1.72
3.1719999999999994e-05,1.04,-1.76
3.176e-05,1.04,-1.68
3.1799999999999994e-05,1.12,-1.72
3.184e-05,1.04,-1.72
3.187999999999999e-05,1.12,-1.76
3.192e-05,1.2,-1.76
3.1960000000000006e-05,1.12,-1.68
3.2e-05,1.2,-1.72
3.2040000000000005e-05,1.2,-1.72
3.208e-05,1.2,-1.76
3.2120000000000004e-05,1.12,-1.72
3.216e-05,1.2,-1.76
3.2200000000000003e-05,1.36,-1.76
3.2239999999999996e-05,1.28,-1.76
3.228e-05,1.28,-1.72
3.2319999999999995e-05,1.28,-1.72
3.236e-05,1.36,-1.72
3.2399999999999995e-05,1.36,-1.72
3.244e-05,1.44,-1.72
3.2479999999999994e-05,1.36,-1.72
3.252e-05,1.44,-1.72
3.255999999999999e-05,1.36,-1.72
3.26e-05,1.44,-1.76
3.2640000000000006e-05,1.44,-1.76
3.268e-05,1.52,-1.76
3.2720000000000005e-05,1.44,-1.68
3.276e-05,1.44,-1.68
3.2800000000000004e-05,1.36,-1.72
3.284e-05,1.52,-1.72
3.2880000000000004e-05,1.52,-1.72
3.2919999999999997e-05,1.44,-1.68
3.296e-05,1.52,-1.72
3.2999999999999996e-05,1.52,-1.72
3.304e-05,1.52,-1.68
3.3079999999999995e-05,1.6,-1.68
3.312e-05,1.6,-1.68
3.3159999999999994e-05,1.6,-1.72
3.32e-05,1.6,-1.72
3.3239999999999993e-05,1.6,-1.72
3.328e-05,1.6,-1.68
3.331999999999999e-05,1.6,-1.72
3.336e-05,1.6,-1.68
3.3400000000000005e-05,1.68,-1.6400000000000001
3.344e-05,1.68,-1.6400000000000001
3.3480000000000005e-05,1.68,-1.68
3.352e-05,1.68,-1.68
3.3560000000000004e-05,1.68,-1.68
3.36e-05,1.68,-1.6400000000000001
3.364e-05,1.76,-1.6400000000000001
3.3679999999999996e-05,1.68,-1.6400000000000001
3.372e-05,1.84,-1.6400000000000001
3.3759999999999995e-05,1.76,-1.68
3.38e-05,1.76,-1.6400000000000001
3.3839999999999994e-05,1.76,-1.6400000000000001
3.388e-05,1.76,-1.6400000000000001
3.3919999999999994e-05,1.76,-1.6
3.396e-05,1.84,-1.56
3.399999999999999e-05,1.84,-1.6
3.404e-05,1.84,-1.56
3.4080000000000006e-05,1.84,-1.6
3.412e-05,1.76,-1.6
3.4160000000000005e-05,1.76,-1.56
3.42e-05,1.84,-1.56
3.4240000000000004e-05,1.92,-1.56
3.428e-05,1.92,-1.56
3.4320000000000003e-05,1.92,-1.56
3.4359999999999996e-05,1.84,-1.56
3.44e-05,1.84,-1.56
3.4439999999999996e-05,1.92,-1.48
3.448e-05,2.0,-1.52
3.4519999999999995e-05,1.84,-1.52
3.456e-05,1.92,-1.52
3.4599999999999994e-05,1.92,-1.52
3.464e-05,2.0,-1.52
3.467999999999999e-05,1.92,-1.48
3.472e-05,2.0,-1.48
3.4760000000000006e-05,2.0,-1.48
3.48e-05,2.0,-1.48
3.4840000000000005e-05,2.0,-1.48
3.488e-05,2.0,-1.44
3.4920000000000004e-05,2.0,-1.4000000000000001
3.496e-05,2.0,-1.44
3.5000000000000004e-05,2.0,-1.4000000000000001
3.5039999999999997e-05,2.08,-1.48
3.508e-05,1.92,-1.44
3.5119999999999996e-05,2.0,-1.44
3.516e-05,2.0,-1.36
3.5199999999999995e-05,2.08,-1.44
3.524e-05,2.08,-1.4000000000000001
3.5279999999999994e-05,2.08,-1.4000000000000001
3.532e-05,2.08,-1.36
3.5359999999999993e-05,2.0,-1.36
3.54e-05,2.08,-1.4000000000000001
3.543999999999999e-05,2.08,-1.36
3.548e-05,2.0,-1.36
3.5520000000000006e-05,2.16,-1.32
3.556e-05,2.08,-1.24
3.5600000000000005e-05,2.0,-1.32
3.564e-05,2.16,-1.32
3.5680000000000004e-05,2.0,-1.28
3.572e-05,2.08,-1.28
3.576e-05,2.08,-1.24
3.5799999999999996e-05,2.16,-1.28
3.584e-05,2.16,-1.24
3.5879999999999995e-05,2.16,-1.24
3.592e-05,2.08,-1.24
3.5959999999999995e-05,2.16,-1.2
3.6e-05,2.24,-1.2
3.6039999999999994e-05,2.16,-1.2
3.608e-05,2.16,-1.2
3.611999999999999e-05,2.08,-1.16
3.616e-05,2.16,-1.12
3.6200000000000006e-05,2.08,-1.16
3.624e-05,2.16,-1.12
3.6280000000000005e-05,2.16,-1.12
3.632e-05,2.08,-1.12
3.6360000000000004e-05,2.24,-1.12
3.64e-05,2.16,-1.12
3.6440000000000003e-05,2.16,-1.08
3.6479999999999996e-05,2.16,-1.08
3.652e-05,2.16,-1.04
3.6559999999999996e-05,2.16,-1.04
3.66e-05,2.16,-1.04
3.6639999999999995e-05,2.16,-1.04
3.668e-05,2.24,-1.0
3.6719999999999994e-05,2.16,-0.96
3.676e-05,2.08,-0.96
3.679999999999999e-05,2.16,-1.0
3.684e-05,2.08,-0.96
3.6880000000000006e-05,2.16,-0.96
3.692e-05,2.24,-0.96
3.6960000000000005e-05,2.16,-0.96
3.7e-05,2.08,-0.88
3.7040000000000005e-05,2.08,-0.88
3.708e-05,2.16,-0.88
3.7120000000000004e-05,2.16,-0.92
3.7159999999999997e-05,2.08,-0.88
3.72e-05,2.16,-0.88
3.7239999999999996e-05,2.16,-0.8
3.728e-05,2.08,-0.88
3.7319999999999995e-05,2.08,-0.84
3.736e-05,2.08,-0.8
3.7399999999999994e-05,2.08,-0.8
3.744e-05,2.16,-0.8
3.7479999999999994e-05,2.16,-0.76
3.752e-05,2.08,-0.76
3.755999999999999e-05,2.08,-0.72
3.76e-05,2.08,-0.76
3.7640000000000006e-05,2.16,-0.72
3.768e-05,2.16,-0.72
3.7720000000000005e-05,2.16,-0.72
3.776e-05,2.08,-0.72
3.7800000000000004e-05,2.08,-0.6
3.784e-05,2.16,-0.64
3.788e-05,2.08,-0.6
3.7919999999999996e-05,2.08,-0.6
3.796e-05,2.08,-0.6
3.7999999999999995e-05,2.0,-0.6
3.804e-05,2.08,-0.56
3.8079999999999995e-05,2.0,-0.56
3.812e-05,2.08,-0.56
3.8159999999999994e-05,2.08,-0.56
3.82e-05,2.0,-0.52
3.823999999999999e-05,2.08,-0.52
3.828e-05,2.08,-0.52
3.8320000000000006e-05,2.0,-0.48
3.836e-05,2.0,-0.48
3.8400000000000005e-05,2.0,-0.44
3.844e-05,2.08,-0.44
3.8480000000000004e-05,2.0,-0.48
3.852e-05,1.92,-0.4
3.8560000000000004e-05,2.0,-0.44
3.8599999999999996e-05,2.08,-0.36
3.864e-05,1.92,-0.36
3.8679999999999996e-05,1.92,-0.32
3.872e-05,2.08,-0.32
3.8759999999999995e-05,2.0,-0.32
3.88e-05,1.92,-0.28
3.8839999999999994e-05,1.92,-0.28
3.888e-05,1.92,-0.28
3.891999999999999e-05,1.92,-0.24
3.896e-05,2.0,-0.24
3.9000000000000006e-05,2.0,-0.24
3.904e-05,1.92,-0.24
3.9080000000000005e-05,1.84,-0.24
3.912e-05,1.92,-0.2
3.9160000000000005e-05,1.92,-0.2
3.92e-05,1.76,-0.16
3.9240000000000004e-05,1.84,-0.16
3.928e-05,1.92,-0.16
3.932e-05,1.84,-0.16
3.9359999999999996e-05,1.84,-0.16
3.94e-05,1.76,-0.08
3.9439999999999995e-05,1.76,-0.08
3.948e-05,1.76,-0.12
3.9519999999999994e-05,1.76,-0.08
3.956e-05,1.84,-0.08
3.9599999999999994e-05,1.76,-0.04
3.964e-05,1.76,-0.04
3.967999999999999e-05,1.68,0.0
3.972e-05,1.68,0.0
3.9760000000000006e-05,1.76,0.04
3.98e-05,1.68,0.08
3.9840000000000005e-05,1.68,0.08
3.988e-05,1.68,0.08
3.9920000000000004e-05,1.6,0.04
3.996e-05,1.68,0.08
4e-05,1.68,0.08
4.0039999999999996e-05,1.6,0.12
4.008e-05,1.68,0.12
4.0119999999999995e-05,1.68,0.12
4.016e-05,1.6,0.2
4.0199999999999995e-05,1.52,0.16
4.024e-05,1.6,0.24
4.0279999999999994e-05,1.6,0.24
4.032e-05,1.68,0.28
4.035999999999999e-05,1.52,0.28
4.04e-05,1.52,0.28
4.0440000000000006e-05,1.52,0.32
4.048e-05,1.52,0.28
4.0520000000000005e-05,1.44,0.32
4.056e-05,1.52,0.32
4.0600000000000004e-05,1.52,0.28
4.064e-05,1.44,0.36
4.0680000000000004e-05,1.44,0.32
4.0719999999999996e-05,1.36,0.36
4.076e-05,1.36,0.36
4.0799999999999996e-05,1.36,0.4
4.084e-05,1.36,0.44
4.0879999999999995e-05,1.36,0.44
4.092e-05,1.36,0.48
4.0959999999999994e-05,1.36,0.48
4.1e-05,1.28,0.52
4.103999999999999e-05,1.36,0.52
4.108e-05,1.36,0.52
4.1120000000000006e-05,1.28,0.52
4.116e-05,1.36,0.52
4.1200000000000005e-05,1.28,0.52
4.124e-05,1.28,0.6
4.1280000000000005e-05,1.28,0.6
4.132e-05,1.2,0.6
4.1360000000000004e-05,1.2,0.6
4.14e-05,1.2,0.64
4.144e-05,1.2,0.6
4.1479999999999996e-05,1.12,0.64
4.152e-05,1.12,0.64
4.1559999999999995e-05,1.2,0.68
4.16e-05,1.12,0.68
4.1639999999999994e-05,1.12,0.72
4.168e-05,1.12,0.68
4.1719999999999994e-05,0.96,0.76
4.176e-05,1.04,0.8
4.179999999999999e-05,1.04,0.72
4.184e-05,1.04,0.8
4.1880000000000006e-05,1.04,0.72
4.192e-05,1.04,0.76
4.1960000000000005e-05,0.96,0.84
4.2e-05,0.96,0.84
4.2040000000000004e-05,0.88,0.84
4.208e-05,0.96,0.84
4.212e-05,0.96,0.84
4.2159999999999996e-05,0.88,0.84
4.22e-05,0.88,0.8
4.2239999999999995e-05,0.88,0.92
4.228e-05,0.8,0.88
4.2319999999999995e-05,0.8,0.92
4.236e-05,0.72,0.96
4.2399999999999994e-05,0.8,0.92
4.244e-05,0.72,0.92
4.247999999999999e-05,0.8,0.96
4.252e-05,0.72,0.96
4.2560000000000006e-05,0.64,0.96
4.26e-05,0.72,1.0
4.2640000000000005e-05,0.64,1.04
4.268e-05,0.72,1.0
4.2720000000000004e-05,0.64,1.04
4.276e-05,0.56,1.04
4.2800000000000004e-05,0.64,1.04
4.2839999999999996e-05,0.56,1.08
4.288e-05,0.72,1.08
4.2919999999999996e-05,0.64,1.12
4.296e-05,0.56,1.12
4.2999999999999995e-05,0.56,1.08
4.304e-05,0.48,1.12
4.3079999999999994e-05,0.48,1.12
4.312e-05,0.48,1.12
4.315999999999999e-05,0.48,1.16
4.32e-05,0.4,1.16
4.3240000000000006e-05,0.48,1.16
4.328e-05,0.4,1.2
4.3320000000000005e-05,0.32,1.24
4.336e-05,0.4,1.2
4.3400000000000005e-05,0.4,1.2
4.344e-05,0.32,1.24
4.3480000000000004e-05,0.32,1.24
4.352e-05,0.32,1.28
4.356e-05,0.32,1.28
4.3599999999999996e-05,0.24,1.24
4.364e-05,0.24,1.28
4.3679999999999995e-05,0.24,1.28
4.372e-05,0.32,1.32
4.3759999999999994e-05,0.16,1.28
4.38e-05,0.16,1.36
4.3839999999999994e-05,0.16,1.32
4.388e-05,0.24,1.36
4.391999999999999e-05,0.08,1.36
4.396e-05,0.08,1.36
4.4000000000000006e-05,0.0,1.36
4.404e-05,0.08,1.36
4.4080000000000005e-05,0.16,1.36
4.412e-05,0.08,1.4000000000000001
4.4160000000000004e-05,0.0,1.44
4.42e-05,0.0,1.48
4.424e-05,-0.08,1.4000000000000001
4.4279999999999996e-05,0.0,1.4000000000000001
4.432e-05,0.0,1.44
4.4359999999999995e-05,-0.08,1.48
4.44e-05,0.0,1.48
4.4439999999999995e-05,0.0,1.48
4.448e-05,-0.16,1.48
4.4519999999999994e-05,-0.16,1.44
4.456e-05,-0.16,1.48
4.459999999999999e-05,-0.08,1.52
4.464e-05,-0.24,1.52
4.4680000000000006e-05,-0.32,1.52
4.472e-05,-0.16,1.52
4.4760000000000005e-05,-0.32,1.52
4.48e-05,-0.32,1.52
4.4840000000000004e-05,-0.24,1.52
4.488e-05,-0.32,1.48
4.4920000000000004e-05,-0.32,1.56
4.4959999999999996e-05,-0.4,1.52
4.5e-05,-0.32,1.56
4.5039999999999996e-05,-0.4,1.56
4.508e-05,-0.32,1.56
4.5119999999999995e-05,-0.32,1.6400000000000001
4.516e-05,-0.4,1.6
4.5199999999999994e-05,-0.48,1.6
4.524e-05,-0.48,1.6
4.527999999999999e-05,-0.48,1.6
4.532e-05,-0.4,1.6
4.5360000000000006e-05,-0.56,1.6
4.54e-05,-0.48,1.6400000000000001
4.5440000000000005e-05,-0.56,1.6400000000000001
4.548e-05,-0.56,1.6400000000000001
4.5520000000000005e-05,-0.56,1.6400000000000001
4.556e-05,-0.56,1.6
4.5600000000000004e-05,-0.56,1.68
4.564e-05,-0.64,1.68
4.568e-05,-0.64,1.72
4.5719999999999996e-05,-0.64,1.68
4.576e-05,-0.72,1.6400000000000001
4.5799999999999995e-05,-0.72,1.6400000000000001
4.584e-05,-0.72,1.68
4.5879999999999994e-05,-0.72,1.6400000000000001
4.592e-05,-0.64,1.72
4.5959999999999994e-05,-0.8,1.68
4.6e-05,-0.72,1.72
4.603999999999999e-05,-0.8,1.72
4.608e-05,-0.8,1.72
4.6120000000000006e-05,-0.88,1.68
4.616e-05,-0.8,1.72
4.6200000000000005e-05,-0.88,1.68
4.624e-05,-0.8,1.72
4.6280000000000004e-05,-0.96,1.72
4.632e-05,-0.88,1.72
4.636e-05,-0.88,1.72
4.6399999999999996e-05,-1.04,1.72
4.644e-05,-0.96,1.72
4.6479999999999995e-05,-1.04,1.72
4.652e-05,-0.96,1.76
4.6559999999999995e-05,-1.12,1.72
4.66e-05,-1.04,1.72
4.6639999999999994e-05,-1.04,1.72
4.668e-05,-0.96,1.72
4.671999999999999e-05,-1.12,1.76
4.676e-05,-1.12,1.76
4.6800000000000006e-05,-1.04,1.72
4.684e-05,-1.12,1.72
4.6880000000000005e-05,-1.2,1.76
4.692e-05,-1.2,1.72
4.6960000000000004e-05,-1.2,1.76
4.7e-05,-1.28,1.72
4.7040000000000004e-05,-1.28,1.76
4.7079999999999996e-05,-1.28,1.72
4.712e-05,-1.2,1.76
4.7159999999999996e-05,-1.28,1.76
4.72e-05,-1.2,1.76
4.7239999999999995e-05,-1.36,1.72
4.728e-05,-1.28,1.76
4.7319999999999994e-05,-1.28,1.76
4.736e-05,-1.28,1.72
4.7399999999999993e-05,-1.28,1.72
4.744e-05,-1.36,1.72
4.7480000000000006e-05,-1.36,1.72
4.752e-05,-1.44,1.76
4.7560000000000005e-05,-1.36,1.76
4.76e-05,-1.52,1.72
4.7640000000000005e-05,-1.44,1.76
4.768e-05,-1.44,1.72
4.7720000000000004e-05,-1.44,1.72
4.776e-05,-1.44,1.68
4.78e-05,-1.44,1.72
4.7839999999999996e-05,-1.44,1.72
4.788e-05,-1.52,1.72
4.7919999999999995e-05,-1.52,1.68
4.796e-05,-1.52,1.76
4.7999999999999994e-05,-1.52,1.72
4.804e-05,-1.52,1.72
4.8079999999999994e-05,-1.52,1.72
4.812e-05,-1.68,1.68
4.815999999999999e-05,-1.52,1.72
4.82e-05,-1.52,1.72
4.8240000000000006e-05,-1.6,1.68
4.828e-05,-1.68,1.6400000000000001
4.8320000000000005e-05,-1.6,1.68
4.836e-05,-1.68,1.6400000000000001
4.8400000000000004e-05,-1.76,1.68
4.844e-05,-1.6,1.72
4.8480000000000003e-05,-1.6,1.68
4.8519999999999996e-05,-1.68,1.6400000000000001
4.856e-05,-1.68,1.6400000000000001
4.8599999999999995e-05,-1.76,1.6400000000000001
4.864e-05,-1.76,1.68
4.8679999999999995e-05,-1.76,1.6400000000000001
4.872e-05,-1.92,1.6400000000000001
4.8759999999999994e-05,-1.76,1.6400000000000001
4.88e-05,-1.68,1.6400000000000001
4.883999999999999e-05,-1.76,1.6400000000000001
4.888e-05,-1.76,1.6400000000000001
4.8920000000000006e-05,-1.84,1.6
4.896e-05,-1.84,1.6400000000000001
4.9000000000000005e-05,-1.76,1.6400000000000001
4.904e-05,-1.76,1.6
4.9080000000000004e-05,-1.84,1.6
4.912e-05,-1.92,1.6
4.9160000000000004e-05,-1.92,1.6
4.9199999999999997e-05,-1.92,1.6
4.924e-05,-1.84,1.56
4.9279999999999996e-05,-1.84,1.56
4.932e-05,-1.92,1.6
4.9359999999999995e-05,-1.92,1.6
4.94e-05,-2.0,1.56
4.9439999999999994e-05,-1.92,1.56
4.948e-05,-1.92,1.52
4.9519999999999993e-05,-1.84,1.56
4.956e-05,-1.92,1.52
4.9600000000000006e-05,-2.0,1.52
4.964e-05,-2.0,1.56
4.9680000000000005e-05,-2.0,1.52
4.972e-05,-2.0,1.52
4.9760000000000005e-05,-2.0,1.48
4.98e-05,-1.92,1.48
4.9840000000000004e-05,-2.0,1.48
4.988e-05,-2.0,1.52
4.992e-05,-2.0,1.48
4.9959999999999996e-05,-2.0,1.4000000000000001
