t,V_out,V_in
-1.25e-05,5.0,-0.46
-1.249e-05,5.2,-0.44
-1.248e-05,4.800000000000001,-0.46
-1.2470000000000001e-05,5.0,-0.44
-1.2460000000000001e-05,5.0,-0.42
-1.2450000000000001e-05,4.800000000000001,-0.46
-1.2440000000000001e-05,5.0,-0.46
-1.2430000000000001e-05,5.0,-0.44
-1.2420000000000001e-05,4.800000000000001,-0.42
-1.241e-05,5.0,-0.44
-1.24e-05,5.2,-0.42
-1.239e-05,5.0,-0.42
-1.238e-05,4.800000000000001,-0.42
-1.237e-05,4.800000000000001,-0.44
-1.236e-05,5.0,-0.4
-1.235e-05,4.800000000000001,-0.4
-1.234e-05,5.0,-0.42
-1.233e-05,5.0,-0.44
-1.232e-05,5.0,-0.42
-1.231e-05,5.0,-0.4
-1.23e-05,5.2,-0.4
-1.2290000000000001e-05,4.800000000000001,-0.38
-1.2280000000000001e-05,4.800000000000001,-0.4
-1.2270000000000001e-05,5.0,-0.4
-1.2260000000000001e-05,5.0,-0.38
-1.2250000000000001e-05,5.0,-0.38
-1.2240000000000001e-05,4.800000000000001,-0.38
-1.223e-05,4.800000000000001,-0.4
-1.222e-05,5.0,-0.38
-1.221e-05,4.800000000000001,-0.36
-1.22e-05,4.800000000000001,-0.38
-1.219e-05,5.0,-0.36
-1.218e-05,4.800000000000001,-0.38
-1.217e-05,4.800000000000001,-0.38
-1.216e-05,4.800000000000001,-0.38
-1.215e-05,4.800000000000001,-0.36
-1.214e-05,4.800000000000001,-0.36
-1.213e-05,4.6000000000000005,-0.36
-1.2120000000000001e-05,4.6000000000000005,-0.36
-1.2110000000000001e-05,4.800000000000001,-0.36
-1.2100000000000001e-05,4.800000000000001,-0.34
-1.2090000000000001e-05,4.800000000000001,-0.34
-1.2080000000000001e-05,4.800000000000001,-0.34
-1.2070000000000001e-05,4.800000000000001,-0.32
-1.206e-05,4.800000000000001,-0.32
-1.205e-05,4.6000000000000005,-0.38
-1.204e-05,4.800000000000001,-0.32
-1.203e-05,4.4,-0.32
-1.202e-05,4.800000000000001,-0.3
-1.201e-05,4.6000000000000005,-0.32
-1.2e-05,4.4,-0.3
-1.199e-05,4.6000000000000005,-0.3
-1.198e-05,4.4,-0.32
-1.197e-05,4.2,-0.3
-1.196e-05,4.4,-0.3
-1.195e-05,4.6000000000000005,-0.28
-1.1940000000000001e-05,4.4,-0.3
-1.1930000000000001e-05,4.4,-0.26
-1.1920000000000001e-05,4.4,-0.3
-1.1910000000000001e-05,4.4,-0.26
-1.1900000000000001e-05,4.4,-0.26
-1.1890000000000001e-05,4.4,-0.28
-1.1880000000000001e-05,4.4,-0.26
-1.187e-05,4.4,-0.24
-1.186e-05,4.4,-0.28
-1.185e-05,4.4,-0.26
-1.184e-05,4.800000000000001,-0.26
-1.183e-05,4.2,-0.24
-1.182e-05,4.6000000000000005,-0.24
-1.181e-05,4.4,-0.22
-1.18e-05,4.2,-0.24
-1.179e-05,4.4,-0.22
-1.178e-05,4.4,-0.24
-1.177e-05,4.2,-0.24
-1.1760000000000001e-05,4.0,-0.22
-1.1750000000000001e-05,4.2,-0.22
-1.1740000000000001e-05,4.2,-0.22
-1.1730000000000001e-05,4.2,-0.2
-1.1720000000000001e-05,4.0,-0.18
-1.1710000000000001e-05,3.8000000000000003,-0.2
-1.17e-05,4.0,-0.18
-1.169e-05,4.0,-0.18
-1.168e-05,4.0,-0.18
-1.167e-05,3.8000000000000003,-0.18
-1.166e-05,3.8000000000000003,-0.2
-1.165e-05,4.0,-0.16
-1.164e-05,3.8000000000000003,-0.16
-1.163e-05,3.8000000000000003,-0.16
-1.162e-05,3.8000000000000003,-0.16
-1.161e-05,3.8000000000000003,-0.2
-1.16e-05,3.8000000000000003,-0.16
-1.159e-05,3.8000000000000003,-0.18
-1.1580000000000001e-05,3.8000000000000003,-0.14
-1.1570000000000001e-05,3.6,-0.14
-1.1560000000000001e-05,3.8000000000000003,-0.14
-1.1550000000000001e-05,3.6,-0.14
-1.1540000000000001e-05,3.6,-0.14
-1.153e-05,3.4000000000000004,-0.14
-1.1520000000000002e-05,3.4000000000000004,-0.12
-1.151e-05,3.8000000000000003,-0.12
-1.15e-05,3.6,-0.1
-1.149e-05,3.4000000000000004,-0.12
-1.148e-05,3.4000000000000004,-0.12
-1.147e-05,3.2,-0.1
-1.146e-05,3.2,-0.08
-1.145e-05,3.4000000000000004,-0.1
-1.144e-05,3.4000000000000004,-0.1
-1.143e-05,3.4000000000000004,-0.08
-1.142e-05,3.2,-0.08
-1.1410000000000001e-05,3.2,-0.06
-1.1400000000000001e-05,3.2,-0.06
-1.1390000000000001e-05,3.0,-0.08
-1.1380000000000001e-05,3.0,-0.04
-1.1370000000000001e-05,3.0,-0.04
-1.136e-05,3.0,-0.08
-1.1350000000000001e-05,3.0,-0.06
-1.134e-05,2.8000000000000003,-0.04
-1.133e-05,3.0,-0.04
-1.132e-05,2.8000000000000003,-0.04
-1.131e-05,2.8000000000000003,0.0
-1.13e-05,2.6,-0.02
-1.129e-05,2.6,-0.04
-1.128e-05,2.6,-0.02
-1.127e-05,3.0,0.0
-1.126e-05,2.6,-0.02
-1.125e-05,2.4000000000000004,-0.02
-1.124e-05,2.6,0.0
-1.1230000000000001e-05,2.8000000000000003,-0.02
-1.1220000000000001e-05,2.4000000000000004,0.02
-1.1210000000000001e-05,2.4000000000000004,0.02
-1.1200000000000001e-05,2.6,0.02
-1.1190000000000001e-05,2.4000000000000004,0.02
-1.1180000000000001e-05,2.4000000000000004,0.02
-1.117e-05,2.4000000000000004,0.02
-1.116e-05,2.2,0.04
-1.115e-05,2.2,0.04
-1.114e-05,2.0,0.04
-1.113e-05,2.4000000000000004,0.06
-1.112e-05,2.0,0.06
-1.111e-05,2.0,0.06
-1.11e-05,2.0,0.08
-1.109e-05,1.8,0.06
-1.108e-05,2.0,0.06
-1.107e-05,2.2,0.08
-1.106e-05,1.8,0.1
-1.1050000000000001e-05,1.6,0.08
-1.1040000000000001e-05,1.8,0.1
-1.1030000000000001e-05,1.8,0.1
-1.1020000000000001e-05,1.8,0.08
-1.1010000000000001e-05,1.6,0.12
-1.1e-05,1.8,0.14
-1.0990000000000002e-05,1.4000000000000001,0.12
-1.098e-05,1.8,0.14
-1.097e-05,1.6,0.1
-1.096e-05,1.8,0.12
-1.095e-05,1.2000000000000002,0.14
-1.094e-05,1.6,0.14
-1.093e-05,1.4000000000000001,0.14
-1.092e-05,1.4000000000000001,0.16
-1.091e-05,1.2000000000000002,0.16
-1.09e-05,1.4000000000000001,0.16
-1.089e-05,1.2000000000000002,0.14
-1.0880000000000001e-05,1.4000000000000001,0.18
-1.0870000000000001e-05,1.0,0.18
-1.0860000000000001e-05,1.2000000000000002,0.18
-1.0850000000000001e-05,1.0,0.18
-1.0840000000000001e-05,1.0,0.18
-1.083e-05,1.2000000000000002,0.18
-1.0820000000000001e-05,1.0,0.2
-1.081e-05,0.8,0.18
-1.08e-05,0.8,0.2
-1.079e-05,0.8,0.2
-1.078e-05,0.8,0.2
-1.077e-05,0.8,0.22
-1.076e-05,0.8,0.2
-1.075e-05,0.6000000000000001,0.2
-1.074e-05,0.6000000000000001,0.22
-1.073e-05,0.6000000000000001,0.24
-1.072e-05,0.6000000000000001,0.24
-1.071e-05,0.4,0.22
-1.0700000000000001e-05,0.6000000000000001,0.24
-1.0690000000000001e-05,0.4,0.26
-1.0680000000000001e-05,0.2,0.26
-1.0670000000000001e-05,0.2,0.26
-1.0660000000000001e-05,0.2,0.28
-1.0650000000000001e-05,0.2,0.24
-1.064e-05,0.2,0.26
-1.063e-05,0.2,0.26
-1.062e-05,0.0,0.26
-1.061e-05,0.2,0.28
-1.06e-05,0.2,0.26
-1.059e-05,0.0,0.28
-1.058e-05,0.0,0.28
-1.057e-05,-0.2,0.28
-1.056e-05,-0.2,0.28
-1.055e-05,-0.2,0.3
-1.054e-05,-0.2,0.28
-1.053e-05,0.0,0.3
-1.0520000000000001e-05,-0.4,0.32
-1.0510000000000001e-05,-0.4,0.32
-1.0500000000000001e-05,-0.4,0.32
-1.049e-05,-0.4,0.34
-1.0480000000000001e-05,-0.4,0.3
-1.047e-05,-0.4,0.3
-1.0460000000000001e-05,-0.4,0.32
-1.045e-05,-0.6000000000000001,0.32
-1.044e-05,-0.8,0.34
-1.043e-05,-0.6000000000000001,0.34
-1.042e-05,-0.6000000000000001,0.34
-1.041e-05,-0.8,0.38
-1.04e-05,-0.8,0.36
-1.039e-05,-0.8,0.36
-1.038e-05,-0.8,0.38
-1.037e-05,-0.8,0.38
-1.036e-05,-1.0,0.38
-1.0350000000000001e-05,-1.2000000000000002,0.36
-1.0340000000000001e-05,-0.8,0.36
-1.0330000000000001e-05,-1.0,0.36
-1.0320000000000001e-05,-1.0,0.4
-1.0310000000000001e-05,-1.0,0.36
-1.03e-05,-1.2000000000000002,0.38
-1.0290000000000001e-05,-1.2000000000000002,0.4
-1.028e-05,-1.2000000000000002,0.38
-1.027e-05,-1.2000000000000002,0.38
-1.026e-05,-1.4000000000000001,0.4
-1.025e-05,-1.6,0.4
-1.024e-05,-1.4000000000000001,0.4
-1.023e-05,-1.4000000000000001,0.4
-1.022e-05,-1.4000000000000001,0.42
-1.021e-05,-1.6,0.4
-1.02e-05,-1.4000000000000001,0.4
-1.019e-05,-1.6,0.42
-1.018e-05,-1.6,0.42
-1.0170000000000001e-05,-1.6,0.44
-1.0160000000000001e-05,-1.8,0.4
-1.0150000000000001e-05,-1.8,0.4
-1.0140000000000001e-05,-1.8,0.42
-1.013e-05,-1.8,0.42
-1.0120000000000001e-05,-1.8,0.4
-1.011e-05,-2.0,0.46
-1.0100000000000002e-05,-2.0,0.44
-1.009e-05,-1.6,0.44
-1.008e-05,-2.0,0.46
-1.007e-05,-2.0,0.42
-1.006e-05,-1.8,0.44
-1.005e-05,-2.0,0.46
-1.004e-05,-2.0,0.42
-1.003e-05,-2.0,0.44
-1.002e-05,-2.6,0.46
-1.001e-05,-2.0,0.46
-1e-05,-2.2,0.46
-9.990000000000001e-06,-2.2,0.46
-9.980000000000001e-06,-2.4000000000000004,0.48
-9.970000000000001e-06,-2.4000000000000004,0.46
-9.96e-06,-2.6,0.46
-9.950000000000001e-06,-2.2,0.46
-9.94e-06,-2.4000000000000004,0.48
-9.930000000000001e-06,-2.4000000000000004,0.46
-9.92e-06,-2.4000000000000004,0.48
-9.91e-06,-2.6,0.48
-9.9e-06,-2.4000000000000004,0.46
-9.89e-06,-2.4000000000000004,0.5
-9.88e-06,-2.4000000000000004,0.5
-9.87e-06,-2.8000000000000003,0.5
-9.86e-06,-2.6,0.5
-9.85e-06,-2.6,0.46
-9.84e-06,-2.6,0.5
-9.83e-06,-2.8000000000000003,0.48
-9.820000000000001e-06,-3.0,0.46
-9.810000000000001e-06,-2.8000000000000003,0.5
-9.800000000000001e-06,-2.8000000000000003,0.48
-9.790000000000001e-06,-2.8000000000000003,0.48
-9.780000000000001e-06,-2.8000000000000003,0.48
-9.77e-06,-3.0,0.5
-9.760000000000001e-06,-2.8000000000000003,0.48
-9.75e-06,-3.0,0.5
-9.74e-06,-3.0,0.48
-9.73e-06,-3.0,0.52
-9.72e-06,-3.2,0.5
-9.71e-06,-3.2,0.48
-9.7e-06,-3.0,0.5
-9.69e-06,-3.0,0.52
-9.68e-06,-3.2,0.5
-9.67e-06,-3.0,0.52
-9.66e-06,-3.0,0.5
-9.65e-06,-3.4000000000000004,0.52
-9.640000000000001e-06,-3.2,0.52
-9.630000000000001e-06,-3.2,0.5
-9.620000000000001e-06,-3.4000000000000004,0.52
-9.610000000000001e-06,-3.4000000000000004,0.5
-9.6e-06,-3.6,0.5
-9.590000000000001e-06,-3.4000000000000004,0.48
-9.58e-06,-3.4000000000000004,0.5
-9.570000000000002e-06,-3.6,0.5
-9.56e-06,-3.4000000000000004,0.5
-9.55e-06,-3.4000000000000004,0.5
-9.54e-06,-3.6,0.5
-9.53e-06,-3.4000000000000004,0.52
-9.52e-06,-3.8000000000000003,0.52
-9.51e-06,-3.8000000000000003,0.5
-9.5e-06,-3.6,0.5
-9.49e-06,-3.4000000000000004,0.5
-9.48e-06,-3.6,0.52
-9.47e-06,-3.6,0.52
-9.460000000000001e-06,-3.6,0.52
-9.450000000000001e-06,-3.6,0.5
-9.440000000000001e-06,-3.6,0.52
-9.43e-06,-3.8000000000000003,0.52
-9.420000000000001e-06,-3.4000000000000004,0.52
-9.41e-06,-3.8000000000000003,0.5
-9.400000000000001e-06,-3.8000000000000003,0.48
-9.39e-06,-3.6,0.5
-9.38e-06,-3.8000000000000003,0.5
-9.37e-06,-3.8000000000000003,0.52
-9.36e-06,-3.8000000000000003,0.5
-9.35e-06,-3.6,0.52
-9.34e-06,-3.8000000000000003,0.52
-9.33e-06,-3.8000000000000003,0.5
-9.32e-06,-3.8000000000000003,0.48
-9.31e-06,-3.8000000000000003,0.48
-9.3e-06,-3.8000000000000003,0.5
-9.29e-06,-4.0,0.5
-9.280000000000001e-06,-3.8000000000000003,0.48
-9.270000000000001e-06,-3.8000000000000003,0.5
-9.260000000000001e-06,-4.2,0.5
-9.250000000000001e-06,-4.0,0.5
-9.24e-06,-3.8000000000000003,0.5
-9.230000000000001e-06,-4.2,0.5
-9.22e-06,-4.0,0.5
-9.21e-06,-4.2,0.48
-9.2e-06,-4.0,0.48
-9.19e-06,-4.2,0.48
-9.18e-06,-3.8000000000000003,0.48
-9.17e-06,-4.0,0.5
-9.16e-06,-4.2,0.5
-9.15e-06,-4.0,0.48
-9.14e-06,-4.0,0.48
-9.13e-06,-4.2,0.5
-9.12e-06,-4.0,0.46
-9.110000000000001e-06,-4.2,0.48
-9.100000000000001e-06,-4.2,0.46
-9.090000000000001e-06,-4.2,0.5
-9.080000000000001e-06,-4.2,0.46
-9.07e-06,-4.0,0.46
-9.060000000000001e-06,-4.2,0.46
-9.05e-06,-3.8000000000000003,0.46
-9.040000000000002e-06,-4.2,0.48
-9.03e-06,-4.2,0.48
-9.02e-06,-4.2,0.46
-9.01e-06,-4.0,0.46
-9e-06,-4.2,0.46
-8.99e-06,-4.0,0.46
-8.98e-06,-4.2,0.46
-8.97e-06,-4.4,0.42
-8.96e-06,-4.0,0.46
-8.95e-06,-4.0,0.46
-8.94e-06,-4.2,0.46
-8.930000000000001e-06,-4.0,0.42
-8.920000000000001e-06,-4.2,0.44
-8.910000000000001e-06,-4.2,0.42
-8.9e-06,-4.0,0.44
-8.890000000000001e-06,-4.0,0.46
-8.88e-06,-4.4,0.44
-8.870000000000001e-06,-4.0,0.44
-8.86e-06,-4.0,0.42
-8.85e-06,-4.0,0.42
-8.84e-06,-4.2,0.42
-8.83e-06,-4.2,0.4
-8.82e-06,-4.2,0.42
-8.81e-06,-4.0,0.42
-8.8e-06,-4.2,0.42
-8.79e-06,-4.2,0.42
-8.78e-06,-4.2,0.42
-8.77e-06,-4.0,0.4
-8.76e-06,-4.0,0.42
-8.750000000000001e-06,-4.0,0.42
-8.740000000000001e-06,-4.2,0.38
-8.730000000000001e-06,-4.0,0.4
-8.720000000000001e-06,-4.0,0.4
-8.71e-06,-4.0,0.38
-8.700000000000001e-06,-4.0,0.38
-8.69e-06,-4.0,0.38
-8.680000000000002e-06,-4.0,0.38
-8.67e-06,-3.8000000000000003,0.36
-8.66e-06,-4.0,0.4
-8.65e-06,-4.0,0.38
-8.64e-06,-3.8000000000000003,0.36
-8.63e-06,-4.0,0.38
-8.62e-06,-3.8000000000000003,0.34
-8.61e-06,-3.8000000000000003,0.36
-8.6e-06,-4.0,0.36
-8.59e-06,-3.6,0.36
-8.580000000000001e-06,-4.0,0.36
-8.570000000000001e-06,-3.8000000000000003,0.36
-8.56e-06,-4.0,0.34
-8.550000000000001e-06,-3.8000000000000003,0.34
-8.54e-06,-3.8000000000000003,0.36
-8.530000000000001e-06,-3.6,0.32
-8.52e-06,-3.8000000000000003,0.32
-8.510000000000002e-06,-3.6,0.32
-8.5e-06,-3.6,0.32
-8.490000000000002e-06,-3.8000000000000003,0.3
-8.48e-06,-3.6,0.3
-8.47e-06,-3.8000000000000003,0.3
-8.46e-06,-3.8000000000000003,0.3
-8.45e-06,-3.6,0.32
-8.44e-06,-3.6,0.3
-8.43e-06,-3.6,0.3
-8.42e-06,-3.6,0.28
-8.41e-06,-3.4000000000000004,0.28
-8.400000000000001e-06,-3.6,0.3
-8.39e-06,-3.8000000000000003,0.26
-8.380000000000001e-06,-3.6,0.26
-8.37e-06,-3.4000000000000004,0.28
-8.360000000000001e-06,-3.4000000000000004,0.26
-8.35e-06,-3.4000000000000004,0.28
-8.340000000000001e-06,-3.4000000000000004,0.26
-8.33e-06,-3.4000000000000004,0.28
-8.320000000000002e-06,-3.4000000000000004,0.24
-8.31e-06,-3.4000000000000004,0.26
-8.3e-06,-3.4000000000000004,0.24
-8.29e-06,-3.2,0.26
-8.28e-06,-3.2,0.22
-8.27e-06,-3.4000000000000004,0.24
-8.26e-06,-3.4000000000000004,0.22
-8.25e-06,-3.2,0.22
-8.24e-06,-3.2,0.22
-8.23e-06,-3.2,0.22
-8.220000000000001e-06,-3.4000000000000004,0.2
-8.210000000000001e-06,-3.0,0.2
-8.2e-06,-2.8000000000000003,0.22
-8.190000000000001e-06,-3.0,0.22
-8.18e-06,-3.2,0.18
-8.170000000000001e-06,-3.2,0.2
-8.16e-06,-3.0,0.18
-8.150000000000002e-06,-3.0,0.2
-8.14e-06,-2.8000000000000003,0.2
-8.13e-06,-3.0,0.18
-8.12e-06,-3.0,0.16
-8.11e-06,-2.8000000000000003,0.18
-8.1e-06,-2.6,0.16
-8.09e-06,-2.8000000000000003,0.16
-8.08e-06,-2.6,0.18
-8.07e-06,-2.8000000000000003,0.12
-8.06e-06,-2.8000000000000003,0.14
-8.050000000000001e-06,-2.6,0.14
-8.040000000000001e-06,-2.6,0.14
-8.03e-06,-2.6,0.14
-8.020000000000001e-06,-2.6,0.12
-8.01e-06,-2.4000000000000004,0.12
-8.000000000000001e-06,-2.6,0.12
-7.99e-06,-2.6,0.12
-7.980000000000002e-06,-2.2,0.12
-7.97e-06,-2.4000000000000004,0.1
-7.960000000000002e-06,-2.4000000000000004,0.1
-7.95e-06,-2.2,0.08
-7.94e-06,-2.6,0.12
-7.93e-06,-2.2,0.08
-7.92e-06,-2.2,0.06
-7.91e-06,-2.2,0.08
-7.9e-06,-2.4000000000000004,0.04
-7.89e-06,-2.0,0.08
-7.88e-06,-2.2,0.06
-7.870000000000001e-06,-2.2,0.08
-7.86e-06,-2.0,0.06
-7.850000000000001e-06,-2.0,0.06
-7.84e-06,-2.0,0.02
-7.830000000000001e-06,-2.0,0.04
-7.82e-06,-1.8,0.02
-7.810000000000001e-06,-1.8,0.02
-7.8e-06,-2.0,0.04
-7.790000000000002e-06,-2.0,0.02
-7.78e-06,-1.8,0.02
-7.77e-06,-1.8,0.02
-7.76e-06,-2.0,0.02
-7.75e-06,-1.8,0.0
-7.74e-06,-1.6,0.02
-7.73e-06,-1.6,0.02
-7.72e-06,-1.4000000000000001,-0.02
-7.71e-06,-1.4000000000000001,0.0
-7.7e-06,-1.4000000000000001,-0.02
-7.690000000000001e-06,-1.4000000000000001,-0.02
-7.680000000000001e-06,-1.4000000000000001,-0.02
-7.67e-06,-1.4000000000000001,-0.02
-7.660000000000001e-06,-1.4000000000000001,-0.02
-7.65e-06,-1.4000000000000001,-0.04
-7.640000000000001e-06,-1.6,-0.04
-7.63e-06,-1.2000000000000002,-0.04
-7.620000000000001e-06,-1.0,-0.06
-7.610000000000001e-06,-1.2000000000000002,-0.06
-7.6e-06,-1.0,-0.06
-7.59e-06,-1.2000000000000002,-0.08
-7.58e-06,-1.0,-0.06
-7.57e-06,-1.0,-0.08
-7.5600000000000005e-06,-1.2000000000000002,-0.06
-7.5500000000000006e-06,-1.0,-0.1
-7.540000000000001e-06,-0.8,-0.08
-7.530000000000001e-06,-1.0,-0.1
-7.520000000000001e-06,-0.6000000000000001,-0.1
-7.51e-06,-0.6000000000000001,-0.1
-7.5e-06,-0.8,-0.1
-7.49e-06,-0.8,-0.12
-7.48e-06,-0.6000000000000001,-0.12
-7.4700000000000005e-06,-0.8,-0.12
-7.4600000000000006e-06,-0.6000000000000001,-0.12
-7.450000000000001e-06,-0.4,-0.16
-7.440000000000001e-06,-0.6000000000000001,-0.14
-7.430000000000001e-06,-0.6000000000000001,-0.14
-7.42e-06,-0.6000000000000001,-0.16
-7.41e-06,-0.2,-0.12
-7.4e-06,-0.6000000000000001,-0.16
-7.39e-06,-0.4,-0.14
-7.3800000000000005e-06,-0.6000000000000001,-0.18
-7.370000000000001e-06,-0.4,-0.16
-7.360000000000001e-06,-0.2,-0.14
-7.350000000000001e-06,-0.2,-0.14
-7.340000000000001e-06,0.0,-0.16
-7.33e-06,0.0,-0.18
-7.32e-06,-0.2,-0.2
-7.31e-06,0.2,-0.18
-7.3e-06,0.0,-0.22
-7.2900000000000005e-06,0.0,-0.18
-7.280000000000001e-06,0.2,-0.2
-7.270000000000001e-06,0.4,-0.2
-7.260000000000001e-06,0.2,-0.2
-7.250000000000001e-06,0.4,-0.2
-7.24e-06,0.4,-0.22
-7.23e-06,0.2,-0.22
-7.22e-06,0.4,-0.22
-7.2100000000000004e-06,0.6000000000000001,-0.24
-7.2000000000000005e-06,0.4,-0.22
-7.190000000000001e-06,0.4,-0.24
-7.180000000000001e-06,0.6000000000000001,-0.26
-7.170000000000001e-06,0.6000000000000001,-0.24
-7.160000000000001e-06,0.6000000000000001,-0.26
-7.15e-06,1.0,-0.24
-7.14e-06,0.6000000000000001,-0.24
-7.13e-06,0.6000000000000001,-0.26
-7.1200000000000004e-06,0.8,-0.24
-7.1100000000000005e-06,0.8,-0.26
-7.100000000000001e-06,0.8,-0.28
-7.090000000000001e-06,1.0,-0.3
-7.080000000000001e-06,1.0,-0.28
-7.07e-06,1.2000000000000002,-0.28
-7.06e-06,1.0,-0.3
-7.05e-06,1.0,-0.28
-7.04e-06,1.0,-0.28
-7.0300000000000005e-06,1.0,-0.28
-7.0200000000000006e-06,1.2000000000000002,-0.26
-7.010000000000001e-06,1.2000000000000002,-0.3
-7.000000000000001e-06,1.0,-0.3
-6.990000000000001e-06,1.2000000000000002,-0.3
-6.98e-06,1.6,-0.32
-6.97e-06,1.6,-0.32
-6.96e-06,1.4000000000000001,-0.32
-6.95e-06,1.4000000000000001,-0.32
-6.9400000000000005e-06,1.6,-0.32
-6.9300000000000006e-06,1.6,-0.34
-6.920000000000001e-06,1.8,-0.32
-6.910000000000001e-06,1.6,-0.32
-6.900000000000001e-06,1.4000000000000001,-0.34
-6.89e-06,1.8,-0.32
-6.88e-06,1.8,-0.36
-6.87e-06,2.0,-0.34
-6.86e-06,1.8,-0.34
-6.8500000000000005e-06,2.0,-0.36
-6.840000000000001e-06,2.0,-0.36
-6.830000000000001e-06,2.0,-0.36
-6.820000000000001e-06,2.0,-0.38
-6.810000000000001e-06,1.8,-0.38
-6.8e-06,2.0,-0.36
-6.79e-06,2.2,-0.4
-6.78e-06,2.2,-0.4
-6.77e-06,2.2,-0.38
-6.7600000000000005e-06,2.4000000000000004,-0.38
-6.750000000000001e-06,2.2,-0.38
-6.740000000000001e-06,2.4000000000000004,-0.38
-6.730000000000001e-06,2.2,-0.38
-6.720000000000001e-06,2.2,-0.38
-6.71e-06,2.6,-0.4
-6.7e-06,2.6,-0.38
-6.69e-06,2.4000000000000004,-0.42
-6.68e-06,2.4000000000000004,-0.42
-6.6700000000000005e-06,2.6,-0.42
-6.660000000000001e-06,2.6,-0.42
-6.650000000000001e-06,2.8000000000000003,-0.4
-6.640000000000001e-06,2.4000000000000004,-0.42
-6.630000000000001e-06,2.6,-0.42
-6.62e-06,2.6,-0.42
-6.61e-06,2.4000000000000004,-0.4
-6.6e-06,2.8000000000000003,-0.42
-6.5900000000000004e-06,3.0,-0.42
-6.5800000000000005e-06,2.8000000000000003,-0.44
-6.570000000000001e-06,2.8000000000000003,-0.42
-6.560000000000001e-06,3.0,-0.44
-6.550000000000001e-06,2.8000000000000003,-0.46
-6.54e-06,3.2,-0.46
-6.53e-06,2.8000000000000003,-0.44
-6.52e-06,3.2,-0.44
-6.51e-06,3.0,-0.44
-6.5000000000000004e-06,3.2,-0.44
-6.4900000000000005e-06,3.2,-0.42
-6.480000000000001e-06,3.4000000000000004,-0.46
-6.470000000000001e-06,3.2,-0.46
-6.460000000000001e-06,3.4000000000000004,-0.44
-6.45e-06,3.2,-0.44
-6.44e-06,3.2,-0.46
-6.43e-06,3.4000000000000004,-0.44
-6.42e-06,3.6,-0.44
-6.4100000000000005e-06,3.4000000000000004,-0.48
-6.4000000000000006e-06,3.2,-0.44
-6.390000000000001e-06,3.4000000000000004,-0.46
-6.380000000000001e-06,3.4000000000000004,-0.44
-6.370000000000001e-06,3.4000000000000004,-0.46
-6.36e-06,3.4000000000000004,-0.46
-6.35e-06,3.4000000000000004,-0.5
-6.34e-06,3.6,-0.48
-6.33e-06,3.6,-0.48
-6.3200000000000005e-06,3.8000000000000003,-0.46
-6.3100000000000006e-06,4.0,-0.46
-6.300000000000001e-06,3.8000000000000003,-0.48
-6.290000000000001e-06,3.8000000000000003,-0.46
-6.280000000000001e-06,4.0,-0.48
-6.27e-06,3.8000000000000003,-0.48
-6.26e-06,4.0,-0.5
-6.25e-06,4.0,-0.48
-6.24e-06,4.0,-0.5
-6.2300000000000005e-06,4.0,-0.48
-6.220000000000001e-06,4.0,-0.5
-6.210000000000001e-06,4.0,-0.48
-6.200000000000001e-06,4.2,-0.5
-6.190000000000001e-06,4.0,-0.48
-6.18e-06,4.2,-0.5
-6.17e-06,4.0,-0.48
-6.16e-06,4.0,-0.48
-6.15e-06,4.0,-0.46
-6.1400000000000005e-06,4.2,-0.48
-6.130000000000001e-06,4.0,-0.5
-6.120000000000001e-06,4.4,-0.5
-6.110000000000001e-06,4.2,-0.52
-6.100000000000001e-06,4.4,-0.48
-6.09e-06,4.2,-0.5
-6.08e-06,4.4,-0.48
-6.07e-06,4.4,-0.5
-6.0600000000000004e-06,4.2,-0.5
-6.0500000000000005e-06,4.6000000000000005,-0.5
-6.040000000000001e-06,4.4,-0.5
-6.030000000000001e-06,4.6000000000000005,-0.5
-6.020000000000001e-06,4.6000000000000005,-0.48
-6.01e-06,4.6000000000000005,-0.5
-6e-06,4.4,-0.48
-5.99e-06,4.4,-0.52
-5.98e-06,4.6000000000000005,-0.5
-5.9700000000000004e-06,4.4,-0.5
-5.9600000000000005e-06,4.6000000000000005,-0.5
-5.950000000000001e-06,4.6000000000000005,-0.5
-5.940000000000001e-06,4.800000000000001,-0.48
-5.930000000000001e-06,4.800000000000001,-0.48
-5.92e-06,4.4,-0.46
-5.91e-06,5.0,-0.5
-5.9e-06,4.800000000000001,-0.52
-5.89e-06,4.800000000000001,-0.46
-5.8800000000000005e-06,4.6000000000000005,-0.48
-5.8700000000000005e-06,4.800000000000001,-0.5
-5.860000000000001e-06,4.6000000000000005,-0.48
-5.850000000000001e-06,4.800000000000001,-0.5
-5.840000000000001e-06,4.6000000000000005,-0.48
-5.83e-06,4.6000000000000005,-0.5
-5.82e-06,4.800000000000001,-0.5
-5.81e-06,5.0,-0.46
-5.8e-06,4.800000000000001,-0.5
-5.7900000000000005e-06,5.0,-0.52
-5.7800000000000006e-06,4.800000000000001,-0.46
-5.770000000000001e-06,4.800000000000001,-0.48
-5.760000000000001e-06,5.0,-0.46
-5.750000000000001e-06,4.800000000000001,-0.46
-5.74e-06,5.0,-0.46
-5.73e-06,5.0,-0.46
-5.72e-06,4.6000000000000005,-0.46
-5.71e-06,5.0,-0.46
-5.7000000000000005e-06,5.0,-0.44
-5.690000000000001e-06,5.0,-0.48
-5.680000000000001e-06,5.0,-0.46
-5.670000000000001e-06,5.0,-0.46
-5.660000000000001e-06,5.2,-0.46
-5.65e-06,5.2,-0.48
-5.64e-06,5.2,-0.46
-5.63e-06,5.0,-0.46
-5.62e-06,5.0,-0.46
-5.6100000000000005e-06,5.0,-0.46
-5.600000000000001e-06,5.0,-0.46
-5.590000000000001e-06,5.0,-0.46
-5.580000000000001e-06,5.0,-0.44
-5.57e-06,5.2,-0.46
-5.56e-06,5.0,-0.46
-5.55e-06,5.0,-0.44
-5.54e-06,5.2,-0.44
-5.53e-06,5.0,-0.44
-5.5200000000000005e-06,5.0,-0.46
-5.510000000000001e-06,5.0,-0.44
-5.500000000000001e-06,5.2,-0.44
-5.490000000000001e-06,4.800000000000001,-0.46
-5.48e-06,5.0,-0.42
-5.47e-06,5.2,-0.42
-5.46e-06,5.2,-0.42
-5.45e-06,4.800000000000001,-0.42
-5.4400000000000004e-06,5.0,-0.42
-5.4300000000000005e-06,4.800000000000001,-0.4
-5.420000000000001e-06,5.0,-0.42
-5.410000000000001e-06,5.0,-0.42
-5.400000000000001e-06,5.0,-0.4
-5.39e-06,5.0,-0.42
-5.38e-06,5.0,-0.4
-5.37e-06,5.2,-0.4
-5.36e-06,5.0,-0.42
-5.3500000000000004e-06,4.6000000000000005,-0.42
-5.3400000000000005e-06,5.0,-0.4
-5.330000000000001e-06,5.0,-0.38
-5.320000000000001e-06,5.0,-0.38
-5.310000000000001e-06,4.800000000000001,-0.4
-5.3e-06,4.800000000000001,-0.4
-5.29e-06,4.800000000000001,-0.4
-5.28e-06,4.800000000000001,-0.38
-5.27e-06,4.800000000000001,-0.38
-5.2600000000000005e-06,4.800000000000001,-0.36
-5.2500000000000006e-06,4.800000000000001,-0.38
-5.240000000000001e-06,4.800000000000001,-0.38
-5.230000000000001e-06,4.800000000000001,-0.36
-5.220000000000001e-06,5.0,-0.36
-5.21e-06,4.800000000000001,-0.36
-5.2e-06,4.800000000000001,-0.36
-5.19e-06,4.800000000000001,-0.36
-5.18e-06,5.0,-0.34
-5.1700000000000005e-06,4.6000000000000005,-0.34
-5.1600000000000006e-06,4.800000000000001,-0.34
-5.150000000000001e-06,4.800000000000001,-0.34
-5.140000000000001e-06,5.0,-0.34
-5.130000000000001e-06,4.800000000000001,-0.34
-5.12e-06,5.0,-0.38
-5.11e-06,5.0,-0.36
-5.1e-06,5.0,-0.34
-5.09e-06,5.0,-0.32
-5.0800000000000005e-06,4.800000000000001,-0.34
-5.070000000000001e-06,4.6000000000000005,-0.32
-5.060000000000001e-06,4.6000000000000005,-0.32
-5.050000000000001e-06,4.6000000000000005,-0.32
-5.04e-06,4.800000000000001,-0.32
-5.03e-06,4.6000000000000005,-0.32
-5.02e-06,4.6000000000000005,-0.28
-5.01e-06,4.800000000000001,-0.3
-5e-06,4.6000000000000005,-0.28
-4.9900000000000005e-06,4.800000000000001,-0.28
-4.980000000000001e-06,4.6000000000000005,-0.28
-4.970000000000001e-06,4.4,-0.28
-4.960000000000001e-06,4.4,-0.28
-4.95e-06,4.4,-0.28
-4.94e-06,4.6000000000000005,-0.28
-4.93e-06,4.2,-0.28
-4.92e-06,4.4,-0.24
-4.9100000000000004e-06,4.6000000000000005,-0.26
-4.9000000000000005e-06,4.2,-0.24
-4.890000000000001e-06,4.4,-0.24
-4.880000000000001e-06,4.4,-0.26
-4.870000000000001e-06,4.2,-0.24
-4.860000000000001e-06,4.4,-0.26
-4.850000000000001e-06,4.4,-0.22
-4.840000000000001e-06,4.2,-0.24
-4.830000000000001e-06,4.4,-0.22
-4.82e-06,4.2,-0.24
-4.81e-06,4.2,-0.24
-4.8e-06,4.2,-0.22
-4.79e-06,4.2,-0.2
-4.78e-06,4.2,-0.2
-4.77e-06,4.0,-0.18
-4.76e-06,4.0,-0.2
-4.75e-06,4.2,-0.2
-4.74e-06,4.2,-0.2
-4.7300000000000005e-06,4.0,-0.18
-4.7200000000000005e-06,4.0,-0.18
-4.710000000000001e-06,4.0,-0.18
-4.700000000000001e-06,4.0,-0.16
-4.690000000000001e-06,3.8000000000000003,-0.18
-4.680000000000001e-06,4.0,-0.18
-4.670000000000001e-06,3.8000000000000003,-0.16
-4.660000000000001e-06,3.8000000000000003,-0.18
-4.650000000000001e-06,3.8000000000000003,-0.16
-4.64e-06,3.8000000000000003,-0.14
-4.63e-06,4.0,-0.16
-4.62e-06,3.4000000000000004,-0.14
-4.61e-06,3.8000000000000003,-0.14
-4.6e-06,3.4000000000000004,-0.14
-4.59e-06,3.8000000000000003,-0.14
-4.58e-06,3.6,-0.12
-4.57e-06,3.4000000000000004,-0.12
-4.56e-06,3.4000000000000004,-0.12
-4.5500000000000005e-06,3.4000000000000004,-0.12
-4.540000000000001e-06,3.4000000000000004,-0.1
-4.530000000000001e-06,3.4000000000000004,-0.1
-4.520000000000001e-06,3.6,-0.12
-4.510000000000001e-06,3.4000000000000004,-0.1
-4.500000000000001e-06,3.4000000000000004,-0.1
-4.490000000000001e-06,3.4000000000000004,-0.1
-4.480000000000001e-06,3.6,-0.1
-4.470000000000001e-06,3.2,-0.06
-4.46e-06,3.2,-0.08
-4.45e-06,3.2,-0.06
-4.44e-06,3.2,-0.06
-4.43e-06,3.2,-0.06
-4.42e-06,3.2,-0.04
-4.41e-06,3.0,-0.06
-4.4e-06,3.0,-0.04
-4.39e-06,3.2,-0.02
-4.38e-06,2.8000000000000003,-0.04
-4.3700000000000005e-06,2.8000000000000003,-0.02
-4.360000000000001e-06,2.6,-0.04
-4.350000000000001e-06,2.8000000000000003,-0.04
-4.340000000000001e-06,2.6,-0.02
-4.330000000000001e-06,2.8000000000000003,-0.04
-4.320000000000001e-06,2.8000000000000003,0.0
-4.310000000000001e-06,2.6,0.0
-4.300000000000001e-06,2.8000000000000003,0.0
-4.29e-06,2.8000000000000003,0.0
-4.28e-06,2.6,0.02
-4.27e-06,2.2,0.0
-4.26e-06,2.4000000000000004,0.0
-4.25e-06,2.6,0.02
-4.24e-06,2.2,0.06
-4.23e-06,2.4000000000000004,0.04
-4.22e-06,2.2,0.04
-4.21e-06,2.4000000000000004,0.04
-4.2000000000000004e-06,2.4000000000000004,0.06
-4.1900000000000005e-06,2.2,0.04
-4.180000000000001e-06,2.2,0.04
-4.170000000000001e-06,2.2,0.06
-4.160000000000001e-06,2.2,0.08
-4.150000000000001e-06,2.0,0.08
-4.140000000000001e-06,2.0,0.08
-4.130000000000001e-06,2.0,0.08
-4.120000000000001e-06,1.8,0.08
-4.11e-06,1.6,0.1
-4.1e-06,1.8,0.1
-4.09e-06,2.0,0.08
-4.08e-06,1.6,0.08
-4.07e-06,2.0,0.12
-4.06e-06,1.8,0.1
-4.05e-06,1.6,0.1
-4.04e-06,1.6,0.14
-4.03e-06,1.4000000000000001,0.12
-4.0200000000000005e-06,1.4000000000000001,0.14
-4.0100000000000006e-06,1.4000000000000001,0.14
-4.000000000000001e-06,1.4000000000000001,0.14
-3.990000000000001e-06,1.4000000000000001,0.12
-3.980000000000001e-06,1.4000000000000001,0.14
-3.970000000000001e-06,1.6,0.14
-3.960000000000001e-06,1.0,0.14
-3.950000000000001e-06,1.4000000000000001,0.16
-3.940000000000001e-06,1.2000000000000002,0.16
-3.93e-06,1.4000000000000001,0.16
-3.92e-06,1.2000000000000002,0.18
-3.91e-06,1.2000000000000002,0.18
-3.9e-06,1.4000000000000001,0.18
-3.89e-06,1.0,0.2
-3.88e-06,1.0,0.2
-3.87e-06,0.8,0.18
-3.86e-06,0.8,0.2
-3.85e-06,1.0,0.18
-3.8400000000000005e-06,0.8,0.2
-3.830000000000001e-06,0.8,0.2
-3.820000000000001e-06,0.6000000000000001,0.22
-3.810000000000001e-06,1.0,0.2
-3.800000000000001e-06,0.6000000000000001,0.2
-3.790000000000001e-06,0.6000000000000001,0.22
-3.780000000000001e-06,0.4,0.22
-3.770000000000001e-06,0.4,0.22
-3.7599999999999996e-06,0.4,0.22
-3.7499999999999997e-06,0.6000000000000001,0.24
-3.7399999999999998e-06,0.4,0.22
-3.73e-06,0.6000000000000001,0.26
-3.72e-06,0.4,0.24
-3.71e-06,0.4,0.26
-3.7e-06,0.4,0.26
-3.6900000000000002e-06,0.4,0.26
-3.6800000000000003e-06,0.4,0.28
-3.6700000000000004e-06,0.2,0.26
-3.6600000000000005e-06,0.0,0.26
-3.6500000000000006e-06,-0.2,0.28
-3.6400000000000007e-06,0.2,0.28
-3.630000000000001e-06,0.0,0.28
-3.620000000000001e-06,-0.2,0.28
-3.610000000000001e-06,-0.2,0.28
-3.600000000000001e-06,-0.2,0.3
-3.590000000000001e-06,-0.4,0.3
-3.5799999999999996e-06,-0.2,0.32
-3.5699999999999997e-06,-0.4,0.3
-3.56e-06,-0.4,0.32
-3.55e-06,-0.4,0.34
-3.54e-06,-0.6000000000000001,0.32
-3.53e-06,-0.6000000000000001,0.32
-3.52e-06,-0.6000000000000001,0.32
-3.5100000000000003e-06,-0.6000000000000001,0.34
-3.5000000000000004e-06,-0.6000000000000001,0.34
-3.4900000000000005e-06,-0.6000000000000001,0.32
-3.4800000000000006e-06,-0.8,0.34
-3.4700000000000007e-06,-0.6000000000000001,0.34
-3.4600000000000008e-06,-0.6000000000000001,0.36
-3.450000000000001e-06,-0.8,0.36
-3.440000000000001e-06,-0.8,0.34
-3.430000000000001e-06,-1.0,0.38
-3.420000000000001e-06,-0.8,0.36
-3.4100000000000012e-06,-1.0,0.38
-3.3999999999999996e-06,-1.0,0.38
-3.3899999999999997e-06,-1.0,0.34
-3.38e-06,-1.0,0.36
-3.37e-06,-1.0,0.36
-3.36e-06,-1.0,0.4
-3.35e-06,-1.4000000000000001,0.36
-3.34e-06,-1.2000000000000002,0.38
-3.3300000000000003e-06,-1.4000000000000001,0.38
-3.3200000000000004e-06,-1.6,0.38
-3.3100000000000005e-06,-1.2000000000000002,0.4
-3.3000000000000006e-06,-1.4000000000000001,0.38
-3.2900000000000007e-06,-1.4000000000000001,0.38
-3.2800000000000008e-06,-1.2000000000000002,0.4
-3.270000000000001e-06,-1.4000000000000001,0.4
-3.260000000000001e-06,-1.6,0.4
-3.250000000000001e-06,-1.6,0.4
-3.240000000000001e-06,-1.6,0.42
-3.2299999999999996e-06,-1.6,0.4
-3.2199999999999997e-06,-2.0,0.42
-3.2099999999999998e-06,-1.6,0.44
-3.2e-06,-1.6,0.42
-3.19e-06,-1.6,0.4
-3.18e-06,-1.8,0.42
-3.17e-06,-2.0,0.42
-3.1600000000000002e-06,-1.8,0.44
-3.1500000000000003e-06,-1.8,0.46
-3.1400000000000004e-06,-1.8,0.44
-3.1300000000000005e-06,-1.8,0.46
-3.1200000000000006e-06,-2.0,0.46
-3.1100000000000007e-06,-2.0,0.42
-3.100000000000001e-06,-2.2,0.44
-3.090000000000001e-06,-2.2,0.44
-3.080000000000001e-06,-2.2,0.46
-3.070000000000001e-06,-2.2,0.46
-3.060000000000001e-06,-2.2,0.44
-3.0499999999999996e-06,-2.2,0.46
-3.0399999999999997e-06,-2.2,0.48
-3.03e-06,-2.2,0.46
-3.02e-06,-2.2,0.48
-3.01e-06,-2.4000000000000004,0.48
-3e-06,-2.4000000000000004,0.46
-2.99e-06,-2.6,0.46
-2.9800000000000003e-06,-2.6,0.46
-2.9700000000000004e-06,-2.6,0.46
-2.9600000000000005e-06,-2.2,0.48
-2.9500000000000006e-06,-2.6,0.48
-2.9400000000000007e-06,-2.6,0.48
-2.9300000000000007e-06,-2.4000000000000004,0.5
-2.920000000000001e-06,-2.6,0.48
-2.910000000000001e-06,-2.6,0.48
-2.900000000000001e-06,-2.6,0.48
-2.890000000000001e-06,-2.8000000000000003,0.48
-2.8800000000000012e-06,-2.8000000000000003,0.48
-2.8699999999999996e-06,-2.6,0.46
-2.8599999999999997e-06,-2.8000000000000003,0.48
-2.85e-06,-3.0,0.48
-2.84e-06,-3.0,0.5
-2.83e-06,-3.0,0.48
-2.82e-06,-3.0,0.5
-2.81e-06,-3.0,0.5
-2.8000000000000003e-06,-3.0,0.5
-2.7900000000000004e-06,-3.0,0.5
-2.7800000000000005e-06,-3.2,0.54
-2.7700000000000006e-06,-3.0,0.48
-2.7600000000000007e-06,-3.2,0.5
-2.7500000000000008e-06,-3.0,0.52
-2.740000000000001e-06,-3.2,0.48
-2.730000000000001e-06,-3.2,0.52
-2.720000000000001e-06,-3.2,0.54
-2.710000000000001e-06,-3.2,0.52
-2.6999999999999996e-06,-3.2,0.5
-2.6899999999999997e-06,-3.2,0.5
-2.6799999999999998e-06,-3.4000000000000004,0.5
-2.67e-06,-3.4000000000000004,0.52
-2.66e-06,-3.4000000000000004,0.5
-2.65e-06,-3.4000000000000004,0.5
-2.64e-06,-3.4000000000000004,0.52
-2.6300000000000002e-06,-3.4000000000000004,0.5
-2.6200000000000003e-06,-3.4000000000000004,0.52
-2.6100000000000004e-06,-3.4000000000000004,0.52
-2.6000000000000005e-06,-3.4000000000000004,0.5
-2.5900000000000006e-06,-3.4000000000000004,0.52
-2.5800000000000007e-06,-3.4000000000000004,0.5
-2.570000000000001e-06,-3.6,0.52
-2.560000000000001e-06,-3.6,0.5
-2.550000000000001e-06,-3.6,0.5
-2.540000000000001e-06,-3.6,0.52
-2.530000000000001e-06,-3.8000000000000003,0.5
-2.5199999999999996e-06,-3.6,0.5
-2.5099999999999997e-06,-3.6,0.48
-2.4999999999999998e-06,-3.8000000000000003,0.52
-2.49e-06,-3.6,0.52
-2.48e-06,-3.8000000000000003,0.52
-2.47e-06,-3.8000000000000003,0.52
-2.46e-06,-3.8000000000000003,0.54
-2.4500000000000003e-06,-4.0,0.52
-2.4400000000000004e-06,-3.8000000000000003,0.52
-2.4300000000000005e-06,-3.8000000000000003,0.52
-2.4200000000000005e-06,-3.8000000000000003,0.5
-2.4100000000000006e-06,-3.8000000000000003,0.5
-2.4000000000000007e-06,-4.0,0.5
-2.390000000000001e-06,-3.8000000000000003,0.5
-2.380000000000001e-06,-3.8000000000000003,0.48
-2.370000000000001e-06,-3.8000000000000003,0.52
-2.360000000000001e-06,-3.8000000000000003,0.52
-2.3500000000000012e-06,-4.0,0.5
-2.3399999999999996e-06,-4.0,0.48
-2.3299999999999997e-06,-4.0,0.48
-2.32e-06,-4.0,0.5
-2.31e-06,-4.0,0.5
-2.3e-06,-3.8000000000000003,0.5
-2.29e-06,-3.8000000000000003,0.5
-2.28e-06,-4.0,0.48
-2.2700000000000003e-06,-4.0,0.48
-2.2600000000000004e-06,-4.2,0.5
-2.2500000000000005e-06,-3.8000000000000003,0.5
-2.2400000000000006e-06,-4.0,0.5
-2.2300000000000007e-06,-4.2,0.5
-2.2200000000000008e-06,-4.0,0.48
-2.210000000000001e-06,-4.0,0.48
-2.200000000000001e-06,-3.8000000000000003,0.48
-2.190000000000001e-06,-4.0,0.48
-2.180000000000001e-06,-4.2,0.48
-2.1699999999999996e-06,-4.2,0.5
-2.1599999999999996e-06,-4.0,0.5
-2.1499999999999997e-06,-4.0,0.48
-2.14e-06,-4.0,0.48
-2.13e-06,-4.2,0.5
-2.12e-06,-4.0,0.48
-2.11e-06,-4.2,0.46
-2.1000000000000002e-06,-4.2,0.48
-2.0900000000000003e-06,-4.0,0.48
-2.0800000000000004e-06,-4.4,0.48
-2.0700000000000005e-06,-4.2,0.46
-2.0600000000000006e-06,-4.2,0.46
-2.0500000000000007e-06,-4.2,0.48
-2.040000000000001e-06,-4.2,0.46
-2.030000000000001e-06,-4.2,0.44
-2.020000000000001e-06,-4.0,0.46
-2.010000000000001e-06,-4.4,0.46
-2.000000000000001e-06,-4.2,0.46
-1.9899999999999996e-06,-4.0,0.46
-1.9799999999999997e-06,-4.0,0.42
-1.9699999999999998e-06,-4.0,0.46
-1.96e-06,-4.0,0.44
-1.95e-06,-4.4,0.46
-1.94e-06,-3.8000000000000003,0.46
-1.93e-06,-4.0,0.44
-1.9200000000000003e-06,-4.0,0.46
-1.9100000000000003e-06,-4.2,0.4
-1.9000000000000004e-06,-4.2,0.44
-1.8900000000000005e-06,-4.0,0.42
-1.8800000000000006e-06,-3.8000000000000003,0.44
-1.8700000000000007e-06,-4.0,0.44
-1.8600000000000008e-06,-4.0,0.44
-1.850000000000001e-06,-4.2,0.42
-1.840000000000001e-06,-4.0,0.42
-1.8300000000000011e-06,-4.0,0.42
-1.8200000000000012e-06,-4.2,0.4
-1.8099999999999996e-06,-4.0,0.4
-1.7999999999999997e-06,-4.2,0.42
-1.7899999999999998e-06,-4.2,0.4
-1.78e-06,-3.8000000000000003,0.42
-1.77e-06,-4.2,0.4
-1.76e-06,-4.0,0.4
-1.7500000000000002e-06,-4.0,0.4
-1.7400000000000003e-06,-3.8000000000000003,0.38
-1.7300000000000004e-06,-4.0,0.38
-1.7200000000000005e-06,-4.0,0.4
-1.7100000000000006e-06,-4.0,0.36
-1.7000000000000007e-06,-4.2,0.38
-1.6900000000000008e-06,-3.8000000000000003,0.36
-1.6800000000000009e-06,-4.0,0.36
-1.670000000000001e-06,-4.2,0.38
-1.660000000000001e-06,-4.2,0.36
-1.6500000000000011e-06,-4.0,0.34
-1.6399999999999995e-06,-4.0,0.34
-1.6299999999999996e-06,-3.8000000000000003,0.34
-1.6199999999999997e-06,-3.6,0.38
-1.6099999999999998e-06,-3.8000000000000003,0.34
-1.6e-06,-3.8000000000000003,0.36
-1.59e-06,-3.6,0.34
-1.5800000000000001e-06,-3.8000000000000003,0.36
-1.5700000000000002e-06,-3.6,0.32
-1.5600000000000003e-06,-3.8000000000000003,0.32
-1.5500000000000004e-06,-3.6,0.32
-1.5400000000000005e-06,-3.4000000000000004,0.34
-1.5300000000000006e-06,-3.8000000000000003,0.32
-1.5200000000000007e-06,-3.6,0.32
-1.5100000000000008e-06,-3.6,0.32
-1.5000000000000009e-06,-3.8000000000000003,0.32
-1.490000000000001e-06,-3.8000000000000003,0.3
-1.480000000000001e-06,-3.8000000000000003,0.3
-1.4700000000000012e-06,-3.6,0.3
-1.4599999999999996e-06,-3.4000000000000004,0.28
-1.4499999999999997e-06,-3.6,0.3
-1.4399999999999998e-06,-3.6,0.28
-1.4299999999999999e-06,-3.6,0.28
-1.42e-06,-3.6,0.28
-1.41e-06,-3.6,0.26
-1.4000000000000001e-06,-3.6,0.28
-1.3900000000000002e-06,-3.4000000000000004,0.28
-1.3800000000000003e-06,-3.4000000000000004,0.28
-1.3700000000000004e-06,-3.6,0.28
-1.3600000000000005e-06,-3.2,0.24
-1.3500000000000006e-06,-3.6,0.26
-1.3400000000000007e-06,-3.4000000000000004,0.26
-1.3300000000000008e-06,-3.2,0.24
-1.320000000000001e-06,-3.2,0.22
-1.310000000000001e-06,-3.2,0.2
-1.300000000000001e-06,-3.2,0.22
-1.2900000000000012e-06,-3.2,0.22
-1.2799999999999996e-06,-3.2,0.22
-1.2699999999999997e-06,-3.2,0.22
-1.2599999999999998e-06,-3.0,0.22
-1.2499999999999999e-06,-3.2,0.22
-1.24e-06,-3.2,0.2
-1.23e-06,-3.0,0.18
-1.2200000000000002e-06,-2.8000000000000003,0.2
-1.2100000000000003e-06,-3.2,0.22
-1.2000000000000004e-06,-3.0,0.18
-1.1900000000000005e-06,-3.0,0.2
-1.1800000000000006e-06,-2.8000000000000003,0.16
-1.1700000000000007e-06,-3.0,0.18
-1.1600000000000008e-06,-3.0,0.16
-1.1500000000000008e-06,-2.6,0.2
-1.140000000000001e-06,-3.0,0.14
-1.130000000000001e-06,-2.8000000000000003,0.18
-1.1200000000000011e-06,-2.8000000000000003,0.14
-1.1099999999999995e-06,-3.0,0.16
-1.0999999999999996e-06,-2.6,0.14
-1.0899999999999997e-06,-2.6,0.12
-1.0799999999999998e-06,-2.6,0.12
-1.07e-06,-2.8000000000000003,0.16
-1.06e-06,-2.8000000000000003,0.12
-1.0500000000000001e-06,-2.4000000000000004,0.12
-1.0400000000000002e-06,-2.6,0.12
-1.0300000000000003e-06,-2.4000000000000004,0.14
-1.0200000000000004e-06,-2.4000000000000004,0.1
-1.0100000000000005e-06,-2.6,0.12
-1.0000000000000006e-06,-2.4000000000000004,0.08
-9.900000000000007e-07,-2.6,0.1
-9.800000000000008e-07,-2.4000000000000004,0.1
-9.700000000000009e-07,-2.4000000000000004,0.1
-9.60000000000001e-07,-2.2,0.1
-9.500000000000011e-07,-2.2,0.08
-9.400000000000012e-07,-1.8,0.06
-9.299999999999996e-07,-2.0,0.08
-9.199999999999997e-07,-2.2,0.08
-9.099999999999998e-07,-2.2,0.06
-8.999999999999999e-07,-2.0,0.04
-8.9e-07,-2.0,0.06
-8.8e-07,-2.0,0.04
-8.700000000000001e-07,-1.8,0.04
-8.600000000000002e-07,-1.6,0.04
-8.500000000000003e-07,-1.8,0.04
-8.400000000000004e-07,-1.6,0.02
-8.300000000000005e-07,-1.8,0.04
-8.200000000000006e-07,-1.8,0.04
-8.100000000000007e-07,-1.8,0.0
-8.000000000000008e-07,-1.6,0.02
-7.900000000000009e-07,-1.8,0.02
-7.80000000000001e-07,-1.8,0.02
-7.700000000000011e-07,-1.6,-0.02
-7.600000000000012e-07,-1.6,-0.02
-7.499999999999996e-07,-1.6,0.02
-7.399999999999997e-07,-1.6,0.0
-7.299999999999998e-07,-1.4000000000000001,-0.02
-7.199999999999999e-07,-1.4000000000000001,-0.02
-7.1e-07,-1.4000000000000001,-0.02
-7.000000000000001e-07,-1.4000000000000001,-0.04
-6.900000000000002e-07,-1.4000000000000001,-0.04
-6.800000000000003e-07,-1.4000000000000001,-0.04
-6.700000000000004e-07,-1.2000000000000002,-0.04
-6.600000000000005e-07,-1.6,-0.04
-6.500000000000006e-07,-1.2000000000000002,-0.06
-6.400000000000006e-07,-1.2000000000000002,-0.08
-6.300000000000007e-07,-1.2000000000000002,-0.04
-6.200000000000008e-07,-1.0,-0.1
-6.100000000000009e-07,-0.6000000000000001,-0.08
-6.00000000000001e-07,-1.0,-0.06
-5.900000000000011e-07,-0.8,-0.08
-5.799999999999995e-07,-0.6000000000000001,-0.1
-5.699999999999996e-07,-0.8,-0.08
-5.599999999999997e-07,-0.6000000000000001,-0.08
-5.499999999999998e-07,-1.0,-0.1
-5.399999999999999e-07,-0.8,-0.1
-5.3e-07,-0.6000000000000001,-0.12
-5.200000000000001e-07,-0.6000000000000001,-0.1
-5.100000000000002e-07,-0.8,-0.12
-5.000000000000003e-07,-0.6000000000000001,-0.1
-4.900000000000004e-07,-0.4,-0.12
-4.800000000000005e-07,-0.6000000000000001,-0.12
-4.700000000000006e-07,-0.2,-0.14
-4.600000000000007e-07,-0.4,-0.14
-4.500000000000008e-07,-0.6000000000000001,-0.16
-4.4000000000000087e-07,-0.2,-0.16
-4.3000000000000097e-07,-0.4,-0.12
-4.2000000000000106e-07,-0.2,-0.16
-4.1000000000000116e-07,-0.4,-0.16
-3.9999999999999956e-07,-0.4,-0.16
-3.8999999999999965e-07,0.0,-0.18
-3.7999999999999975e-07,0.0,-0.18
-3.6999999999999985e-07,0.0,-0.2
-3.5999999999999994e-07,-0.2,-0.2
-3.5000000000000004e-07,0.2,-0.2
-3.4000000000000013e-07,0.2,-0.18
-3.3000000000000023e-07,0.2,-0.18
-3.200000000000003e-07,0.4,-0.2
-3.100000000000004e-07,0.6000000000000001,-0.22
-3.000000000000005e-07,0.2,-0.2
-2.900000000000006e-07,0.4,-0.22
-2.800000000000007e-07,0.4,-0.24
-2.700000000000008e-07,0.4,-0.2
-2.600000000000009e-07,0.4,-0.22
-2.50000000000001e-07,0.4,-0.22
-2.400000000000011e-07,0.8,-0.22
-2.3000000000000119e-07,0.6000000000000001,-0.22
-2.199999999999996e-07,0.4,-0.24
-2.0999999999999968e-07,0.4,-0.26
-1.9999999999999978e-07,0.6000000000000001,-0.26
-1.8999999999999987e-07,1.0,-0.26
-1.7999999999999997e-07,1.0,-0.26
-1.7000000000000007e-07,0.6000000000000001,-0.28
-1.6000000000000016e-07,1.2000000000000002,-0.24
-1.5000000000000026e-07,0.8,-0.28
-1.4000000000000035e-07,0.8,-0.28
-1.3000000000000045e-07,0.8,-0.26
-1.2000000000000055e-07,1.0,-0.28
-1.1000000000000064e-07,0.8,-0.3
-1.0000000000000074e-07,1.2000000000000002,-0.28
-9.000000000000083e-08,1.2000000000000002,-0.28
-8.000000000000093e-08,1.2000000000000002,-0.28
-7.000000000000102e-08,1.0,-0.3
-6.000000000000112e-08,1.2000000000000002,-0.32
-4.999999999999952e-08,1.4000000000000001,-0.3
-3.999999999999962e-08,1.4000000000000001,-0.32
-2.999999999999971e-08,1.4000000000000001,-0.34
-1.999999999999981e-08,1.2000000000000002,-0.32
-9.999999999999904e-09,1.4000000000000001,-0.3
0.0,1.6,-0.34
9.999999999999904e-09,1.4000000000000001,-0.32
1.999999999999981e-08,1.4000000000000001,-0.32
2.999999999999971e-08,1.6,-0.34
3.999999999999962e-08,1.8,-0.34
4.999999999999952e-08,1.8,-0.34
5.999999999999943e-08,2.0,-0.34
6.999999999999933e-08,1.8,-0.34
7.999999999999923e-08,2.0,-0.34
8.999999999999914e-08,1.8,-0.36
9.999999999999904e-08,1.8,-0.34
1.0999999999999895e-07,2.0,-0.36
1.1999999999999885e-07,1.8,-0.36
1.3000000000000045e-07,1.8,-0.36
1.4000000000000035e-07,1.8,-0.36
1.5000000000000026e-07,2.0,-0.36
1.6000000000000016e-07,2.0,-0.4
1.7000000000000007e-07,2.2,-0.36
1.7999999999999997e-07,2.4000000000000004,-0.38
1.8999999999999987e-07,2.2,-0.36
1.9999999999999978e-07,2.2,-0.38
2.0999999999999968e-07,2.2,-0.38
2.199999999999996e-07,2.4000000000000004,-0.4
2.299999999999995e-07,2.2,-0.4
2.399999999999994e-07,2.6,-0.42
2.499999999999993e-07,2.4000000000000004,-0.38
2.599999999999992e-07,2.4000000000000004,-0.44
2.699999999999991e-07,2.6,-0.42
2.79999999999999e-07,2.6,-0.42
2.899999999999989e-07,2.4000000000000004,-0.4
2.999999999999988e-07,2.4000000000000004,-0.4
3.100000000000004e-07,2.6,-0.42
3.200000000000003e-07,2.8000000000000003,-0.42
3.3000000000000023e-07,2.6,-0.42
3.4000000000000013e-07,2.8000000000000003,-0.42
3.5000000000000004e-07,3.0,-0.44
3.5999999999999994e-07,3.0,-0.42
3.6999999999999985e-07,3.0,-0.44
3.7999999999999975e-07,3.0,-0.46
3.8999999999999965e-07,3.0,-0.44
3.9999999999999956e-07,2.8000000000000003,-0.44
4.0999999999999946e-07,3.0,-0.42
4.1999999999999937e-07,3.2,-0.44
4.2999999999999927e-07,3.2,-0.46
4.399999999999992e-07,3.0,-0.46
4.499999999999991e-07,3.2,-0.46
4.59999999999999e-07,3.4000000000000004,-0.44
4.699999999999989e-07,3.4000000000000004,-0.46
4.800000000000005e-07,3.4000000000000004,-0.44
4.900000000000004e-07,3.4000000000000004,-0.44
5.000000000000003e-07,3.4000000000000004,-0.44
5.100000000000002e-07,3.2,-0.44
5.200000000000001e-07,3.4000000000000004,-0.46
5.3e-07,3.4000000000000004,-0.46
5.399999999999999e-07,3.4000000000000004,-0.46
5.499999999999998e-07,3.6,-0.46
5.599999999999997e-07,3.6,-0.48
5.699999999999996e-07,3.4000000000000004,-0.46
5.799999999999995e-07,3.6,-0.46
5.899999999999994e-07,3.4000000000000004,-0.44
5.999999999999993e-07,3.6,-0.48
6.099999999999992e-07,3.8000000000000003,-0.46
6.199999999999991e-07,3.6,-0.46
6.29999999999999e-07,3.6,-0.48
6.39999999999999e-07,3.8000000000000003,-0.46
6.499999999999989e-07,3.8000000000000003,-0.48
6.600000000000005e-07,3.8000000000000003,-0.46
6.700000000000004e-07,3.8000000000000003,-0.48
6.800000000000003e-07,3.6,-0.46
6.900000000000002e-07,4.0,-0.48
7.000000000000001e-07,4.0,-0.48
7.1e-07,4.0,-0.5
7.199999999999999e-07,4.0,-0.46
7.299999999999998e-07,4.0,-0.48
7.399999999999997e-07,4.0,-0.5
7.499999999999996e-07,4.0,-0.48
7.599999999999995e-07,4.2,-0.48
7.699999999999994e-07,4.0,-0.48
7.799999999999993e-07,4.0,-0.48
7.899999999999992e-07,4.2,-0.5
7.999999999999991e-07,4.2,-0.5
8.09999999999999e-07,4.4,-0.48
8.199999999999989e-07,4.2,-0.52
8.300000000000005e-07,4.2,-0.48
8.400000000000004e-07,4.2,-0.48
8.500000000000003e-07,4.2,-0.5
8.600000000000002e-07,4.2,-0.5
8.700000000000001e-07,4.0,-0.5
8.8e-07,4.6000000000000005,-0.48
8.9e-07,4.6000000000000005,-0.5
8.999999999999999e-07,4.6000000000000005,-0.52
9.099999999999998e-07,4.2,-0.5
9.199999999999997e-07,4.4,-0.48
9.299999999999996e-07,4.6000000000000005,-0.52
9.399999999999995e-07,4.2,-0.5
9.499999999999994e-07,4.4,-0.5
9.599999999999993e-07,4.4,-0.5
9.699999999999992e-07,4.2,-0.5
9.79999999999999e-07,4.6000000000000005,-0.48
9.89999999999999e-07,4.6000000000000005,-0.52
9.99999999999999e-07,4.6000000000000005,-0.48
1.0100000000000005e-06,4.6000000000000005,-0.5
1.0200000000000004e-06,4.800000000000001,-0.5
1.0300000000000003e-06,4.6000000000000005,-0.48
1.0400000000000002e-06,4.800000000000001,-0.48
1.0500000000000001e-06,4.800000000000001,-0.5
1.06e-06,4.6000000000000005,-0.5
1.07e-06,4.800000000000001,-0.5
1.0799999999999998e-06,4.6000000000000005,-0.48
1.0899999999999997e-06,4.800000000000001,-0.5
1.0999999999999996e-06,4.800000000000001,-0.5
1.1099999999999995e-06,4.6000000000000005,-0.46
1.1199999999999994e-06,4.800000000000001,-0.48
1.1299999999999993e-06,5.0,-0.48
1.1399999999999992e-06,4.800000000000001,-0.48
1.1499999999999992e-06,4.800000000000001,-0.48
1.159999999999999e-06,4.800000000000001,-0.46
1.169999999999999e-06,4.6000000000000005,-0.5
1.1799999999999989e-06,5.0,-0.48
1.1900000000000005e-06,4.800000000000001,-0.48
1.2000000000000004e-06,5.0,-0.48
1.2100000000000003e-06,5.0,-0.5
1.2200000000000002e-06,4.800000000000001,-0.46
1.23e-06,5.0,-0.46
1.24e-06,4.800000000000001,-0.5
1.2499999999999999e-06,4.800000000000001,-0.48
1.2599999999999998e-06,4.800000000000001,-0.5
1.2699999999999997e-06,5.0,-0.48
1.2799999999999996e-06,5.2,-0.48
1.2899999999999995e-06,4.800000000000001,-0.46
1.2999999999999994e-06,4.800000000000001,-0.48
1.3099999999999993e-06,5.0,-0.5
1.3199999999999992e-06,4.800000000000001,-0.46
1.3299999999999991e-06,5.0,-0.46
1.339999999999999e-06,5.0,-0.48
1.349999999999999e-06,4.800000000000001,-0.46
1.3600000000000005e-06,5.0,-0.46
1.3700000000000004e-06,5.0,-0.46
1.3800000000000003e-06,5.0,-0.44
1.3900000000000002e-06,5.2,-0.44
1.4000000000000001e-06,5.0,-0.46
1.41e-06,5.0,-0.46
1.42e-06,5.0,-0.44
1.4299999999999999e-06,5.0,-0.42
1.4399999999999998e-06,5.0,-0.44
1.4499999999999997e-06,4.800000000000001,-0.42
1.4599999999999996e-06,4.800000000000001,-0.42
1.4699999999999995e-06,5.2,-0.42
1.4799999999999994e-06,5.0,-0.44
1.4899999999999993e-06,5.0,-0.44
1.4999999999999992e-06,5.0,-0.42
1.509999999999999e-06,4.800000000000001,-0.42
1.519999999999999e-06,5.0,-0.44
1.529999999999999e-06,4.800000000000001,-0.42
1.5400000000000005e-06,5.0,-0.42
1.5500000000000004e-06,5.0,-0.42
1.5600000000000003e-06,5.0,-0.44
1.5700000000000002e-06,5.0,-0.42
1.5800000000000001e-06,4.800000000000001,-0.42
1.59e-06,4.800000000000001,-0.4
1.6e-06,5.2,-0.4
1.6099999999999998e-06,5.2,-0.4
1.6199999999999997e-06,5.0,-0.4
1.6299999999999996e-06,4.800000000000001,-0.38
1.6399999999999995e-06,5.0,-0.4
1.6499999999999994e-06,5.0,-0.38
1.6599999999999994e-06,5.2,-0.4
1.6699999999999993e-06,5.0,-0.4
1.6799999999999992e-06,5.0,-0.4
1.689999999999999e-06,5.0,-0.38
1.699999999999999e-06,4.800000000000001,-0.38
1.7099999999999989e-06,4.800000000000001,-0.36
1.7200000000000005e-06,5.0,-0.38
1.7300000000000004e-06,4.6000000000000005,-0.38
1.7400000000000003e-06,4.800000000000001,-0.38
1.7500000000000002e-06,5.0,-0.36
1.76e-06,4.800000000000001,-0.36
1.77e-06,4.6000000000000005,-0.34
1.78e-06,4.800000000000001,-0.36
1.7899999999999998e-06,4.800000000000001,-0.34
1.7999999999999997e-06,5.0,-0.36
1.8099999999999996e-06,4.800000000000001,-0.38
1.8199999999999995e-06,5.0,-0.34
1.8299999999999994e-06,4.800000000000001,-0.36
1.8399999999999993e-06,4.800000000000001,-0.3
1.8499999999999992e-06,4.6000000000000005,-0.32
1.8599999999999991e-06,4.6000000000000005,-0.34
1.869999999999999e-06,5.0,-0.32
1.879999999999999e-06,4.800000000000001,-0.32
1.8900000000000005e-06,4.800000000000001,-0.3
1.9000000000000004e-06,4.800000000000001,-0.3
1.9100000000000003e-06,4.800000000000001,-0.3
1.9200000000000003e-06,4.800000000000001,-0.3
1.93e-06,4.800000000000001,-0.3
1.94e-06,4.6000000000000005,-0.32
1.95e-06,4.6000000000000005,-0.28
1.96e-06,4.6000000000000005,-0.28
1.9699999999999998e-06,4.4,-0.28
1.9799999999999997e-06,4.4,-0.26
1.9899999999999996e-06,4.6000000000000005,-0.28
1.9999999999999995e-06,4.2,-0.28
2.0099999999999994e-06,4.6000000000000005,-0.28
2.0199999999999993e-06,4.6000000000000005,-0.28
2.029999999999999e-06,4.4,-0.28
2.039999999999999e-06,4.6000000000000005,-0.26
2.049999999999999e-06,4.6000000000000005,-0.24
2.059999999999999e-06,4.2,-0.28
2.0700000000000005e-06,4.4,-0.24
2.0800000000000004e-06,4.4,-0.24
2.0900000000000003e-06,4.4,-0.24
2.1000000000000002e-06,4.4,-0.24
2.11e-06,4.4,-0.2
2.12e-06,4.6000000000000005,-0.24
2.13e-06,4.2,-0.2
2.14e-06,4.2,-0.22
2.1499999999999997e-06,4.2,-0.22
2.1599999999999996e-06,4.2,-0.2
2.1699999999999996e-06,4.2,-0.2
2.1799999999999995e-06,4.0,-0.2
2.1899999999999994e-06,4.2,-0.2
2.1999999999999993e-06,4.0,-0.2
2.209999999999999e-06,4.0,-0.18
2.219999999999999e-06,4.0,-0.18
2.229999999999999e-06,4.0,-0.18
2.239999999999999e-06,3.8000000000000003,-0.16
2.2500000000000005e-06,4.0,-0.2
2.2600000000000004e-06,3.8000000000000003,-0.16
2.2700000000000003e-06,4.2,-0.18
2.28e-06,3.8000000000000003,-0.18
2.29e-06,3.8000000000000003,-0.16
2.3e-06,4.0,-0.16
2.31e-06,3.8000000000000003,-0.16
2.32e-06,3.6,-0.16
2.3299999999999997e-06,3.8000000000000003,-0.14
2.3399999999999996e-06,3.8000000000000003,-0.12
2.3499999999999995e-06,3.8000000000000003,-0.14
2.3599999999999994e-06,3.4000000000000004,-0.12
2.3699999999999993e-06,3.4000000000000004,-0.14
2.3799999999999992e-06,3.6,-0.14
2.389999999999999e-06,3.4000000000000004,-0.1
2.399999999999999e-06,3.4000000000000004,-0.1
2.409999999999999e-06,3.4000000000000004,-0.12
2.4200000000000005e-06,3.4000000000000004,-0.1
2.4300000000000005e-06,3.4000000000000004,-0.1
2.4400000000000004e-06,3.4000000000000004,-0.1
2.4500000000000003e-06,3.4000000000000004,-0.1
2.46e-06,3.4000000000000004,-0.08
2.47e-06,3.2,-0.1
2.48e-06,3.2,-0.08
2.49e-06,3.4000000000000004,-0.08
2.4999999999999998e-06,3.2,-0.1
2.5099999999999997e-06,3.4000000000000004,-0.06
2.5199999999999996e-06,2.8000000000000003,-0.04
2.5299999999999995e-06,3.0,-0.06
2.5399999999999994e-06,3.2,-0.06
2.5499999999999993e-06,3.2,-0.04
2.559999999999999e-06,2.8000000000000003,-0.02
2.569999999999999e-06,2.8000000000000003,-0.04
2.579999999999999e-06,3.0,-0.02
2.589999999999999e-06,2.8000000000000003,-0.02
2.6000000000000005e-06,2.8000000000000003,-0.02
2.6100000000000004e-06,2.6,-0.04
2.6200000000000003e-06,2.6,-0.02
2.6300000000000002e-06,2.8000000000000003,-0.02
2.64e-06,2.8000000000000003,0.0
2.65e-06,2.8000000000000003,0.0
2.66e-06,2.8000000000000003,0.0
2.67e-06,2.4000000000000004,0.02
2.6799999999999998e-06,2.6,0.0
2.6899999999999997e-06,2.6,0.02
2.6999999999999996e-06,2.4000000000000004,0.02
2.7099999999999995e-06,2.6,0.04
2.7199999999999994e-06,2.4000000000000004,0.02
2.7299999999999993e-06,2.4000000000000004,0.06
2.739999999999999e-06,2.4000000000000004,0.06
2.749999999999999e-06,2.0,0.04
2.759999999999999e-06,2.2,0.04
2.7700000000000006e-06,2.0,0.06
2.779999999999999e-06,2.2,0.06
2.7900000000000004e-06,2.2,0.08
2.7999999999999986e-06,2.0,0.04
2.81e-06,2.0,0.04
2.8199999999999984e-06,1.8,0.08
2.83e-06,2.2,0.06
2.8399999999999982e-06,2.0,0.08
2.85e-06,2.0,0.1
2.8600000000000014e-06,2.0,0.1
2.8699999999999996e-06,1.8,0.08
2.8800000000000012e-06,1.8,0.1
2.8899999999999994e-06,1.8,0.1
2.900000000000001e-06,1.6,0.12
2.9099999999999992e-06,1.8,0.12
2.920000000000001e-06,1.4000000000000001,0.12
2.929999999999999e-06,1.6,0.14
2.9400000000000007e-06,1.8,0.12
2.949999999999999e-06,1.4000000000000001,0.14
2.9600000000000005e-06,1.4000000000000001,0.12
2.9699999999999987e-06,1.4000000000000001,0.14
2.9800000000000003e-06,1.4000000000000001,0.16
2.9899999999999985e-06,1.2000000000000002,0.14
3e-06,1.2000000000000002,0.16
3.0099999999999983e-06,1.2000000000000002,0.16
3.02e-06,1.4000000000000001,0.14
3.029999999999998e-06,1.2000000000000002,0.18
3.0399999999999997e-06,1.2000000000000002,0.18
3.0500000000000013e-06,1.2000000000000002,0.16
3.0599999999999995e-06,1.0,0.16
3.070000000000001e-06,1.0,0.2
3.0799999999999993e-06,0.8,0.18
3.090000000000001e-06,0.8,0.2
3.099999999999999e-06,0.8,0.2
3.1100000000000007e-06,0.8,0.22
3.119999999999999e-06,1.0,0.2
3.1300000000000005e-06,0.6000000000000001,0.24
3.1399999999999987e-06,0.6000000000000001,0.2
3.1500000000000003e-06,0.6000000000000001,0.22
3.1599999999999985e-06,0.6000000000000001,0.22
3.17e-06,0.6000000000000001,0.22
3.1799999999999984e-06,0.6000000000000001,0.22
3.19e-06,0.6000000000000001,0.24
3.199999999999998e-06,0.6000000000000001,0.26
3.2099999999999998e-06,0.4,0.24
3.2200000000000014e-06,0.4,0.24
3.2299999999999996e-06,0.4,0.24
3.240000000000001e-06,0.2,0.24
3.2499999999999994e-06,0.2,0.28
3.260000000000001e-06,0.2,0.26
3.269999999999999e-06,0.0,0.26
3.2800000000000008e-06,0.2,0.26
3.289999999999999e-06,0.0,0.28
3.3000000000000006e-06,-0.2,0.28
3.309999999999999e-06,0.0,0.26
3.3200000000000004e-06,0.0,0.28
3.3299999999999986e-06,0.0,0.3
3.34e-06,0.0,0.28
3.3499999999999984e-06,0.0,0.3
3.36e-06,-0.4,0.3
3.3699999999999982e-06,-0.2,0.32
3.38e-06,-0.2,0.3
3.3900000000000014e-06,-0.2,0.32
3.3999999999999996e-06,-0.2,0.3
3.4100000000000012e-06,-0.4,0.32
3.4199999999999994e-06,-0.4,0.32
3.430000000000001e-06,-0.4,0.34
3.4399999999999993e-06,-0.6000000000000001,0.3
3.450000000000001e-06,-0.6000000000000001,0.34
3.459999999999999e-06,-0.8,0.34
3.4700000000000007e-06,-0.6000000000000001,0.36
3.479999999999999e-06,-0.8,0.36
3.4900000000000005e-06,-0.8,0.36
3.4999999999999987e-06,-1.0,0.34
3.5100000000000003e-06,-0.8,0.36
3.5199999999999985e-06,-0.8,0.36
3.53e-06,-0.6000000000000001,0.36
3.5399999999999983e-06,-0.8,0.36
3.55e-06,-0.8,0.36
3.559999999999998e-06,-1.0,0.38
3.5699999999999997e-06,-1.0,0.38
3.5800000000000013e-06,-1.0,0.4
3.5899999999999995e-06,-1.2000000000000002,0.4
3.600000000000001e-06,-1.0,0.4
3.6099999999999993e-06,-1.4000000000000001,0.38
3.620000000000001e-06,-1.0,0.4
3.629999999999999e-06,-1.4000000000000001,0.36
3.6400000000000007e-06,-1.4000000000000001,0.38
3.649999999999999e-06,-1.4000000000000001,0.4
3.6600000000000005e-06,-1.4000000000000001,0.38
3.6699999999999987e-06,-1.4000000000000001,0.4
3.6800000000000003e-06,-1.4000000000000001,0.4
3.6899999999999986e-06,-1.4000000000000001,0.42
3.7e-06,-1.4000000000000001,0.42
3.7099999999999984e-06,-1.6,0.42
3.72e-06,-1.8,0.42
3.729999999999998e-06,-1.8,0.4
3.7399999999999998e-06,-1.6,0.42
3.7500000000000014e-06,-1.6,0.44
3.7599999999999996e-06,-1.8,0.4
3.770000000000001e-06,-1.8,0.42
3.7799999999999994e-06,-1.8,0.42
3.790000000000001e-06,-1.6,0.42
3.799999999999999e-06,-1.8,0.44
3.810000000000001e-06,-1.8,0.42
3.819999999999999e-06,-2.0,0.44
3.830000000000001e-06,-2.0,0.42
3.839999999999999e-06,-2.0,0.44
3.85e-06,-2.2,0.44
3.859999999999999e-06,-2.0,0.44
3.87e-06,-2.0,0.42
3.8799999999999984e-06,-2.2,0.44
3.89e-06,-2.2,0.44
3.899999999999998e-06,-2.2,0.46
3.91e-06,-2.2,0.46
3.9200000000000014e-06,-2.2,0.48
3.93e-06,-2.4000000000000004,0.44
3.940000000000001e-06,-2.6,0.46
3.9499999999999995e-06,-2.2,0.48
3.960000000000001e-06,-2.4000000000000004,0.48
3.969999999999999e-06,-2.4000000000000004,0.48
3.980000000000001e-06,-2.8000000000000003,0.48
3.989999999999999e-06,-2.4000000000000004,0.48
4.000000000000001e-06,-2.4000000000000004,0.48
4.009999999999999e-06,-2.6,0.48
4.0200000000000005e-06,-2.6,0.48
4.029999999999999e-06,-2.6,0.48
4.04e-06,-2.6,0.48
4.0499999999999985e-06,-2.6,0.48
4.06e-06,-2.6,0.5
4.069999999999998e-06,-2.8000000000000003,0.5
4.08e-06,-3.2,0.5
4.089999999999998e-06,-2.8000000000000003,0.48
4.1e-06,-2.8000000000000003,0.5
4.110000000000001e-06,-3.0,0.48
4.1199999999999995e-06,-3.0,0.5
4.130000000000001e-06,-3.2,0.48
4.139999999999999e-06,-3.2,0.5
4.150000000000001e-06,-3.0,0.48
4.159999999999999e-06,-3.0,0.5
4.170000000000001e-06,-3.0,0.52
4.179999999999999e-06,-3.2,0.5
4.1900000000000005e-06,-3.4000000000000004,0.5
4.199999999999999e-06,-3.0,0.5
4.21e-06,-3.2,0.52
4.2199999999999986e-06,-3.0,0.5
4.23e-06,-3.4000000000000004,0.5
4.239999999999998e-06,-3.2,0.48
4.25e-06,-3.2,0.5
4.259999999999998e-06,-3.2,0.5
4.27e-06,-3.2,0.5
4.280000000000001e-06,-3.6,0.5
4.29e-06,-3.6,0.5
4.300000000000001e-06,-3.4000000000000004,0.5
4.309999999999999e-06,-3.2,0.5
4.320000000000001e-06,-3.6,0.5
4.329999999999999e-06,-3.4000000000000004,0.5
4.340000000000001e-06,-3.4000000000000004,0.52
4.349999999999999e-06,-3.6,0.5
4.360000000000001e-06,-3.4000000000000004,0.5
4.369999999999999e-06,-3.4000000000000004,0.52
4.38e-06,-3.6,0.52
4.389999999999999e-06,-3.6,0.52
4.4e-06,-3.4000000000000004,0.52
4.4099999999999984e-06,-3.6,0.5
4.42e-06,-3.6,0.5
4.429999999999998e-06,-3.4000000000000004,0.5
4.44e-06,-3.8000000000000003,0.52
4.4500000000000014e-06,-3.8000000000000003,0.52
4.46e-06,-3.6,0.52
4.470000000000001e-06,-3.4000000000000004,0.54
4.4799999999999995e-06,-3.6,0.52
4.490000000000001e-06,-3.8000000000000003,0.5
4.499999999999999e-06,-4.0,0.52
4.510000000000001e-06,-3.8000000000000003,0.5
4.519999999999999e-06,-3.6,0.52
4.530000000000001e-06,-3.8000000000000003,0.5
4.539999999999999e-06,-3.8000000000000003,0.5
4.5500000000000005e-06,-3.8000000000000003,0.48
4.559999999999999e-06,-3.8000000000000003,0.5
4.57e-06,-4.0,0.5
4.5799999999999985e-06,-4.0,0.5
4.59e-06,-4.2,0.5
4.599999999999998e-06,-4.0,0.5
4.61e-06,-4.0,0.5
4.619999999999998e-06,-4.0,0.48
4.63e-06,-4.0,0.48
4.640000000000001e-06,-3.8000000000000003,0.5
4.6499999999999995e-06,-4.0,0.48
4.660000000000001e-06,-4.0,0.48
4.669999999999999e-06,-4.0,0.5
4.680000000000001e-06,-3.8000000000000003,0.5
4.689999999999999e-06,-4.2,0.48
4.700000000000001e-06,-4.2,0.5
4.709999999999999e-06,-4.0,0.48
4.7200000000000005e-06,-4.0,0.5
4.729999999999999e-06,-4.0,0.52
4.74e-06,-4.0,0.48
4.7499999999999986e-06,-4.0,0.5
4.76e-06,-4.2,0.5
4.769999999999998e-06,-4.2,0.5
4.78e-06,-4.2,0.48
4.789999999999998e-06,-4.2,0.48
4.8e-06,-4.2,0.46
4.810000000000001e-06,-4.0,0.46
4.82e-06,-4.2,0.46
4.830000000000001e-06,-4.2,0.48
4.839999999999999e-06,-4.2,0.46
4.850000000000001e-06,-4.0,0.46
4.859999999999999e-06,-4.2,0.48
4.870000000000001e-06,-4.2,0.48
4.879999999999999e-06,-4.2,0.48
4.890000000000001e-06,-4.2,0.46
4.899999999999999e-06,-4.2,0.46
4.9100000000000004e-06,-4.0,0.46
4.919999999999999e-06,-4.2,0.46
4.93e-06,-4.2,0.46
4.9399999999999984e-06,-4.0,0.46
4.95e-06,-4.2,0.44
4.959999999999998e-06,-4.2,0.44
4.97e-06,-4.2,0.44
4.9800000000000014e-06,-4.2,0.44
4.99e-06,-4.2,0.44
5.000000000000001e-06,-4.2,0.44
5.0099999999999995e-06,-3.8000000000000003,0.44
5.020000000000001e-06,-4.2,0.42
5.029999999999999e-06,-4.2,0.44
5.040000000000001e-06,-4.2,0.44
5.049999999999999e-06,-4.2,0.44
5.060000000000001e-06,-4.2,0.42
5.069999999999999e-06,-4.0,0.44
5.0800000000000005e-06,-4.2,0.42
5.089999999999999e-06,-4.2,0.4
5.1e-06,-4.2,0.4
5.1099999999999985e-06,-4.2,0.4
5.12e-06,-4.2,0.42
5.129999999999998e-06,-4.0,0.4
5.14e-06,-4.0,0.4
5.149999999999998e-06,-4.0,0.38
5.16e-06,-4.0,0.42
5.170000000000001e-06,-3.8000000000000003,0.38
5.1799999999999995e-06,-4.0,0.38
5.190000000000001e-06,-4.0,0.38
5.199999999999999e-06,-4.2,0.4
5.210000000000001e-06,-4.0,0.4
5.219999999999999e-06,-4.0,0.38
5.230000000000001e-06,-4.0,0.4
5.239999999999999e-06,-3.8000000000000003,0.36
5.2500000000000006e-06,-4.0,0.34
5.259999999999999e-06,-4.0,0.36
5.27e-06,-3.8000000000000003,0.36
5.2799999999999986e-06,-4.2,0.36
5.29e-06,-4.0,0.36
5.299999999999998e-06,-4.0,0.34
5.31e-06,-4.0,0.36
5.319999999999998e-06,-3.6,0.36
5.33e-06,-3.8000000000000003,0.34
5.340000000000001e-06,-4.0,0.34
5.35e-06,-3.8000000000000003,0.36
5.360000000000001e-06,-3.8000000000000003,0.34
5.369999999999999e-06,-3.8000000000000003,0.34
5.380000000000001e-06,-3.8000000000000003,0.32
5.389999999999999e-06,-4.0,0.32
5.400000000000001e-06,-3.8000000000000003,0.34
5.409999999999999e-06,-3.6,0.3
5.420000000000001e-06,-3.8000000000000003,0.3
5.429999999999999e-06,-3.8000000000000003,0.32
5.4400000000000004e-06,-3.6,0.3
5.449999999999999e-06,-3.8000000000000003,0.3
5.46e-06,-3.4000000000000004,0.32
5.4699999999999985e-06,-3.6,0.28
5.48e-06,-3.6,0.28
5.489999999999998e-06,-3.6,0.28
5.5e-06,-3.6,0.28
5.5100000000000015e-06,-3.6,0.28
5.52e-06,-3.6,0.28
5.530000000000001e-06,-3.4000000000000004,0.28
5.5399999999999995e-06,-3.6,0.26
5.550000000000001e-06,-3.4000000000000004,0.28
5.559999999999999e-06,-3.4000000000000004,0.26
5.570000000000001e-06,-3.4000000000000004,0.26
5.579999999999999e-06,-3.6,0.24
5.590000000000001e-06,-3.4000000000000004,0.26
5.599999999999999e-06,-3.4000000000000004,0.24
5.6100000000000005e-06,-3.4000000000000004,0.22
5.619999999999999e-06,-3.4000000000000004,0.24
5.63e-06,-3.2,0.24
5.6399999999999985e-06,-3.4000000000000004,0.24
5.65e-06,-3.0,0.22
5.659999999999998e-06,-3.2,0.24
5.67e-06,-3.2,0.24
5.679999999999998e-06,-3.0,0.2
5.69e-06,-3.2,0.2
5.700000000000001e-06,-3.2,0.18
5.7099999999999995e-06,-3.0,0.18
5.720000000000001e-06,-2.8000000000000003,0.2
5.729999999999999e-06,-3.4000000000000004,0.2
5.740000000000001e-06,-2.8000000000000003,0.18
5.749999999999999e-06,-3.0,0.2
5.760000000000001e-06,-3.0,0.18
5.769999999999999e-06,-3.0,0.16
5.7800000000000006e-06,-3.0,0.18
5.789999999999999e-06,-3.0,0.18
5.8e-06,-2.8000000000000003,0.18
5.809999999999999e-06,-2.6,0.16
5.82e-06,-3.0,0.18
5.829999999999998e-06,-2.6,0.14
5.84e-06,-2.6,0.14
5.849999999999998e-06,-2.8000000000000003,0.14
5.86e-06,-2.6,0.14
5.870000000000001e-06,-2.6,0.12
5.88e-06,-2.8000000000000003,0.12
5.890000000000001e-06,-2.6,0.12
5.899999999999999e-06,-2.4000000000000004,0.12
5.910000000000001e-06,-2.4000000000000004,0.14
5.919999999999999e-06,-2.6,0.1
5.930000000000001e-06,-2.6,0.1
5.939999999999999e-06,-2.4000000000000004,0.1
5.950000000000001e-06,-2.4000000000000004,0.1
5.959999999999999e-06,-2.4000000000000004,0.1
5.9700000000000004e-06,-2.6,0.08
5.979999999999999e-06,-2.2,0.08
5.99e-06,-2.0,0.08
5.9999999999999985e-06,-2.2,0.06
6.01e-06,-2.2,0.06
6.019999999999998e-06,-2.2,0.06
6.03e-06,-2.0,0.06
6.0400000000000015e-06,-2.0,0.04
6.05e-06,-2.0,0.04
6.060000000000001e-06,-2.0,0.04
6.0699999999999995e-06,-2.2,0.04
6.080000000000001e-06,-1.8,0.02
6.089999999999999e-06,-1.8,0.04
6.100000000000001e-06,-1.8,0.04
6.109999999999999e-06,-1.8,0.04
6.120000000000001e-06,-2.0,0.04
6.129999999999999e-06,-1.6,0.02
6.1400000000000005e-06,-1.6,0.02
6.149999999999999e-06,-1.6,0.0
6.16e-06,-1.8,0.0
6.1699999999999985e-06,-1.8,0.02
6.18e-06,-1.6,-0.02
6.189999999999998e-06,-1.4000000000000001,0.0
6.2e-06,-1.8,0.0
6.209999999999998e-06,-1.4000000000000001,-0.02
6.22e-06,-1.6,-0.02
6.230000000000001e-06,-1.4000000000000001,-0.04
6.2399999999999995e-06,-1.4000000000000001,-0.02
6.250000000000001e-06,-1.4000000000000001,-0.04
6.259999999999999e-06,-1.2000000000000002,-0.04
6.270000000000001e-06,-1.2000000000000002,-0.02
6.279999999999999e-06,-1.4000000000000001,-0.06
6.290000000000001e-06,-1.0,-0.06
6.299999999999999e-06,-1.4000000000000001,-0.04
6.3100000000000006e-06,-1.0,-0.06
6.319999999999999e-06,-1.0,-0.06
6.33e-06,-1.0,-0.08
6.339999999999999e-06,-1.0,-0.08
6.35e-06,-1.0,-0.1
6.359999999999998e-06,-1.0,-0.1
6.37e-06,-0.8,-0.1
6.379999999999998e-06,-1.0,-0.1
6.39e-06,-1.0,-0.1
6.400000000000001e-06,-0.8,-0.12
6.41e-06,-0.6000000000000001,-0.1
6.420000000000001e-06,-0.8,-0.1
6.429999999999999e-06,-0.8,-0.1
6.440000000000001e-06,-0.6000000000000001,-0.1
6.449999999999999e-06,-0.6000000000000001,-0.12
6.460000000000001e-06,-0.8,-0.12
6.469999999999999e-06,-0.6000000000000001,-0.12
6.480000000000001e-06,-0.4,-0.14
6.489999999999999e-06,-0.4,-0.16
6.5000000000000004e-06,-0.4,-0.16
6.509999999999999e-06,-0.2,-0.16
6.52e-06,-0.4,-0.16
6.5299999999999985e-06,-0.4,-0.16
6.54e-06,-0.2,-0.16
6.549999999999998e-06,-0.2,-0.16
6.56e-06,0.0,-0.18
6.5700000000000015e-06,-0.2,-0.18
6.58e-06,-0.2,-0.16
6.590000000000001e-06,0.2,-0.18
6.5999999999999995e-06,-0.2,-0.16
6.610000000000001e-06,0.2,-0.18
6.619999999999999e-06,0.2,-0.16
6.630000000000001e-06,0.0,-0.2
6.639999999999999e-06,0.0,-0.2
6.650000000000001e-06,0.2,-0.2
6.659999999999999e-06,0.4,-0.2
6.6700000000000005e-06,0.2,-0.22
6.679999999999999e-06,0.0,-0.2
6.69e-06,0.4,-0.24
6.6999999999999985e-06,0.2,-0.22
6.71e-06,0.4,-0.24
6.719999999999998e-06,0.4,-0.24
6.73e-06,0.8,-0.26
6.739999999999998e-06,0.6000000000000001,-0.26
6.75e-06,0.6000000000000001,-0.24
6.760000000000001e-06,0.8,-0.26
6.7699999999999996e-06,0.8,-0.24
6.780000000000001e-06,0.8,-0.24
6.789999999999999e-06,1.0,-0.28
6.800000000000001e-06,0.8,-0.28
6.809999999999999e-06,0.8,-0.26
6.820000000000001e-06,0.8,-0.28
6.829999999999999e-06,0.8,-0.28
6.840000000000001e-06,1.0,-0.28
6.849999999999999e-06,1.0,-0.3
6.86e-06,0.8,-0.3
6.869999999999999e-06,1.0,-0.3
6.88e-06,1.2000000000000002,-0.3
6.889999999999998e-06,1.2000000000000002,-0.32
6.9e-06,1.2000000000000002,-0.3
6.909999999999998e-06,0.8,-0.32
6.92e-06,1.2000000000000002,-0.32
6.930000000000001e-06,1.2000000000000002,-0.34
6.94e-06,1.4000000000000001,-0.3
6.950000000000001e-06,1.2000000000000002,-0.3
6.9599999999999994e-06,1.4000000000000001,-0.32
6.970000000000001e-06,1.8,-0.32
6.979999999999999e-06,1.6,-0.32
6.990000000000001e-06,1.8,-0.32
6.999999999999999e-06,1.6,-0.34
7.010000000000001e-06,1.6,-0.34
7.019999999999999e-06,1.6,-0.34
7.0300000000000005e-06,2.0,-0.34
7.039999999999999e-06,2.0,-0.36
7.05e-06,1.8,-0.36
7.0599999999999985e-06,1.6,-0.36
7.07e-06,1.8,-0.38
7.079999999999998e-06,1.8,-0.36
7.09e-06,1.8,-0.36
7.1000000000000015e-06,2.0,-0.36
7.11e-06,2.0,-0.36
7.120000000000001e-06,2.0,-0.36
7.1299999999999995e-06,2.2,-0.36
7.140000000000001e-06,2.2,-0.36
7.149999999999999e-06,2.4000000000000004,-0.38
7.160000000000001e-06,2.2,-0.4
7.169999999999999e-06,2.4000000000000004,-0.38
7.180000000000001e-06,2.4000000000000004,-0.38
7.189999999999999e-06,2.4000000000000004,-0.4
7.2000000000000005e-06,2.2,-0.42
7.209999999999999e-06,2.4000000000000004,-0.38
7.22e-06,2.4000000000000004,-0.4
7.2299999999999985e-06,2.6,-0.38
7.24e-06,2.4000000000000004,-0.42
7.249999999999998e-06,2.6,-0.42
7.26e-06,2.4000000000000004,-0.4
7.269999999999998e-06,2.8000000000000003,-0.4
7.28e-06,2.8000000000000003,-0.44
7.290000000000001e-06,2.8000000000000003,-0.4
7.2999999999999996e-06,2.8000000000000003,-0.42
7.310000000000001e-06,2.8000000000000003,-0.4
7.319999999999999e-06,3.0,-0.42
7.330000000000001e-06,2.8000000000000003,-0.42
7.339999999999999e-06,2.8000000000000003,-0.42
7.350000000000001e-06,3.0,-0.44
7.359999999999999e-06,3.0,-0.42
7.370000000000001e-06,3.0,-0.44
7.379999999999999e-06,3.0,-0.42
7.39e-06,3.0,-0.44
7.399999999999999e-06,3.2,-0.46
7.41e-06,3.2,-0.44
7.419999999999998e-06,3.0,-0.42
7.43e-06,3.2,-0.44
7.439999999999998e-06,3.4000000000000004,-0.44
7.45e-06,3.2,-0.44
7.460000000000001e-06,3.4000000000000004,-0.46
7.47e-06,3.2,-0.46
7.480000000000001e-06,3.2,-0.46
7.4899999999999994e-06,3.4000000000000004,-0.46
7.500000000000001e-06,3.4000000000000004,-0.46
7.509999999999999e-06,3.6,-0.48
7.520000000000001e-06,3.4000000000000004,-0.48
7.529999999999999e-06,3.6,-0.46
7.540000000000001e-06,3.6,-0.46
7.549999999999999e-06,3.6,-0.48
7.5600000000000005e-06,3.6,-0.46
7.569999999999999e-06,3.6,-0.46
7.58e-06,3.6,-0.46
7.5899999999999985e-06,3.8000000000000003,-0.48
7.6e-06,3.6,-0.48
7.609999999999998e-06,3.8000000000000003,-0.46
7.62e-06,3.8000000000000003,-0.46
7.630000000000001e-06,4.0,-0.48
7.64e-06,4.0,-0.5
7.650000000000001e-06,4.0,-0.46
7.66e-06,3.8000000000000003,-0.48
7.670000000000001e-06,3.8000000000000003,-0.48
7.68e-06,4.0,-0.5
7.690000000000001e-06,4.0,-0.48
7.699999999999999e-06,4.0,-0.48
7.71e-06,3.8000000000000003,-0.48
7.719999999999999e-06,4.0,-0.48
7.73e-06,4.2,-0.48
7.739999999999999e-06,4.2,-0.48
7.75e-06,4.0,-0.52
7.759999999999999e-06,4.4,-0.48
7.77e-06,4.2,-0.5
7.779999999999998e-06,4.2,-0.48
7.79e-06,4.4,-0.5
7.799999999999998e-06,4.2,-0.48
7.81e-06,4.4,-0.5
7.820000000000001e-06,4.4,-0.5
7.83e-06,4.4,-0.5
7.840000000000001e-06,4.4,-0.48
7.85e-06,4.4,-0.5
7.860000000000001e-06,4.4,-0.52
7.87e-06,4.6000000000000005,-0.5
7.88e-06,4.4,-0.5
7.889999999999999e-06,4.6000000000000005,-0.5
7.9e-06,4.2,-0.48
7.909999999999999e-06,4.4,-0.5
7.92e-06,4.4,-0.5
7.929999999999999e-06,4.800000000000001,-0.48
7.94e-06,4.4,-0.48
7.949999999999998e-06,4.4,-0.5
7.96e-06,4.6000000000000005,-0.5
7.969999999999998e-06,4.6000000000000005,-0.5
7.98e-06,4.6000000000000005,-0.48
7.990000000000001e-06,4.4,-0.48
8e-06,4.6000000000000005,-0.5
8.010000000000001e-06,4.6000000000000005,-0.48
8.02e-06,4.4,-0.5
8.030000000000001e-06,4.800000000000001,-0.52
8.04e-06,4.800000000000001,-0.48
8.050000000000001e-06,4.800000000000001,-0.48
8.059999999999999e-06,4.800000000000001,-0.48
8.07e-06,4.800000000000001,-0.48
8.079999999999999e-06,5.0,-0.5
8.09e-06,4.4,-0.48
8.099999999999999e-06,4.800000000000001,-0.5
8.11e-06,4.800000000000001,-0.5
8.119999999999998e-06,4.800000000000001,-0.48
8.13e-06,4.800000000000001,-0.5
8.139999999999998e-06,4.800000000000001,-0.46
8.15e-06,4.800000000000001,-0.48
8.160000000000001e-06,5.0,-0.46
8.17e-06,4.800000000000001,-0.48
8.180000000000001e-06,4.800000000000001,-0.48
8.19e-06,4.800000000000001,-0.48
8.200000000000001e-06,5.2,-0.48
8.21e-06,5.0,-0.48
8.220000000000001e-06,5.0,-0.48
8.229999999999999e-06,5.0,-0.46
8.24e-06,5.0,-0.48
8.249999999999999e-06,4.800000000000001,-0.46
8.26e-06,4.800000000000001,-0.46
8.269999999999999e-06,4.800000000000001,-0.48
8.28e-06,4.800000000000001,-0.42
8.289999999999999e-06,5.2,-0.44
8.3e-06,4.800000000000001,-0.46
8.309999999999998e-06,4.800000000000001,-0.46
8.32e-06,5.0,-0.46
8.329999999999998e-06,5.0,-0.44
8.34e-06,5.0,-0.44
8.350000000000001e-06,5.0,-0.44
8.36e-06,5.0,-0.46
8.370000000000001e-06,5.0,-0.42
8.38e-06,5.0,-0.44
8.390000000000001e-06,5.0,-0.44
8.4e-06,5.2,-0.44
8.41e-06,4.800000000000001,-0.44
8.419999999999999e-06,5.0,-0.42
8.43e-06,4.800000000000001,-0.44
8.439999999999999e-06,4.800000000000001,-0.44
8.45e-06,4.800000000000001,-0.44
8.459999999999999e-06,4.800000000000001,-0.44
8.47e-06,5.0,-0.42
8.479999999999998e-06,4.800000000000001,-0.42
8.49e-06,4.800000000000001,-0.44
8.499999999999998e-06,4.800000000000001,-0.42
8.51e-06,4.800000000000001,-0.42
8.520000000000001e-06,4.800000000000001,-0.42
8.53e-06,5.0,-0.38
8.540000000000001e-06,5.0,-0.42
8.55e-06,5.0,-0.4
8.560000000000001e-06,4.6000000000000005,-0.38
8.57e-06,4.6000000000000005,-0.4
8.580000000000001e-06,5.0,-0.38
8.589999999999999e-06,5.0,-0.4
8.6e-06,4.800000000000001,-0.4
8.609999999999999e-06,4.800000000000001,-0.4
8.62e-06,5.0,-0.38
8.629999999999999e-06,4.800000000000001,-0.4
8.64e-06,5.0,-0.36
8.649999999999998e-06,5.0,-0.36
8.66e-06,4.800000000000001,-0.4
8.669999999999998e-06,4.800000000000001,-0.38
8.68e-06,5.0,-0.38
8.690000000000002e-06,4.800000000000001,-0.34
8.7e-06,5.0,-0.36
8.710000000000001e-06,4.800000000000001,-0.34
8.72e-06,4.800000000000001,-0.38
8.730000000000001e-06,5.0,-0.36
8.74e-06,4.800000000000001,-0.36
8.750000000000001e-06,5.0,-0.34
8.759999999999999e-06,4.800000000000001,-0.36
8.77e-06,4.6000000000000005,-0.34
8.779999999999999e-06,4.6000000000000005,-0.34
8.79e-06,4.6000000000000005,-0.32
8.799999999999999e-06,4.800000000000001,-0.32
8.81e-06,4.800000000000001,-0.32
8.819999999999999e-06,4.800000000000001,-0.32
8.83e-06,4.6000000000000005,-0.32
8.839999999999998e-06,4.800000000000001,-0.3
8.85e-06,4.6000000000000005,-0.3
8.859999999999998e-06,4.800000000000001,-0.32
8.87e-06,4.800000000000001,-0.34
8.880000000000001e-06,4.4,-0.32
8.89e-06,4.2,-0.3
8.900000000000001e-06,4.4,-0.3
8.91e-06,4.2,-0.28
8.920000000000001e-06,4.4,-0.28
8.93e-06,4.4,-0.3
8.94e-06,4.4,-0.3
8.949999999999999e-06,4.6000000000000005,-0.28
8.96e-06,4.6000000000000005,-0.28
8.969999999999999e-06,4.800000000000001,-0.26
8.98e-06,4.6000000000000005,-0.28
8.989999999999999e-06,4.2,-0.26
9e-06,4.2,-0.26
9.009999999999998e-06,4.2,-0.26
9.02e-06,4.6000000000000005,-0.24
9.029999999999998e-06,4.2,-0.26
9.04e-06,4.4,-0.24
9.050000000000001e-06,4.4,-0.26
9.06e-06,4.2,-0.22
9.070000000000001e-06,4.4,-0.22
9.08e-06,4.0,-0.22
9.090000000000001e-06,4.0,-0.22
9.1e-06,4.2,-0.22
9.110000000000001e-06,4.2,-0.2
9.119999999999999e-06,4.2,-0.2
9.13e-06,4.2,-0.22
9.139999999999999e-06,4.0,-0.2
9.15e-06,4.4,-0.2
9.159999999999999e-06,4.0,-0.2
9.17e-06,4.0,-0.2
9.179999999999999e-06,3.8000000000000003,-0.2
9.19e-06,4.0,-0.2
9.199999999999998e-06,4.2,-0.18
9.21e-06,3.8000000000000003,-0.18
9.220000000000002e-06,3.8000000000000003,-0.16
9.23e-06,3.6,-0.2
9.240000000000001e-06,3.8000000000000003,-0.14
9.25e-06,3.6,-0.16
9.260000000000001e-06,3.4000000000000004,-0.16
9.27e-06,3.8000000000000003,-0.14
9.280000000000001e-06,3.8000000000000003,-0.16
9.289999999999999e-06,3.6,-0.14
9.3e-06,3.4000000000000004,-0.12
9.309999999999999e-06,3.4000000000000004,-0.12
9.32e-06,3.6,-0.14
9.329999999999999e-06,3.6,-0.14
9.34e-06,3.6,-0.12
9.349999999999999e-06,3.4000000000000004,-0.1
9.36e-06,3.6,-0.12
9.369999999999998e-06,3.4000000000000004,-0.08
9.38e-06,3.4000000000000004,-0.1
9.389999999999998e-06,3.2,-0.12
9.4e-06,3.2,-0.1
9.410000000000001e-06,3.6,-0.1
9.42e-06,3.2,-0.08
9.430000000000001e-06,3.4000000000000004,-0.08
9.44e-06,3.0,-0.06
9.450000000000001e-06,3.0,-0.04
9.46e-06,3.0,-0.06
9.47e-06,3.0,-0.06
9.479999999999999e-06,3.0,-0.06
9.49e-06,3.0,-0.04
9.499999999999999e-06,3.0,-0.06
9.51e-06,3.0,-0.04
9.519999999999999e-06,3.0,-0.04
9.53e-06,3.0,-0.06
9.539999999999998e-06,2.8000000000000003,-0.02
9.55e-06,2.4000000000000004,-0.02
9.559999999999998e-06,2.8000000000000003,-0.02
9.57e-06,2.8000000000000003,0.0
9.580000000000001e-06,2.6,-0.02
9.59e-06,3.0,-0.02
9.600000000000001e-06,2.8000000000000003,0.0
9.61e-06,2.4000000000000004,0.02
9.620000000000001e-06,2.6,0.0
9.63e-06,2.8000000000000003,0.02
9.640000000000001e-06,2.4000000000000004,0.02
9.649999999999999e-06,2.2,0.0
9.66e-06,2.4000000000000004,0.02
9.669999999999999e-06,2.4000000000000004,0.02
9.68e-06,2.2,0.02
9.689999999999999e-06,2.4000000000000004,0.04
9.7e-06,2.4000000000000004,0.04
9.709999999999999e-06,2.4000000000000004,0.06
9.72e-06,2.2,0.08
9.729999999999998e-06,2.0,0.06
9.74e-06,2.0,0.08
9.750000000000002e-06,2.0,0.06
9.76e-06,2.4000000000000004,0.06
9.770000000000001e-06,2.0,0.06
9.78e-06,1.6,0.08
9.790000000000001e-06,2.0,0.1
9.8e-06,1.8,0.08
9.810000000000001e-06,2.0,0.1
9.82e-06,1.4000000000000001,0.08
9.83e-06,1.8,0.1
9.839999999999999e-06,1.8,0.12
9.85e-06,1.6,0.1
9.859999999999999e-06,1.6,0.12
9.87e-06,1.6,0.12
9.879999999999999e-06,1.6,0.14
9.89e-06,1.4000000000000001,0.1
9.899999999999998e-06,1.4000000000000001,0.14
9.91e-06,1.4000000000000001,0.14
9.919999999999998e-06,1.2000000000000002,0.16
9.93e-06,1.2000000000000002,0.16
9.940000000000001e-06,1.2000000000000002,0.16
9.95e-06,1.4000000000000001,0.16
9.960000000000001e-06,1.4000000000000001,0.16
9.97e-06,1.2000000000000002,0.18
9.980000000000001e-06,1.0,0.18
9.99e-06,1.0,0.18
1e-05,1.0,0.18
1.0009999999999999e-05,1.0,0.16
1.002e-05,0.8,0.2
1.0029999999999999e-05,1.0,0.2
1.004e-05,1.0,0.18
1.0049999999999999e-05,0.8,0.18
1.006e-05,0.8,0.22
1.0069999999999998e-05,0.8,0.2
1.008e-05,0.6000000000000001,0.18
1.0089999999999998e-05,0.8,0.22
1.01e-05,0.8,0.22
1.0110000000000001e-05,0.6000000000000001,0.22
1.012e-05,0.6000000000000001,0.24
1.0130000000000001e-05,0.8,0.26
1.014e-05,0.6000000000000001,0.24
1.0150000000000001e-05,0.4,0.24
1.016e-05,0.4,0.24
1.0170000000000001e-05,0.4,0.24
1.0179999999999999e-05,0.4,0.26
1.019e-05,0.2,0.24
1.0199999999999999e-05,0.2,0.28
1.021e-05,0.2,0.26
1.0219999999999999e-05,0.0,0.24
1.023e-05,0.0,0.28
1.0239999999999999e-05,0.0,0.3
1.025e-05,0.0,0.28
1.0259999999999998e-05,0.0,0.28
1.027e-05,0.0,0.26
1.0280000000000002e-05,0.0,0.28
1.029e-05,-0.2,0.3
1.0300000000000001e-05,0.0,0.28
1.031e-05,-0.2,0.3
1.0320000000000001e-05,-0.2,0.3
1.033e-05,-0.2,0.3
1.0340000000000001e-05,-0.4,0.32
1.035e-05,-0.4,0.32
1.036e-05,-0.4,0.32
1.0369999999999999e-05,-0.4,0.32
1.038e-05,-0.6000000000000001,0.32
1.0389999999999999e-05,-0.6000000000000001,0.32
1.04e-05,-0.8,0.32
1.0409999999999999e-05,-0.6000000000000001,0.36
1.042e-05,-0.4,0.34
1.0429999999999998e-05,-0.8,0.34
1.044e-05,-0.6000000000000001,0.34
1.0449999999999998e-05,-0.8,0.36
1.046e-05,-0.8,0.36
1.0470000000000001e-05,-0.8,0.36
1.048e-05,-0.8,0.36
1.0490000000000001e-05,-1.0,0.36
1.05e-05,-1.2000000000000002,0.36
1.0510000000000001e-05,-1.0,0.38
1.052e-05,-1.0,0.36
1.053e-05,-1.2000000000000002,0.36
1.0539999999999999e-05,-1.0,0.38
1.055e-05,-1.2000000000000002,0.38
1.0559999999999999e-05,-1.4000000000000001,0.38
1.057e-05,-1.4000000000000001,0.38
1.0579999999999999e-05,-1.4000000000000001,0.4
1.059e-05,-1.2000000000000002,0.4
1.0599999999999998e-05,-1.4000000000000001,0.38
1.061e-05,-1.4000000000000001,0.38
1.0619999999999998e-05,-1.4000000000000001,0.42
1.063e-05,-1.6,0.4
1.0640000000000001e-05,-1.6,0.4
1.065e-05,-1.6,0.42
1.0660000000000001e-05,-1.4000000000000001,0.4
1.067e-05,-1.4000000000000001,0.42
1.0680000000000001e-05,-1.8,0.44
1.069e-05,-1.4000000000000001,0.42
1.0700000000000001e-05,-1.4000000000000001,0.42
1.0709999999999999e-05,-1.8,0.4
1.072e-05,-1.8,0.42
1.0729999999999999e-05,-1.6,0.42
1.074e-05,-2.0,0.42
1.0749999999999999e-05,-1.8,0.44
1.076e-05,-1.8,0.42
1.0769999999999999e-05,-2.2,0.44
1.078e-05,-2.0,0.44
1.0789999999999998e-05,-2.0,0.48
1.08e-05,-2.0,0.42
1.0810000000000002e-05,-2.0,0.46
1.082e-05,-2.2,0.44
1.0830000000000001e-05,-2.2,0.46
1.084e-05,-2.0,0.44
1.0850000000000001e-05,-2.2,0.46
1.086e-05,-2.4000000000000004,0.46
1.0870000000000001e-05,-2.6,0.48
1.088e-05,-2.2,0.44
1.089e-05,-2.4000000000000004,0.46
1.0899999999999999e-05,-2.4000000000000004,0.46
1.091e-05,-2.6,0.46
1.0919999999999999e-05,-2.6,0.48
1.093e-05,-2.4000000000000004,0.46
1.0939999999999999e-05,-2.6,0.46
1.095e-05,-2.4000000000000004,0.48
1.0959999999999998e-05,-2.4000000000000004,0.48
1.097e-05,-2.6,0.46
1.0979999999999998e-05,-2.8000000000000003,0.46
1.099e-05,-2.6,0.5
1.1000000000000001e-05,-2.6,0.48
1.101e-05,-2.8000000000000003,0.48
1.1020000000000001e-05,-3.0,0.5
1.103e-05,-3.0,0.48
1.1040000000000001e-05,-3.0,0.5
1.105e-05,-2.8000000000000003,0.5
1.106e-05,-2.8000000000000003,0.48
1.1069999999999999e-05,-3.0,0.5
1.108e-05,-3.0,0.5
1.1089999999999999e-05,-2.8000000000000003,0.5
1.11e-05,-3.0,0.48
1.1109999999999999e-05,-3.0,0.48
1.112e-05,-3.0,0.52
1.1129999999999998e-05,-3.0,0.52
1.114e-05,-3.4000000000000004,0.52
1.1149999999999998e-05,-3.2,0.52
1.116e-05,-3.2,0.5
1.1170000000000001e-05,-3.0,0.52
1.118e-05,-3.0,0.5
1.1190000000000001e-05,-3.2,0.52
1.12e-05,-3.2,0.52
1.1210000000000001e-05,-3.4000000000000004,0.5
1.122e-05,-3.4000000000000004,0.52
1.1230000000000001e-05,-3.4000000000000004,0.5
1.1239999999999999e-05,-3.4000000000000004,0.52
1.125e-05,-3.4000000000000004,0.5
1.1259999999999999e-05,-3.4000000000000004,0.48
1.127e-05,-3.4000000000000004,0.5
1.1279999999999999e-05,-3.8000000000000003,0.52
1.129e-05,-3.4000000000000004,0.5
1.1299999999999999e-05,-3.6,0.5
1.131e-05,-3.4000000000000004,0.5
1.1319999999999998e-05,-3.4000000000000004,0.5
1.133e-05,-3.6,0.52
1.1340000000000002e-05,-3.6,0.5
1.135e-05,-3.6,0.5
1.1360000000000001e-05,-3.6,0.5
1.137e-05,-3.8000000000000003,0.52
1.1380000000000001e-05,-4.0,0.5
1.139e-05,-3.6,0.52
1.1400000000000001e-05,-3.8000000000000003,0.52
1.141e-05,-3.8000000000000003,0.52
1.142e-05,-3.8000000000000003,0.52
1.1429999999999999e-05,-4.0,0.5
1.144e-05,-3.8000000000000003,0.5
1.1449999999999999e-05,-3.8000000000000003,0.52
1.146e-05,-3.8000000000000003,0.52
1.1469999999999999e-05,-3.8000000000000003,0.5
1.148e-05,-4.0,0.52
1.1489999999999998e-05,-4.0,0.54
1.15e-05,-4.0,0.5
1.1509999999999998e-05,-4.0,0.52
1.152e-05,-4.0,0.52
1.1530000000000001e-05,-4.2,0.52
1.154e-05,-3.8000000000000003,0.52
1.1550000000000001e-05,-4.0,0.5
1.156e-05,-4.0,0.5
1.1570000000000001e-05,-3.8000000000000003,0.52
1.158e-05,-4.0,0.5
1.159e-05,-4.0,0.5
1.1599999999999999e-05,-4.0,0.5
1.161e-05,-4.0,0.5
1.1619999999999999e-05,-4.2,0.52
1.163e-05,-4.2,0.5
1.1639999999999999e-05,-4.2,0.5
1.165e-05,-4.2,0.48
1.1659999999999998e-05,-4.2,0.5
1.167e-05,-4.0,0.5
1.1679999999999998e-05,-4.2,0.48
1.169e-05,-4.0,0.52
1.1700000000000001e-05,-4.0,0.48
1.171e-05,-4.2,0.48
1.1720000000000001e-05,-4.0,0.48
1.173e-05,-4.2,0.48
1.1740000000000001e-05,-4.0,0.48
1.175e-05,-4.0,0.48
1.1760000000000001e-05,-4.4,0.5
1.1769999999999999e-05,-4.2,0.48
1.178e-05,-4.2,0.48
1.1789999999999999e-05,-4.0,0.5
1.18e-05,-4.2,0.46
1.1809999999999999e-05,-4.2,0.46
1.182e-05,-4.4,0.48
1.1829999999999999e-05,-4.0,0.46
1.184e-05,-3.8000000000000003,0.46
1.1849999999999998e-05,-4.2,0.48
1.186e-05,-4.4,0.46
1.1870000000000002e-05,-4.2,0.48
1.188e-05,-4.2,0.42
1.1890000000000001e-05,-4.4,0.44
1.19e-05,-4.2,0.46
1.1910000000000001e-05,-4.2,0.44
1.192e-05,-4.2,0.46
1.1930000000000001e-05,-4.0,0.42
1.194e-05,-4.0,0.44
1.195e-05,-4.2,0.44
1.1959999999999999e-05,-4.2,0.44
1.197e-05,-4.2,0.42
1.1979999999999999e-05,-4.2,0.44
1.199e-05,-4.2,0.44
1.1999999999999999e-05,-4.0,0.44
1.201e-05,-4.0,0.42
1.2019999999999998e-05,-4.0,0.42
1.203e-05,-4.2,0.42
1.2039999999999998e-05,-4.0,0.42
1.205e-05,-4.0,0.4
1.2060000000000001e-05,-4.0,0.42
1.207e-05,-4.2,0.4
1.2080000000000001e-05,-4.0,0.42
1.209e-05,-4.0,0.42
1.2100000000000001e-05,-4.0,0.4
1.211e-05,-4.0,0.42
1.2120000000000001e-05,-4.2,0.4
1.2129999999999999e-05,-4.0,0.42
1.214e-05,-4.2,0.4
1.2149999999999999e-05,-4.0,0.38
1.216e-05,-4.0,0.38
1.2169999999999999e-05,-4.0,0.36
1.218e-05,-4.2,0.38
1.2189999999999998e-05,-4.0,0.36
1.22e-05,-4.0,0.36
1.2209999999999998e-05,-4.0,0.38
1.222e-05,-4.0,0.38
1.2230000000000001e-05,-4.0,0.36
1.224e-05,-4.2,0.36
1.2250000000000001e-05,-4.0,0.36
1.226e-05,-3.8000000000000003,0.36
1.2270000000000001e-05,-3.8000000000000003,0.36
1.228e-05,-4.0,0.36
1.2290000000000001e-05,-3.8000000000000003,0.34
1.2299999999999999e-05,-4.0,0.34
1.231e-05,-3.8000000000000003,0.34
1.2319999999999999e-05,-3.6,0.34
1.233e-05,-4.0,0.32
1.2339999999999999e-05,-3.6,0.34
1.235e-05,-3.6,0.32
1.2359999999999999e-05,-3.8000000000000003,0.34
1.237e-05,-3.8000000000000003,0.32
1.2379999999999998e-05,-3.8000000000000003,0.32
1.239e-05,-3.8000000000000003,0.32
1.2400000000000002e-05,-3.6,0.3
1.241e-05,-4.0,0.3
1.2420000000000001e-05,-4.0,0.28
1.243e-05,-3.6,0.3
1.2440000000000001e-05,-3.4000000000000004,0.3
1.245e-05,-3.4000000000000004,0.28
1.2460000000000001e-05,-3.4000000000000004,0.28
1.247e-05,-4.0,0.28
1.248e-05,-3.6,0.28
1.2489999999999999e-05,-3.6,0.26
