t,V_m,V_e
-0.000125,-0.148,0.24
-0.0001249,-0.14400000000000002,0.32
-0.0001248,-0.148,0.32
-0.0001247,-0.14400000000000002,0.48
-0.0001246,-0.148,0.48
-0.0001245,-0.136,0.4
-0.00012440000000000002,-0.14400000000000002,0.48
-0.0001243,-0.136,0.56
-0.0001242,-0.14400000000000002,0.56
-0.0001241,-0.14400000000000002,0.56
-0.000124,-0.14400000000000002,0.64
-0.0001239,-0.14,0.72
-0.0001238,-0.14,0.72
-0.0001237,-0.14,0.72
-0.0001236,-0.136,0.8
-0.0001235,-0.132,0.8
-0.0001234,-0.132,0.88
-0.00012330000000000002,-0.128,0.96
-0.0001232,-0.14,0.96
-0.0001231,-0.132,1.04
-0.000123,-0.128,1.04
-0.0001229,-0.128,1.12
-0.0001228,-0.128,1.04
-0.0001227,-0.128,1.12
-0.0001226,-0.132,1.2
-0.0001225,-0.124,1.2
-0.0001224,-0.12,1.28
-0.0001223,-0.124,1.2
-0.00012220000000000002,-0.12,1.28
-0.0001221,-0.124,1.36
-0.000122,-0.124,1.28
-0.00012190000000000001,-0.112,1.36
-0.0001218,-0.12,1.44
-0.0001217,-0.12,1.44
-0.0001216,-0.112,1.44
-0.0001215,-0.112,1.6
-0.0001214,-0.108,1.52
-0.00012130000000000001,-0.112,1.6
-0.0001212,-0.108,1.52
-0.0001211,-0.108,1.6
-0.000121,-0.1,1.6
-0.0001209,-0.10400000000000001,1.68
-0.00012080000000000001,-0.1,1.68
-0.0001207,-0.1,1.76
-0.0001206,-0.10400000000000001,1.76
-0.0001205,-0.096,1.76
-0.0001204,-0.096,1.84
-0.0001203,-0.092,1.84
-0.00012020000000000001,-0.088,1.92
-0.0001201,-0.084,1.92
-0.00012,-0.08,2.0
-0.0001199,-0.084,1.92
-0.0001198,-0.08,1.92
-0.00011970000000000001,-0.088,1.92
-0.00011960000000000001,-0.08,2.08
-0.0001195,-0.08,2.0
-0.0001194,-0.07200000000000001,2.0
-0.0001193,-0.07200000000000001,2.08
-0.0001192,-0.068,2.16
-0.00011910000000000001,-0.07200000000000001,2.16
-0.000119,-0.056,2.16
-0.0001189,-0.064,2.08
-0.0001188,-0.06,2.16
-0.0001187,-0.06,2.16
-0.00011860000000000001,-0.06,2.16
-0.00011850000000000001,-0.06,2.24
-0.0001184,-0.048,2.24
-0.0001183,-0.056,2.24
-0.0001182,-0.044,2.32
-0.0001181,-0.048,2.32
-0.00011800000000000001,-0.04,2.32
-0.0001179,-0.04,2.32
-0.0001178,-0.036000000000000004,2.32
-0.0001177,-0.036000000000000004,2.4
-0.0001176,-0.036000000000000004,2.4
-0.00011750000000000001,-0.036000000000000004,2.4
-0.00011740000000000001,-0.032,2.4
-0.0001173,-0.032,2.4
-0.0001172,-0.028,2.4
-0.0001171,-0.028,2.4
-0.000117,-0.02,2.4
-0.0001169,-0.024,2.48
-0.0001168,-0.012,2.4
-0.0001167,-0.012,2.56
-0.0001166,-0.012,2.4
-0.0001165,-0.012,2.56
-0.00011640000000000001,-0.008,2.56
-0.00011630000000000001,-0.004,2.56
-0.0001162,-0.004,2.48
-0.0001161,-0.008,2.56
-0.000116,0.0,2.48
-0.0001159,-0.004,2.48
-0.0001158,0.008,2.56
-0.00011570000000000001,0.008,2.56
-0.0001156,0.008,2.48
-0.0001155,0.016,2.48
-0.0001154,0.02,2.56
-0.0001153,0.016,2.48
-0.00011520000000000001,0.016,2.56
-0.0001151,0.02,2.48
-0.000115,0.02,2.48
-0.0001149,0.024,2.48
-0.0001148,0.02,2.48
-0.0001147,0.032,2.48
-0.00011460000000000001,0.028,2.56
-0.0001145,0.036000000000000004,2.48
-0.0001144,0.028,2.48
-0.0001143,0.04,2.56
-0.0001142,0.036000000000000004,2.48
-0.00011410000000000001,0.036000000000000004,2.48
-0.000114,0.044,2.48
-0.0001139,0.048,2.4
-0.0001138,0.052000000000000005,2.4
-0.0001137,0.048,2.48
-0.0001136,0.056,2.4
-0.00011350000000000001,0.06,2.4
-0.0001134,0.056,2.4
-0.0001133,0.06,2.4
-0.0001132,0.056,2.48
-0.0001131,0.064,2.48
-0.00011300000000000001,0.06,2.48
-0.0001129,0.056,2.32
-0.0001128,0.068,2.4
-0.0001127,0.07200000000000001,2.32
-0.0001126,0.07200000000000001,2.32
-0.0001125,0.076,2.32
-0.00011240000000000001,0.08,2.24
-0.0001123,0.076,2.24
-0.0001122,0.084,2.24
-0.0001121,0.088,2.24
-0.000112,0.084,2.24
-0.00011190000000000001,0.092,2.16
-0.00011180000000000001,0.088,2.16
-0.0001117,0.084,2.08
-0.0001116,0.092,2.16
-0.0001115,0.084,2.08
-0.0001114,0.096,2.16
-0.00011130000000000001,0.096,2.0
-0.0001112,0.1,2.08
-0.0001111,0.1,2.0
-0.000111,0.108,2.0
-0.0001109,0.10400000000000001,1.92
-0.00011080000000000001,0.10400000000000001,2.0
-0.00011070000000000001,0.112,1.92
-0.0001106,0.108,2.0
-0.0001105,0.108,1.84
-0.0001104,0.112,1.84
-0.0001103,0.112,1.84
-0.00011020000000000001,0.116,1.76
-0.0001101,0.108,1.76
-0.00011,0.124,1.68
-0.0001099,0.116,1.68
-0.0001098,0.12,1.68
-0.00010970000000000001,0.116,1.6
-0.00010960000000000001,0.124,1.6
-0.0001095,0.124,1.68
-0.0001094,0.132,1.6
-0.0001093,0.132,1.52
-0.0001092,0.128,1.6
-0.0001091,0.132,1.52
-0.000109,0.136,1.52
-0.0001089,0.136,1.44
-0.0001088,0.136,1.36
-0.0001087,0.136,1.36
-0.00010860000000000001,0.136,1.36
-0.00010850000000000001,0.132,1.36
-0.0001084,0.136,1.2
-0.0001083,0.132,1.28
-0.0001082,0.14,1.2
-0.0001081,0.136,1.12
-0.000108,0.14,1.2
-0.00010790000000000001,0.14,1.04
-0.0001078,0.148,1.04
-0.0001077,0.14400000000000002,1.12
-0.0001076,0.14400000000000002,1.04
-0.00010750000000000001,0.148,0.88
-0.00010740000000000001,0.14400000000000002,0.96
-0.0001073,0.14400000000000002,0.88
-0.0001072,0.148,0.8
-0.0001071,0.148,0.72
-0.000107,0.148,0.72
-0.0001069,0.148,0.72
-0.00010680000000000001,0.152,0.72
-0.0001067,0.152,0.72
-0.0001066,0.152,0.64
-0.0001065,0.16,0.64
-0.00010640000000000001,0.152,0.56
-0.00010630000000000001,0.156,0.56
-0.0001062,0.148,0.48
-0.0001061,0.156,0.4
-0.000106,0.14400000000000002,0.4
-0.0001059,0.14,0.4
-0.0001058,0.152,0.32
-0.00010570000000000001,0.156,0.32
-0.0001056,0.152,0.24
-0.0001055,0.156,0.24
-0.0001054,0.152,0.16
-0.00010530000000000001,0.152,0.16
-0.00010520000000000001,0.148,0.16
-0.00010510000000000001,0.152,0.08
-0.000105,0.14,0.0
-0.0001049,0.148,0.0
-0.0001048,0.14400000000000002,-0.08
-0.0001047,0.156,0.0
-0.00010460000000000001,0.148,-0.08
-0.0001045,0.152,-0.16
-0.0001044,0.152,-0.24
-0.0001043,0.148,-0.24
-0.00010420000000000001,0.148,-0.32
-0.00010410000000000001,0.148,-0.24
-0.00010400000000000001,0.14400000000000002,-0.4
-0.0001039,0.14400000000000002,-0.4
-0.0001038,0.14,-0.4
-0.0001037,0.148,-0.48
-0.0001036,0.14,-0.56
-0.00010350000000000001,0.148,-0.56
-0.0001034,0.136,-0.48
-0.0001033,0.148,-0.48
-0.0001032,0.136,-0.56
-0.0001031,0.148,-0.64
-0.00010300000000000001,0.136,-0.72
-0.00010290000000000001,0.14,-0.8
-0.0001028,0.14,-0.8
-0.0001027,0.136,-0.8
-0.0001026,0.132,-0.8
-0.0001025,0.136,-0.88
-0.0001024,0.136,-0.96
-0.0001023,0.136,-1.04
-0.0001022,0.136,-0.96
-0.0001021,0.132,-1.04
-0.000102,0.132,-1.12
-0.00010190000000000001,0.136,-1.04
-0.00010180000000000001,0.128,-1.12
-0.0001017,0.12,-1.2
-0.0001016,0.116,-1.2
-0.0001015,0.124,-1.2
-0.0001014,0.12,-1.36
-0.0001013,0.124,-1.36
-0.00010120000000000001,0.124,-1.36
-0.0001011,0.116,-1.28
-0.000101,0.12,-1.44
-0.0001009,0.116,-1.44
-0.00010080000000000001,0.112,-1.36
-0.00010070000000000001,0.116,-1.52
-0.0001006,0.112,-1.44
-0.0001005,0.108,-1.68
-0.0001004,0.112,-1.6
-0.0001003,0.108,-1.68
-0.0001002,0.10400000000000001,-1.6
-0.00010010000000000001,0.1,-1.68
-0.0001,0.108,-1.76
-9.99e-05,0.1,-1.76
-9.98e-05,0.10400000000000001,-1.84
-9.970000000000001e-05,0.092,-1.76
-9.960000000000001e-05,0.096,-1.92
-9.95e-05,0.1,-1.84
-9.94e-05,0.092,-1.84
-9.93e-05,0.092,-2.0
-9.92e-05,0.084,-1.92
-9.91e-05,0.088,-2.0
-9.900000000000001e-05,0.084,-1.92
-9.89e-05,0.084,-2.08
-9.88e-05,0.08,-2.0
-9.87e-05,0.084,-2.08
-9.860000000000001e-05,0.084,-2.0
-9.850000000000001e-05,0.076,-2.16
-9.84e-05,0.076,-2.08
-9.83e-05,0.076,-2.16
-9.82e-05,0.07200000000000001,-2.16
-9.81e-05,0.07200000000000001,-2.16
-9.8e-05,0.064,-2.08
-9.790000000000001e-05,0.064,-2.24
-9.78e-05,0.064,-2.24
-9.77e-05,0.06,-2.24
-9.76e-05,0.052000000000000005,-2.24
-9.750000000000001e-05,0.056,-2.32
-9.740000000000001e-05,0.052000000000000005,-2.32
-9.730000000000001e-05,0.048,-2.32
-9.72e-05,0.048,-2.4
-9.71e-05,0.044,-2.32
-9.7e-05,0.04,-2.48
-9.69e-05,0.044,-2.48
-9.680000000000001e-05,0.036000000000000004,-2.4
-9.67e-05,0.048,-2.48
-9.66e-05,0.036000000000000004,-2.4
-9.65e-05,0.036000000000000004,-2.32
-9.640000000000001e-05,0.028,-2.4
-9.630000000000001e-05,0.028,-2.4
-9.620000000000001e-05,0.024,-2.4
-9.61e-05,0.024,-2.48
-9.6e-05,0.016,-2.4
-9.59e-05,0.02,-2.4
-9.58e-05,0.02,-2.56
-9.570000000000001e-05,0.012,-2.48
-9.56e-05,0.012,-2.56
-9.55e-05,0.016,-2.56
-9.54e-05,0.008,-2.48
-9.53e-05,0.012,-2.48
-9.520000000000001e-05,0.0,-2.56
-9.510000000000001e-05,0.004,-2.56
-9.5e-05,-0.004,-2.48
-9.49e-05,-0.008,-2.48
-9.48e-05,-0.012,-2.56
-9.47e-05,-0.004,-2.56
-9.46e-05,-0.008,-2.64
-9.45e-05,-0.012,-2.48
-9.44e-05,-0.016,-2.56
-9.43e-05,-0.02,-2.56
-9.420000000000001e-05,-0.016,-2.4
-9.410000000000001e-05,-0.024,-2.48
-9.400000000000001e-05,-0.024,-2.56
-9.39e-05,-0.024,-2.56
-9.38e-05,-0.032,-2.56
-9.37e-05,-0.032,-2.56
-9.36e-05,-0.036000000000000004,-2.48
-9.35e-05,-0.032,-2.56
-9.340000000000001e-05,-0.036000000000000004,-2.4
-9.33e-05,-0.04,-2.48
-9.32e-05,-0.04,-2.56
-9.310000000000001e-05,-0.048,-2.48
-9.300000000000001e-05,-0.044,-2.4
-9.290000000000001e-05,-0.052000000000000005,-2.48
-9.28e-05,-0.048,-2.56
-9.27e-05,-0.052000000000000005,-2.4
-9.26e-05,-0.06,-2.48
-9.25e-05,-0.06,-2.48
-9.24e-05,-0.06,-2.4
-9.230000000000001e-05,-0.064,-2.4
-9.22e-05,-0.056,-2.48
-9.21e-05,-0.068,-2.32
-9.200000000000001e-05,-0.06,-2.32
-9.190000000000001e-05,-0.07200000000000001,-2.4
-9.180000000000001e-05,-0.068,-2.32
-9.17e-05,-0.08,-2.24
-9.16e-05,-0.076,-2.4
-9.15e-05,-0.084,-2.24
-9.14e-05,-0.084,-2.32
-9.13e-05,-0.088,-2.16
-9.12e-05,-0.084,-2.24
-9.11e-05,-0.088,-2.24
-9.1e-05,-0.092,-2.16
-9.090000000000001e-05,-0.092,-2.08
-9.080000000000001e-05,-0.092,-2.08
-9.070000000000001e-05,-0.092,-2.16
-9.06e-05,-0.092,-2.16
-9.05e-05,-0.1,-2.08
-9.04e-05,-0.096,-2.0
-9.03e-05,-0.10400000000000001,-2.0
-9.02e-05,-0.10400000000000001,-2.08
-9.01e-05,-0.10400000000000001,-2.0
-9e-05,-0.1,-1.92
-8.99e-05,-0.108,-1.84
-8.98e-05,-0.1,-1.84
-8.970000000000001e-05,-0.108,-1.92
-8.960000000000001e-05,-0.112,-1.92
-8.950000000000001e-05,-0.112,-1.84
-8.94e-05,-0.116,-1.84
-8.93e-05,-0.112,-1.76
-8.92e-05,-0.116,-1.76
-8.91e-05,-0.116,-1.68
-8.9e-05,-0.112,-1.6
-8.89e-05,-0.112,-1.6
-8.88e-05,-0.116,-1.6
-8.87e-05,-0.124,-1.52
-8.860000000000001e-05,-0.116,-1.6
-8.850000000000001e-05,-0.124,-1.52
-8.840000000000001e-05,-0.128,-1.52
-8.83e-05,-0.124,-1.52
-8.82e-05,-0.128,-1.44
-8.81e-05,-0.128,-1.44
-8.8e-05,-0.136,-1.44
-8.79e-05,-0.128,-1.28
-8.78e-05,-0.132,-1.2
-8.77e-05,-0.128,-1.28
-8.76e-05,-0.132,-1.28
-8.750000000000001e-05,-0.132,-1.2
-8.740000000000001e-05,-0.136,-1.2
-8.730000000000001e-05,-0.136,-1.2
-8.72e-05,-0.136,-1.2
-8.71e-05,-0.14,-1.12
-8.7e-05,-0.14400000000000002,-1.12
-8.69e-05,-0.14,-1.12
-8.68e-05,-0.148,-1.04
-8.67e-05,-0.136,-0.88
-8.66e-05,-0.14,-0.88
-8.65e-05,-0.14400000000000002,-0.88
-8.640000000000001e-05,-0.148,-0.8
-8.630000000000001e-05,-0.14400000000000002,-0.8
-8.620000000000001e-05,-0.14400000000000002,-0.64
-8.61e-05,-0.14400000000000002,-0.8
-8.6e-05,-0.148,-0.72
-8.59e-05,-0.14,-0.64
-8.58e-05,-0.152,-0.56
-8.57e-05,-0.148,-0.72
-8.560000000000001e-05,-0.152,-0.56
-8.55e-05,-0.14,-0.56
-8.54e-05,-0.148,-0.48
-8.530000000000001e-05,-0.14400000000000002,-0.48
-8.520000000000001e-05,-0.152,-0.4
-8.510000000000001e-05,-0.148,-0.32
-8.5e-05,-0.152,-0.32
-8.49e-05,-0.152,-0.24
-8.48e-05,-0.152,-0.24
-8.47e-05,-0.148,-0.32
-8.46e-05,-0.148,-0.16
-8.450000000000001e-05,-0.152,-0.08
-8.44e-05,-0.152,-0.08
-8.43e-05,-0.164,-0.08
-8.420000000000001e-05,-0.152,0.0
-8.410000000000001e-05,-0.152,-0.08
-8.400000000000001e-05,-0.148,0.0
-8.39e-05,-0.156,0.08
-8.38e-05,-0.152,0.16
-8.37e-05,-0.148,0.24
-8.36e-05,-0.14400000000000002,0.24
-8.35e-05,-0.148,0.32
-8.340000000000001e-05,-0.152,0.24
-8.33e-05,-0.152,0.32
-8.32e-05,-0.14,0.32
-8.310000000000001e-05,-0.148,0.32
-8.300000000000001e-05,-0.14,0.4
-8.290000000000001e-05,-0.148,0.48
-8.280000000000001e-05,-0.14400000000000002,0.4
-8.27e-05,-0.14400000000000002,0.48
-8.26e-05,-0.14,0.64
-8.25e-05,-0.14400000000000002,0.64
-8.24e-05,-0.14,0.56
-8.23e-05,-0.14,0.64
-8.22e-05,-0.136,0.72
-8.21e-05,-0.14,0.72
-8.200000000000001e-05,-0.136,0.8
-8.190000000000001e-05,-0.14400000000000002,0.8
-8.180000000000001e-05,-0.132,0.88
-8.170000000000001e-05,-0.14,0.88
-8.16e-05,-0.136,0.88
-8.15e-05,-0.132,1.04
-8.14e-05,-0.132,0.96
-8.13e-05,-0.132,1.04
-8.12e-05,-0.128,1.04
-8.11e-05,-0.128,1.12
-8.1e-05,-0.128,1.12
-8.09e-05,-0.124,1.2
-8.080000000000001e-05,-0.12,1.2
-8.070000000000001e-05,-0.124,1.2
-8.060000000000001e-05,-0.132,1.28
-8.05e-05,-0.128,1.28
-8.04e-05,-0.116,1.44
-8.03e-05,-0.132,1.44
-8.02e-05,-0.124,1.36
-8.01e-05,-0.128,1.44
-8e-05,-0.10400000000000001,1.52
-7.99e-05,-0.112,1.44
-7.98e-05,-0.108,1.44
-7.970000000000001e-05,-0.108,1.52
-7.960000000000001e-05,-0.108,1.52
-7.950000000000001e-05,-0.092,1.6
-7.94e-05,-0.1,1.68
-7.93e-05,-0.096,1.76
-7.92e-05,-0.108,1.76
-7.91e-05,-0.092,1.68
-7.9e-05,-0.1,1.68
-7.890000000000001e-05,-0.088,1.84
-7.88e-05,-0.092,1.92
-7.87e-05,-0.088,1.76
-7.860000000000001e-05,-0.092,1.92
-7.850000000000001e-05,-0.088,1.84
-7.840000000000001e-05,-0.08,1.92
-7.83e-05,-0.08,2.0
-7.82e-05,-0.088,2.0
-7.81e-05,-0.08,2.0
-7.8e-05,-0.08,2.0
-7.79e-05,-0.068,2.08
-7.780000000000001e-05,-0.076,2.08
-7.77e-05,-0.076,2.08
-7.76e-05,-0.064,2.08
-7.750000000000001e-05,-0.068,2.08
-7.740000000000001e-05,-0.07200000000000001,2.08
-7.730000000000001e-05,-0.064,2.08
-7.72e-05,-0.064,2.24
-7.71e-05,-0.056,2.24
-7.7e-05,-0.06,2.24
-7.69e-05,-0.052000000000000005,2.24
-7.68e-05,-0.06,2.32
-7.670000000000001e-05,-0.048,2.32
-7.66e-05,-0.052000000000000005,2.32
-7.65e-05,-0.048,2.32
-7.640000000000001e-05,-0.044,2.32
-7.630000000000001e-05,-0.052000000000000005,2.32
-7.620000000000001e-05,-0.044,2.32
-7.61e-05,-0.04,2.48
-7.6e-05,-0.036000000000000004,2.4
-7.59e-05,-0.04,2.4
-7.58e-05,-0.032,2.4
-7.57e-05,-0.028,2.4
-7.560000000000001e-05,-0.028,2.4
-7.55e-05,-0.024,2.48
-7.54e-05,-0.028,2.4
-7.530000000000001e-05,-0.024,2.48
-7.520000000000001e-05,-0.02,2.48
-7.510000000000001e-05,-0.016,2.48
-7.500000000000001e-05,-0.016,2.48
-7.49e-05,-0.016,2.48
-7.48e-05,-0.008,2.48
-7.47e-05,-0.012,2.56
-7.46e-05,-0.008,2.56
-7.45e-05,-0.008,2.4
-7.44e-05,-0.004,2.56
-7.43e-05,0.004,2.48
-7.420000000000001e-05,0.004,2.48
-7.410000000000001e-05,0.004,2.56
-7.400000000000001e-05,0.012,2.48
-7.390000000000001e-05,0.016,2.56
-7.38e-05,0.008,2.56
-7.37e-05,0.008,2.48
-7.36e-05,0.02,2.56
-7.35e-05,0.016,2.64
-7.34e-05,0.028,2.56
-7.33e-05,0.02,2.56
-7.32e-05,0.024,2.56
-7.310000000000002e-05,0.028,2.56
-7.300000000000001e-05,0.036000000000000004,2.48
-7.290000000000001e-05,0.02,2.56
-7.280000000000001e-05,0.032,2.56
-7.27e-05,0.036000000000000004,2.48
-7.26e-05,0.032,2.48
-7.25e-05,0.036000000000000004,2.56
-7.24e-05,0.04,2.48
-7.23e-05,0.044,2.48
-7.22e-05,0.052000000000000005,2.48
-7.21e-05,0.04,2.4
-7.2e-05,0.052000000000000005,2.48
-7.190000000000001e-05,0.048,2.4
-7.180000000000001e-05,0.056,2.4
-7.170000000000001e-05,0.044,2.4
-7.16e-05,0.06,2.4
-7.15e-05,0.056,2.32
-7.14e-05,0.056,2.4
-7.13e-05,0.068,2.4
-7.12e-05,0.068,2.32
-7.110000000000001e-05,0.068,2.48
-7.1e-05,0.076,2.32
-7.09e-05,0.08,2.32
-7.080000000000001e-05,0.084,2.32
-7.070000000000001e-05,0.076,2.32
-7.060000000000001e-05,0.08,2.16
-7.05e-05,0.07200000000000001,2.16
-7.04e-05,0.08,2.32
-7.03e-05,0.08,2.16
-7.02e-05,0.084,2.16
-7.01e-05,0.092,2.16
-7.000000000000001e-05,0.096,2.16
-6.99e-05,0.1,2.08
-6.98e-05,0.096,2.08
-6.970000000000001e-05,0.1,2.08
-6.960000000000001e-05,0.096,2.08
-6.950000000000001e-05,0.10400000000000001,2.0
-6.94e-05,0.1,2.0
-6.93e-05,0.10400000000000001,2.08
-6.92e-05,0.10400000000000001,2.0
-6.91e-05,0.112,2.0
-6.9e-05,0.108,1.84
-6.890000000000001e-05,0.108,1.92
-6.88e-05,0.112,1.92
-6.87e-05,0.12,1.84
-6.860000000000001e-05,0.116,1.76
-6.850000000000001e-05,0.116,1.76
-6.840000000000001e-05,0.116,1.84
-6.83e-05,0.124,1.68
-6.82e-05,0.12,1.76
-6.81e-05,0.124,1.68
-6.8e-05,0.12,1.68
-6.79e-05,0.128,1.6
-6.780000000000001e-05,0.124,1.6
-6.77e-05,0.132,1.6
-6.76e-05,0.132,1.52
-6.750000000000001e-05,0.136,1.52
-6.740000000000001e-05,0.128,1.44
-6.730000000000001e-05,0.136,1.44
-6.720000000000001e-05,0.132,1.52
-6.71e-05,0.14,1.44
-6.7e-05,0.128,1.44
-6.69e-05,0.132,1.28
-6.68e-05,0.132,1.28
-6.670000000000001e-05,0.14400000000000002,1.28
-6.66e-05,0.14,1.2
-6.65e-05,0.14400000000000002,1.2
-6.640000000000001e-05,0.14400000000000002,1.12
-6.630000000000001e-05,0.14,1.04
-6.620000000000001e-05,0.14,1.12
-6.610000000000001e-05,0.14400000000000002,1.12
-6.6e-05,0.148,1.04
-6.59e-05,0.148,0.96
-6.58e-05,0.14400000000000002,0.96
-6.57e-05,0.148,0.96
-6.56e-05,0.148,0.96
-6.55e-05,0.152,0.8
-6.54e-05,0.14,0.88
-6.530000000000002e-05,0.148,0.72
-6.520000000000001e-05,0.148,0.72
-6.510000000000001e-05,0.148,0.64
-6.500000000000001e-05,0.148,0.64
-6.49e-05,0.14400000000000002,0.64
-6.48e-05,0.152,0.56
-6.47e-05,0.152,0.56
-6.46e-05,0.152,0.48
-6.45e-05,0.152,0.56
-6.440000000000001e-05,0.16,0.4
-6.43e-05,0.14400000000000002,0.48
-6.42e-05,0.152,0.4
-6.410000000000001e-05,0.156,0.32
-6.400000000000001e-05,0.156,0.24
-6.390000000000001e-05,0.152,0.24
-6.38e-05,0.148,0.24
-6.37e-05,0.148,0.24
-6.36e-05,0.148,0.16
-6.350000000000001e-05,0.152,0.16
-6.340000000000001e-05,0.148,0.08
-6.330000000000001e-05,0.148,0.08
-6.32e-05,0.152,0.0
-6.31e-05,0.14400000000000002,-0.08
-6.3e-05,0.156,-0.08
-6.290000000000001e-05,0.148,-0.16
-6.280000000000001e-05,0.148,-0.24
-6.27e-05,0.14400000000000002,-0.16
-6.26e-05,0.148,-0.24
-6.25e-05,0.14400000000000002,-0.4
-6.24e-05,0.152,-0.32
-6.230000000000001e-05,0.14400000000000002,-0.32
-6.220000000000001e-05,0.148,-0.4
-6.21e-05,0.136,-0.32
-6.2e-05,0.156,-0.4
-6.19e-05,0.14,-0.56
-6.180000000000001e-05,0.14400000000000002,-0.56
-6.170000000000001e-05,0.14,-0.64
-6.16e-05,0.14,-0.64
-6.15e-05,0.136,-0.64
-6.14e-05,0.14,-0.64
-6.13e-05,0.14400000000000002,-0.8
-6.120000000000001e-05,0.14,-0.72
-6.110000000000001e-05,0.148,-0.72
-6.1000000000000005e-05,0.136,-0.8
-6.09e-05,0.136,-0.88
-6.08e-05,0.14,-0.88
-6.070000000000001e-05,0.132,-1.04
-6.060000000000001e-05,0.136,-1.04
-6.050000000000001e-05,0.124,-0.96
-6.0400000000000004e-05,0.128,-1.04
-6.03e-05,0.124,-1.12
-6.02e-05,0.128,-1.04
-6.010000000000001e-05,0.128,-1.12
-6.000000000000001e-05,0.124,-1.2
-5.9900000000000006e-05,0.132,-1.2
-5.9800000000000003e-05,0.124,-1.2
-5.97e-05,0.12,-1.36
-5.960000000000001e-05,0.124,-1.36
-5.950000000000001e-05,0.12,-1.28
-5.940000000000001e-05,0.116,-1.44
-5.9300000000000005e-05,0.112,-1.36
-5.92e-05,0.112,-1.44
-5.91e-05,0.116,-1.36
-5.900000000000001e-05,0.112,-1.52
-5.890000000000001e-05,0.112,-1.68
-5.8800000000000006e-05,0.112,-1.52
-5.8700000000000004e-05,0.108,-1.6
-5.86e-05,0.108,-1.68
-5.85e-05,0.108,-1.6
-5.840000000000001e-05,0.108,-1.68
-5.830000000000001e-05,0.108,-1.76
-5.8200000000000005e-05,0.096,-1.76
-5.81e-05,0.1,-1.76
-5.8e-05,0.096,-1.84
-5.790000000000001e-05,0.096,-1.84
-5.780000000000001e-05,0.092,-1.84
-5.7700000000000007e-05,0.096,-1.92
-5.7600000000000004e-05,0.096,-1.92
-5.75e-05,0.092,-2.0
-5.74e-05,0.088,-2.0
-5.730000000000001e-05,0.088,-2.0
-5.720000000000001e-05,0.084,-2.08
-5.7100000000000006e-05,0.08,-2.08
-5.7e-05,0.07200000000000001,-2.08
-5.69e-05,0.07200000000000001,-2.08
-5.680000000000001e-05,0.076,-2.08
-5.670000000000001e-05,0.07200000000000001,-2.08
-5.660000000000001e-05,0.076,-2.08
-5.6500000000000005e-05,0.07200000000000001,-2.16
-5.64e-05,0.07200000000000001,-2.16
-5.63e-05,0.064,-2.16
-5.620000000000001e-05,0.064,-2.24
-5.610000000000001e-05,0.06,-2.24
-5.6000000000000006e-05,0.064,-2.24
-5.5900000000000004e-05,0.056,-2.32
-5.58e-05,0.056,-2.32
-5.570000000000001e-05,0.056,-2.24
-5.560000000000001e-05,0.044,-2.32
-5.550000000000001e-05,0.048,-2.4
-5.5400000000000005e-05,0.04,-2.24
-5.53e-05,0.048,-2.4
-5.52e-05,0.044,-2.4
-5.510000000000001e-05,0.036000000000000004,-2.32
-5.500000000000001e-05,0.044,-2.48
-5.4900000000000006e-05,0.036000000000000004,-2.48
-5.4800000000000004e-05,0.032,-2.48
-5.47e-05,0.028,-2.56
-5.46e-05,0.028,-2.4
-5.450000000000001e-05,0.02,-2.4
-5.440000000000001e-05,0.032,-2.48
-5.4300000000000005e-05,0.02,-2.48
-5.42e-05,0.02,-2.48
-5.41e-05,0.016,-2.56
-5.400000000000001e-05,0.02,-2.56
-5.390000000000001e-05,0.008,-2.56
-5.380000000000001e-05,0.012,-2.48
-5.3700000000000004e-05,0.0,-2.4
-5.36e-05,0.004,-2.64
-5.35e-05,0.004,-2.56
-5.340000000000001e-05,0.004,-2.48
-5.330000000000001e-05,-0.004,-2.56
-5.3200000000000006e-05,0.0,-2.64
-5.31e-05,-0.008,-2.64
-5.3e-05,-0.008,-2.56
-5.290000000000001e-05,-0.012,-2.56
-5.280000000000001e-05,-0.016,-2.56
-5.270000000000001e-05,-0.012,-2.56
-5.2600000000000005e-05,-0.02,-2.56
-5.25e-05,-0.02,-2.56
-5.24e-05,-0.024,-2.48
-5.230000000000001e-05,-0.024,-2.56
-5.220000000000001e-05,-0.032,-2.56
-5.2100000000000006e-05,-0.032,-2.48
-5.2000000000000004e-05,-0.032,-2.56
-5.19e-05,-0.032,-2.56
-5.180000000000001e-05,-0.04,-2.4
-5.170000000000001e-05,-0.04,-2.48
-5.160000000000001e-05,-0.04,-2.48
-5.1500000000000005e-05,-0.044,-2.56
-5.14e-05,-0.048,-2.48
-5.13e-05,-0.044,-2.4
-5.120000000000001e-05,-0.052000000000000005,-2.4
-5.110000000000001e-05,-0.048,-2.48
-5.1000000000000006e-05,-0.056,-2.4
-5.0900000000000004e-05,-0.052000000000000005,-2.4
-5.08e-05,-0.052000000000000005,-2.48
-5.070000000000001e-05,-0.06,-2.4
-5.060000000000001e-05,-0.064,-2.32
-5.050000000000001e-05,-0.068,-2.4
-5.0400000000000005e-05,-0.064,-2.32
-5.03e-05,-0.068,-2.32
-5.02e-05,-0.07200000000000001,-2.32
-5.010000000000001e-05,-0.07200000000000001,-2.4
-5.000000000000001e-05,-0.076,-2.24
-4.990000000000001e-05,-0.07200000000000001,-2.32
-4.9800000000000004e-05,-0.076,-2.32
-4.97e-05,-0.07200000000000001,-2.32
-4.96e-05,-0.08,-2.24
-4.950000000000001e-05,-0.08,-2.24
-4.940000000000001e-05,-0.092,-2.24
-4.9300000000000006e-05,-0.088,-2.24
-4.92e-05,-0.088,-2.16
-4.91e-05,-0.092,-2.08
-4.900000000000001e-05,-0.096,-2.16
-4.890000000000001e-05,-0.096,-2.0
-4.880000000000001e-05,-0.1,-2.08
-4.8700000000000005e-05,-0.092,-2.08
-4.86e-05,-0.1,-2.0
-4.85e-05,-0.10400000000000001,-2.0
-4.840000000000001e-05,-0.10400000000000001,-2.0
-4.830000000000001e-05,-0.10400000000000001,-1.92
-4.8200000000000006e-05,-0.10400000000000001,-1.92
-4.8100000000000004e-05,-0.108,-1.92
-4.8e-05,-0.112,-1.76
-4.790000000000001e-05,-0.108,-1.84
-4.780000000000001e-05,-0.116,-1.92
-4.770000000000001e-05,-0.112,-1.76
-4.7600000000000005e-05,-0.116,-1.76
-4.75e-05,-0.112,-1.76
-4.74e-05,-0.116,-1.68
-4.730000000000001e-05,-0.12,-1.76
-4.720000000000001e-05,-0.12,-1.68
-4.7100000000000006e-05,-0.12,-1.68
-4.7000000000000004e-05,-0.124,-1.6
-4.69e-05,-0.124,-1.52
-4.680000000000001e-05,-0.12,-1.52
-4.670000000000001e-05,-0.124,-1.44
-4.660000000000001e-05,-0.124,-1.52
-4.6500000000000005e-05,-0.132,-1.52
-4.64e-05,-0.128,-1.36
-4.63e-05,-0.132,-1.44
-4.620000000000001e-05,-0.132,-1.28
-4.610000000000001e-05,-0.136,-1.36
-4.600000000000001e-05,-0.132,-1.36
-4.5900000000000004e-05,-0.14,-1.2
-4.58e-05,-0.14,-1.28
-4.57e-05,-0.14,-1.2
-4.560000000000001e-05,-0.14,-1.2
-4.550000000000001e-05,-0.14,-1.12
-4.5400000000000006e-05,-0.14400000000000002,-1.12
-4.53e-05,-0.14400000000000002,-1.04
-4.52e-05,-0.14,-1.04
-4.510000000000001e-05,-0.136,-0.96
-4.500000000000001e-05,-0.136,-0.96
-4.490000000000001e-05,-0.14400000000000002,-0.88
-4.4800000000000005e-05,-0.14400000000000002,-0.88
-4.47e-05,-0.148,-0.88
-4.46e-05,-0.152,-0.8
-4.450000000000001e-05,-0.148,-0.8
-4.440000000000001e-05,-0.14400000000000002,-0.8
-4.4300000000000006e-05,-0.14400000000000002,-0.64
-4.4200000000000004e-05,-0.14400000000000002,-0.72
-4.41e-05,-0.14400000000000002,-0.64
-4.400000000000001e-05,-0.148,-0.48
-4.390000000000001e-05,-0.148,-0.48
-4.380000000000001e-05,-0.156,-0.48
-4.3700000000000005e-05,-0.152,-0.48
-4.36e-05,-0.152,-0.4
-4.35e-05,-0.156,-0.4
-4.340000000000001e-05,-0.156,-0.32
-4.330000000000001e-05,-0.148,-0.32
-4.3200000000000007e-05,-0.152,-0.32
-4.3100000000000004e-05,-0.14400000000000002,-0.24
-4.3e-05,-0.16,-0.16
-4.290000000000001e-05,-0.148,-0.16
-4.280000000000001e-05,-0.152,-0.16
-4.270000000000001e-05,-0.148,0.0
-4.2600000000000005e-05,-0.148,-0.08
-4.25e-05,-0.156,0.0
-4.24e-05,-0.156,0.0
-4.230000000000001e-05,-0.152,0.08
-4.220000000000001e-05,-0.152,0.08
-4.210000000000001e-05,-0.148,0.16
-4.2000000000000004e-05,-0.148,0.16
-4.19e-05,-0.14400000000000002,0.24
-4.180000000000001e-05,-0.152,0.16
-4.170000000000001e-05,-0.14400000000000002,0.32
-4.160000000000001e-05,-0.156,0.32
-4.1500000000000006e-05,-0.14,0.4
-4.1400000000000003e-05,-0.152,0.4
-4.13e-05,-0.148,0.48
-4.120000000000001e-05,-0.14400000000000002,0.4
-4.110000000000001e-05,-0.14400000000000002,0.48
-4.100000000000001e-05,-0.14400000000000002,0.56
-4.0900000000000005e-05,-0.14,0.56
-4.08e-05,-0.14,0.56
-4.07e-05,-0.136,0.56
-4.060000000000001e-05,-0.148,0.72
-4.050000000000001e-05,-0.14,0.72
-4.0400000000000006e-05,-0.14,0.8
-4.0300000000000004e-05,-0.14,0.8
-4.02e-05,-0.136,0.8
-4.010000000000001e-05,-0.136,0.96
-4.000000000000001e-05,-0.132,0.88
-3.990000000000001e-05,-0.132,0.96
-3.9800000000000005e-05,-0.14,0.96
-3.97e-05,-0.124,1.04
-3.96e-05,-0.128,1.12
-3.950000000000001e-05,-0.124,1.04
-3.940000000000001e-05,-0.124,1.12
-3.9300000000000007e-05,-0.132,1.04
-3.9200000000000004e-05,-0.124,1.2
-3.91e-05,-0.128,1.28
-3.900000000000001e-05,-0.124,1.28
-3.890000000000001e-05,-0.124,1.28
-3.880000000000001e-05,-0.112,1.28
-3.8700000000000006e-05,-0.116,1.36
-3.86e-05,-0.12,1.44
-3.85e-05,-0.116,1.44
-3.840000000000001e-05,-0.112,1.44
-3.830000000000001e-05,-0.112,1.52
-3.820000000000001e-05,-0.108,1.44
-3.8100000000000005e-05,-0.108,1.52
-3.8e-05,-0.108,1.52
-3.790000000000001e-05,-0.112,1.6
-3.780000000000001e-05,-0.10400000000000001,1.6
-3.770000000000001e-05,-0.10400000000000001,1.68
-3.7600000000000006e-05,-0.1,1.68
-3.7500000000000003e-05,-0.096,1.76
-3.74e-05,-0.096,1.6
-3.730000000000001e-05,-0.092,1.68
-3.720000000000001e-05,-0.096,1.84
-3.710000000000001e-05,-0.096,1.76
-3.7000000000000005e-05,-0.092,1.84
-3.69e-05,-0.096,1.92
-3.68e-05,-0.084,1.92
-3.670000000000001e-05,-0.092,1.92
-3.660000000000001e-05,-0.084,1.92
-3.6500000000000006e-05,-0.084,2.0
-3.6400000000000004e-05,-0.07200000000000001,2.0
-3.63e-05,-0.08,2.08
-3.620000000000001e-05,-0.07200000000000001,2.0
-3.610000000000001e-05,-0.07200000000000001,2.08
-3.600000000000001e-05,-0.076,2.08
-3.5900000000000005e-05,-0.07200000000000001,2.08
-3.58e-05,-0.068,2.08
-3.57e-05,-0.076,2.08
-3.560000000000001e-05,-0.064,2.16
-3.550000000000001e-05,-0.064,2.24
-3.540000000000001e-05,-0.06,2.24
-3.5300000000000004e-05,-0.056,2.32
-3.52e-05,-0.052000000000000005,2.24
-3.510000000000001e-05,-0.056,2.24
-3.500000000000001e-05,-0.052000000000000005,2.32
-3.490000000000001e-05,-0.044,2.32
-3.4800000000000006e-05,-0.044,2.32
-3.47e-05,-0.052000000000000005,2.32
-3.46e-05,-0.052000000000000005,2.24
-3.450000000000001e-05,-0.04,2.4
-3.440000000000001e-05,-0.04,2.4
-3.430000000000001e-05,-0.032,2.4
-3.4200000000000005e-05,-0.036000000000000004,2.4
-3.41e-05,-0.032,2.48
-3.400000000000001e-05,-0.032,2.48
-3.390000000000001e-05,-0.028,2.48
-3.380000000000001e-05,-0.028,2.48
-3.3700000000000006e-05,-0.028,2.48
-3.3600000000000004e-05,-0.024,2.48
-3.35e-05,-0.016,2.48
-3.340000000000001e-05,-0.02,2.48
-3.330000000000001e-05,-0.016,2.56
-3.320000000000001e-05,-0.012,2.48
-3.3100000000000005e-05,-0.008,2.4
-3.3e-05,-0.012,2.48
-3.29e-05,-0.004,2.56
-3.280000000000001e-05,0.0,2.48
-3.270000000000001e-05,-0.004,2.48
-3.2600000000000006e-05,0.0,2.56
-3.2500000000000004e-05,0.004,2.56
-3.24e-05,0.0,2.48
-3.230000000000001e-05,0.0,2.48
-3.220000000000001e-05,0.0,2.56
-3.210000000000001e-05,0.008,2.48
-3.2000000000000005e-05,0.016,2.56
-3.19e-05,0.028,2.48
-3.18e-05,0.012,2.48
-3.170000000000001e-05,0.028,2.64
-3.160000000000001e-05,0.016,2.56
-3.150000000000001e-05,0.02,2.48
-3.1400000000000004e-05,0.024,2.56
-3.13e-05,0.032,2.48
-3.120000000000001e-05,0.032,2.48
-3.110000000000001e-05,0.028,2.48
-3.100000000000001e-05,0.032,2.48
-3.0900000000000006e-05,0.04,2.48
-3.08e-05,0.044,2.48
-3.07e-05,0.04,2.48
-3.060000000000001e-05,0.04,2.48
-3.050000000000001e-05,0.048,2.56
-3.0400000000000007e-05,0.048,2.48
-3.0300000000000005e-05,0.044,2.48
-3.0200000000000002e-05,0.056,2.48
-3.0100000000000013e-05,0.056,2.48
-3.000000000000001e-05,0.068,2.32
-2.990000000000001e-05,0.06,2.4
-2.9800000000000006e-05,0.08,2.48
-2.9700000000000004e-05,0.068,2.32
-2.96e-05,0.068,2.4
-2.9500000000000012e-05,0.052000000000000005,2.4
-2.940000000000001e-05,0.06,2.32
-2.9300000000000007e-05,0.07200000000000001,2.32
-2.9200000000000005e-05,0.056,2.32
-2.9100000000000003e-05,0.07200000000000001,2.32
-2.9e-05,0.06,2.24
-2.890000000000001e-05,0.076,2.32
-2.880000000000001e-05,0.088,2.32
-2.8700000000000006e-05,0.084,2.16
-2.8600000000000004e-05,0.096,2.24
-2.85e-05,0.088,2.24
-2.8400000000000013e-05,0.1,2.16
-2.830000000000001e-05,0.088,2.16
-2.8200000000000008e-05,0.092,2.16
-2.8100000000000005e-05,0.092,2.08
-2.8000000000000003e-05,0.10400000000000001,2.0
-2.79e-05,0.096,2.16
-2.780000000000001e-05,0.10400000000000001,2.08
-2.770000000000001e-05,0.1,2.0
-2.7600000000000007e-05,0.10400000000000001,2.0
-2.7500000000000004e-05,0.108,1.92
-2.7400000000000002e-05,0.116,2.0
-2.7300000000000013e-05,0.112,1.92
-2.720000000000001e-05,0.112,2.0
-2.7100000000000008e-05,0.108,1.92
-2.7000000000000006e-05,0.108,1.92
-2.6900000000000003e-05,0.108,1.76
-2.68e-05,0.12,1.84
-2.6700000000000012e-05,0.112,1.76
-2.660000000000001e-05,0.116,1.76
-2.6500000000000007e-05,0.116,1.68
-2.6400000000000005e-05,0.124,1.68
-2.6300000000000002e-05,0.128,1.68
-2.6200000000000013e-05,0.128,1.6
-2.610000000000001e-05,0.124,1.6
-2.600000000000001e-05,0.128,1.52
-2.5900000000000006e-05,0.132,1.52
-2.5800000000000004e-05,0.116,1.44
-2.57e-05,0.132,1.52
-2.5600000000000012e-05,0.136,1.44
-2.550000000000001e-05,0.132,1.44
-2.5400000000000008e-05,0.136,1.36
-2.5300000000000005e-05,0.132,1.36
-2.5200000000000003e-05,0.136,1.36
-2.5100000000000014e-05,0.136,1.28
-2.500000000000001e-05,0.132,1.28
-2.490000000000001e-05,0.14,1.2
-2.4800000000000007e-05,0.14,1.2
-2.4700000000000004e-05,0.14,1.12
-2.46e-05,0.136,1.12
-2.4500000000000013e-05,0.14400000000000002,1.2
-2.440000000000001e-05,0.14400000000000002,1.04
-2.4300000000000008e-05,0.148,1.04
-2.4200000000000005e-05,0.14,0.96
-2.4100000000000003e-05,0.14,1.04
-2.4e-05,0.14400000000000002,0.96
-2.3900000000000012e-05,0.148,0.88
-2.380000000000001e-05,0.14400000000000002,0.88
-2.3700000000000007e-05,0.148,0.8
-2.3600000000000004e-05,0.14400000000000002,0.72
-2.3500000000000002e-05,0.148,0.72
-2.3400000000000013e-05,0.14400000000000002,0.56
-2.330000000000001e-05,0.152,0.64
-2.3200000000000008e-05,0.152,0.64
-2.3100000000000006e-05,0.148,0.48
-2.3000000000000003e-05,0.14,0.56
-2.29e-05,0.148,0.56
-2.2800000000000012e-05,0.152,0.48
-2.270000000000001e-05,0.148,0.4
-2.2600000000000007e-05,0.148,0.4
-2.2500000000000005e-05,0.14,0.32
-2.2400000000000002e-05,0.14400000000000002,0.24
-2.2300000000000013e-05,0.14,0.24
-2.220000000000001e-05,0.152,0.24
-2.210000000000001e-05,0.148,0.24
-2.2000000000000006e-05,0.148,0.24
-2.1900000000000004e-05,0.156,0.16
-2.18e-05,0.148,0.08
-2.1700000000000012e-05,0.156,0.0
-2.160000000000001e-05,0.156,-0.08
-2.1500000000000008e-05,0.148,0.0
-2.1400000000000005e-05,0.14400000000000002,-0.08
-2.1300000000000003e-05,0.148,-0.08
-2.1200000000000014e-05,0.152,-0.16
-2.110000000000001e-05,0.148,-0.24
-2.100000000000001e-05,0.152,-0.24
-2.0900000000000007e-05,0.14,-0.16
-2.0800000000000004e-05,0.148,-0.32
-2.0700000000000002e-05,0.14400000000000002,-0.32
-2.0600000000000013e-05,0.148,-0.4
-2.050000000000001e-05,0.148,-0.48
-2.0400000000000008e-05,0.14400000000000002,-0.4
-2.0300000000000006e-05,0.14400000000000002,-0.48
-2.0200000000000003e-05,0.14400000000000002,-0.48
-2.01e-05,0.14,-0.56
-2.0000000000000012e-05,0.148,-0.64
-1.990000000000001e-05,0.136,-0.56
-1.9800000000000007e-05,0.14400000000000002,-0.56
-1.9700000000000005e-05,0.14400000000000002,-0.72
-1.9600000000000002e-05,0.148,-0.8
-1.9500000000000013e-05,0.136,-0.88
-1.940000000000001e-05,0.14,-0.8
-1.930000000000001e-05,0.14,-0.88
-1.9200000000000006e-05,0.136,-0.88
-1.9100000000000003e-05,0.132,-0.96
-1.9e-05,0.132,-0.88
-1.8900000000000012e-05,0.14,-0.96
-1.880000000000001e-05,0.132,-1.12
-1.8700000000000007e-05,0.132,-1.12
-1.8600000000000005e-05,0.136,-1.04
-1.8500000000000002e-05,0.132,-1.12
-1.8400000000000014e-05,0.136,-1.12
-1.830000000000001e-05,0.124,-1.2
-1.820000000000001e-05,0.124,-1.2
-1.8100000000000006e-05,0.124,-1.28
-1.8000000000000004e-05,0.128,-1.28
-1.79e-05,0.12,-1.28
-1.7800000000000013e-05,0.12,-1.36
-1.770000000000001e-05,0.12,-1.28
-1.7600000000000008e-05,0.124,-1.44
-1.7500000000000005e-05,0.116,-1.44
-1.7400000000000003e-05,0.12,-1.44
-1.7300000000000014e-05,0.108,-1.52
-1.720000000000001e-05,0.116,-1.52
-1.710000000000001e-05,0.112,-1.52
-1.7000000000000007e-05,0.108,-1.6
-1.6900000000000004e-05,0.10400000000000001,-1.68
-1.6800000000000002e-05,0.10400000000000001,-1.68
-1.6700000000000013e-05,0.10400000000000001,-1.68
-1.660000000000001e-05,0.10400000000000001,-1.76
-1.6500000000000008e-05,0.1,-1.76
-1.6400000000000006e-05,0.10400000000000001,-1.76
-1.6300000000000003e-05,0.1,-1.84
-1.6200000000000014e-05,0.096,-1.76
-1.6100000000000012e-05,0.096,-1.84
-1.600000000000001e-05,0.092,-1.92
-1.5900000000000007e-05,0.092,-2.0
-1.5800000000000005e-05,0.076,-1.92
-1.5700000000000002e-05,0.084,-2.0
-1.5600000000000013e-05,0.088,-2.08
-1.550000000000001e-05,0.084,-1.92
-1.540000000000001e-05,0.08,-2.08
-1.5300000000000006e-05,0.08,-2.08
-1.5200000000000004e-05,0.07200000000000001,-2.08
-1.5100000000000001e-05,0.076,-2.16
-1.5000000000000012e-05,0.068,-2.08
-1.490000000000001e-05,0.07200000000000001,-2.16
-1.4800000000000007e-05,0.07200000000000001,-2.08
-1.4700000000000005e-05,0.068,-2.32
-1.4600000000000003e-05,0.06,-2.24
-1.4500000000000014e-05,0.06,-2.24
-1.4400000000000011e-05,0.06,-2.16
-1.4300000000000009e-05,0.06,-2.24
-1.4200000000000006e-05,0.056,-2.16
-1.4100000000000004e-05,0.056,-2.16
-1.4000000000000001e-05,0.048,-2.32
-1.3900000000000013e-05,0.048,-2.32
-1.380000000000001e-05,0.048,-2.32
-1.3700000000000008e-05,0.044,-2.32
-1.3600000000000005e-05,0.04,-2.4
-1.3500000000000003e-05,0.04,-2.4
-1.3400000000000014e-05,0.032,-2.4
-1.3300000000000012e-05,0.04,-2.4
-1.3200000000000009e-05,0.032,-2.4
-1.3100000000000007e-05,0.032,-2.4
-1.3000000000000004e-05,0.028,-2.4
-1.2900000000000002e-05,0.032,-2.4
-1.2800000000000013e-05,0.032,-2.4
-1.270000000000001e-05,0.02,-2.48
-1.2600000000000008e-05,0.02,-2.48
-1.2500000000000006e-05,0.012,-2.56
-1.2400000000000003e-05,0.008,-2.48
-1.2300000000000014e-05,0.012,-2.48
-1.2200000000000012e-05,0.008,-2.48
-1.210000000000001e-05,0.008,-2.48
-1.2000000000000007e-05,0.004,-2.48
-1.1900000000000005e-05,0.004,-2.56
-1.1800000000000002e-05,0.0,-2.56
-1.1700000000000013e-05,0.0,-2.4
-1.1600000000000011e-05,0.0,-2.48
-1.1500000000000008e-05,-0.004,-2.48
-1.1400000000000006e-05,-0.008,-2.56
-1.1300000000000004e-05,-0.012,-2.56
-1.1200000000000001e-05,-0.016,-2.56
-1.1100000000000012e-05,-0.012,-2.48
-1.100000000000001e-05,-0.016,-2.48
-1.0900000000000007e-05,-0.02,-2.48
-1.0800000000000005e-05,-0.02,-2.56
-1.0700000000000003e-05,-0.028,-2.48
-1.0600000000000014e-05,-0.028,-2.48
-1.0500000000000011e-05,-0.032,-2.64
-1.0400000000000009e-05,-0.024,-2.56
-1.0300000000000006e-05,-0.036000000000000004,-2.56
-1.0200000000000004e-05,-0.036000000000000004,-2.56
-1.0100000000000002e-05,-0.04,-2.48
-1.0000000000000013e-05,-0.032,-2.48
-9.90000000000001e-06,-0.048,-2.48
-9.800000000000008e-06,-0.044,-2.56
-9.700000000000005e-06,-0.048,-2.4
-9.600000000000003e-06,-0.04,-2.56
-9.500000000000014e-06,-0.048,-2.4
-9.400000000000012e-06,-0.052000000000000005,-2.48
-9.30000000000001e-06,-0.06,-2.32
-9.200000000000007e-06,-0.056,-2.4
-9.100000000000004e-06,-0.06,-2.4
-9.000000000000002e-06,-0.064,-2.4
-8.900000000000013e-06,-0.064,-2.4
-8.80000000000001e-06,-0.06,-2.4
-8.700000000000008e-06,-0.068,-2.4
-8.600000000000006e-06,-0.064,-2.4
-8.500000000000003e-06,-0.07200000000000001,-2.32
-8.400000000000014e-06,-0.064,-2.32
-8.300000000000012e-06,-0.07200000000000001,-2.32
-8.20000000000001e-06,-0.07200000000000001,-2.32
-8.100000000000007e-06,-0.08,-2.24
-8.000000000000005e-06,-0.08,-2.32
-7.900000000000002e-06,-0.084,-2.24
-7.800000000000013e-06,-0.088,-2.16
-7.700000000000011e-06,-0.084,-2.24
-7.6000000000000085e-06,-0.088,-2.16
-7.500000000000006e-06,-0.092,-2.16
-7.400000000000004e-06,-0.088,-2.16
-7.300000000000001e-06,-0.092,-2.08
-7.200000000000012e-06,-0.096,-2.08
-7.10000000000001e-06,-0.092,-2.08
-7.0000000000000075e-06,-0.096,-2.0
-6.900000000000005e-06,-0.1,-2.16
-6.800000000000003e-06,-0.1,-1.92
-6.700000000000014e-06,-0.1,-1.92
-6.600000000000011e-06,-0.10400000000000001,-2.0
-6.500000000000009e-06,-0.1,-1.92
-6.4000000000000065e-06,-0.108,-1.84
-6.300000000000004e-06,-0.108,-1.84
-6.200000000000002e-06,-0.112,-1.84
-6.100000000000013e-06,-0.112,-1.76
-6.00000000000001e-06,-0.116,-1.76
-5.900000000000008e-06,-0.12,-1.76
-5.8000000000000055e-06,-0.116,-1.68
-5.700000000000003e-06,-0.12,-1.76
-5.600000000000014e-06,-0.124,-1.76
-5.500000000000012e-06,-0.116,-1.68
-5.400000000000009e-06,-0.124,-1.6
-5.300000000000007e-06,-0.12,-1.6
-5.200000000000004e-06,-0.128,-1.68
-5.100000000000002e-06,-0.12,-1.52
-5.000000000000013e-06,-0.124,-1.44
-4.900000000000011e-06,-0.128,-1.44
-4.800000000000008e-06,-0.128,-1.44
-4.700000000000006e-06,-0.128,-1.36
-4.600000000000003e-06,-0.128,-1.36
-4.5000000000000145e-06,-0.136,-1.28
-4.400000000000012e-06,-0.136,-1.2
-4.30000000000001e-06,-0.136,-1.2
-4.200000000000007e-06,-0.136,-1.2
-4.100000000000005e-06,-0.136,-1.2
-4.000000000000002e-06,-0.136,-1.2
-3.9000000000000135e-06,-0.136,-1.04
-3.800000000000011e-06,-0.14,-1.12
-3.7000000000000086e-06,-0.14400000000000002,-1.12
-3.600000000000006e-06,-0.14400000000000002,-1.04
-3.5000000000000038e-06,-0.14400000000000002,-1.04
-3.4000000000000013e-06,-0.148,-0.96
-3.3000000000000125e-06,-0.148,-0.88
-3.20000000000001e-06,-0.14400000000000002,-0.88
-3.1000000000000076e-06,-0.14,-0.88
-3.000000000000005e-06,-0.148,-0.8
-2.9000000000000163e-06,-0.152,-0.8
-2.800000000000014e-06,-0.14400000000000002,-0.72
-2.7000000000000114e-06,-0.148,-0.72
-2.600000000000009e-06,-0.14400000000000002,-0.72
-2.5000000000000066e-06,-0.148,-0.8
-2.400000000000004e-06,-0.152,-0.56
-2.3000000000000017e-06,-0.152,-0.56
-2.1999999999999993e-06,-0.148,-0.56
-2.099999999999997e-06,-0.152,-0.48
-2.0000000000000215e-06,-0.148,-0.4
-1.900000000000019e-06,-0.148,-0.48
-1.8000000000000166e-06,-0.148,-0.32
-1.7000000000000142e-06,-0.152,-0.4
-1.6000000000000118e-06,-0.14,-0.4
-1.5000000000000094e-06,-0.156,-0.32
-1.400000000000007e-06,-0.14400000000000002,-0.24
-1.3000000000000045e-06,-0.152,-0.24
-1.200000000000002e-06,-0.156,-0.08
-1.0999999999999996e-06,-0.152,-0.08
-9.999999999999972e-07,-0.152,-0.08
-8.999999999999948e-07,-0.148,-0.08
-8.000000000000194e-07,-0.148,0.0
-7.00000000000017e-07,-0.14400000000000002,0.0
-6.000000000000146e-07,-0.14400000000000002,0.08
-5.000000000000122e-07,-0.148,0.08
-4.000000000000097e-07,-0.148,0.16
-3.000000000000073e-07,-0.152,0.24
-2.0000000000000486e-07,-0.14,0.24
-1.0000000000000243e-07,-0.148,0.24
0.0,-0.148,0.32
1.0000000000000243e-07,-0.148,0.32
2.0000000000000486e-07,-0.148,0.32
2.999999999999802e-07,-0.14400000000000002,0.4
3.999999999999826e-07,-0.14400000000000002,0.4
4.99999999999985e-07,-0.14,0.48
5.999999999999875e-07,-0.14,0.56
6.999999999999899e-07,-0.148,0.56
7.999999999999923e-07,-0.136,0.48
8.999999999999948e-07,-0.14,0.64
9.999999999999972e-07,-0.136,0.64
1.0999999999999996e-06,-0.14400000000000002,0.64
1.200000000000002e-06,-0.14,0.8
1.3000000000000045e-06,-0.14,0.88
1.3999999999999798e-06,-0.132,0.8
1.4999999999999823e-06,-0.136,0.88
1.5999999999999847e-06,-0.136,0.96
1.6999999999999871e-06,-0.124,0.88
1.7999999999999895e-06,-0.132,0.96
1.899999999999992e-06,-0.136,0.96
1.9999999999999944e-06,-0.124,1.04
2.099999999999997e-06,-0.128,1.04
2.1999999999999993e-06,-0.128,1.04
2.3000000000000017e-06,-0.124,1.04
2.400000000000004e-06,-0.132,1.12
2.4999999999999795e-06,-0.12,1.2
2.599999999999982e-06,-0.12,1.28
2.6999999999999843e-06,-0.128,1.28
2.7999999999999867e-06,-0.116,1.2
2.899999999999989e-06,-0.116,1.28
2.9999999999999916e-06,-0.12,1.28
3.099999999999994e-06,-0.112,1.36
3.1999999999999965e-06,-0.116,1.52
3.299999999999999e-06,-0.108,1.52
3.4000000000000013e-06,-0.116,1.44
3.5000000000000038e-06,-0.108,1.6
3.599999999999979e-06,-0.112,1.52
3.6999999999999815e-06,-0.10400000000000001,1.6
3.799999999999984e-06,-0.10400000000000001,1.68
3.899999999999986e-06,-0.10400000000000001,1.6
3.999999999999989e-06,-0.096,1.76
4.099999999999991e-06,-0.10400000000000001,1.68
4.199999999999994e-06,-0.1,1.68
4.299999999999996e-06,-0.096,1.76
4.3999999999999985e-06,-0.1,1.76
4.500000000000001e-06,-0.092,1.84
4.600000000000003e-06,-0.116,1.84
4.699999999999979e-06,-0.092,1.84
4.799999999999981e-06,-0.096,1.84
4.899999999999984e-06,-0.08,1.84
4.999999999999986e-06,-0.084,1.92
5.0999999999999884e-06,-0.084,1.92
5.199999999999991e-06,-0.084,2.08
5.299999999999993e-06,-0.076,2.0
5.399999999999996e-06,-0.076,2.16
5.499999999999998e-06,-0.076,2.08
5.600000000000001e-06,-0.08,2.08
5.700000000000003e-06,-0.076,2.08
5.799999999999978e-06,-0.07200000000000001,2.0
5.899999999999981e-06,-0.064,2.16
5.999999999999983e-06,-0.068,2.16
6.099999999999986e-06,-0.06,2.24
6.199999999999988e-06,-0.06,2.16
6.2999999999999905e-06,-0.064,2.24
6.399999999999993e-06,-0.06,2.32
6.499999999999995e-06,-0.064,2.24
6.599999999999998e-06,-0.052000000000000005,2.32
6.7e-06,-0.056,2.24
6.800000000000003e-06,-0.044,2.32
6.899999999999978e-06,-0.048,2.32
6.99999999999998e-06,-0.04,2.32
7.099999999999983e-06,-0.048,2.4
7.199999999999985e-06,-0.04,2.4
7.299999999999988e-06,-0.044,2.24
7.39999999999999e-06,-0.032,2.32
7.4999999999999926e-06,-0.036000000000000004,2.4
7.599999999999995e-06,-0.028,2.32
7.699999999999997e-06,-0.032,2.32
7.8e-06,-0.028,2.4
7.900000000000002e-06,-0.032,2.56
8.000000000000005e-06,-0.012,2.48
8.09999999999998e-06,-0.024,2.4
8.199999999999982e-06,-0.016,2.48
8.299999999999985e-06,-0.016,2.48
8.399999999999987e-06,-0.004,2.4
8.49999999999999e-06,-0.012,2.48
8.599999999999992e-06,-0.004,2.56
8.699999999999995e-06,-0.008,2.48
8.799999999999997e-06,-0.012,2.48
8.9e-06,-0.004,2.48
9.000000000000002e-06,-0.008,2.48
9.100000000000004e-06,0.004,2.48
9.19999999999998e-06,0.0,2.56
9.299999999999982e-06,0.004,2.56
9.399999999999985e-06,0.008,2.56
9.499999999999987e-06,0.012,2.64
9.59999999999999e-06,0.012,2.48
9.699999999999992e-06,0.012,2.56
9.799999999999994e-06,0.024,2.48
9.899999999999997e-06,0.02,2.48
9.999999999999999e-06,0.024,2.56
1.0100000000000002e-05,0.028,2.48
1.0200000000000004e-05,0.024,2.56
1.029999999999998e-05,0.032,2.64
1.0399999999999982e-05,0.028,2.48
1.0499999999999984e-05,0.032,2.56
1.0599999999999987e-05,0.04,2.48
1.0699999999999989e-05,0.036000000000000004,2.56
1.0799999999999991e-05,0.036000000000000004,2.56
1.0899999999999994e-05,0.044,2.56
1.0999999999999996e-05,0.048,2.4
1.1099999999999999e-05,0.048,2.48
1.1200000000000001e-05,0.044,2.4
1.1300000000000004e-05,0.052000000000000005,2.4
1.1399999999999979e-05,0.048,2.48
1.1499999999999981e-05,0.06,2.48
1.1599999999999984e-05,0.06,2.4
1.1699999999999986e-05,0.064,2.48
1.1799999999999989e-05,0.064,2.4
1.1899999999999991e-05,0.064,2.4
1.1999999999999994e-05,0.07200000000000001,2.4
1.2099999999999996e-05,0.064,2.32
1.2199999999999998e-05,0.068,2.32
1.23e-05,0.07200000000000001,2.32
1.2400000000000003e-05,0.068,2.24
1.2499999999999979e-05,0.064,2.32
1.2599999999999981e-05,0.07200000000000001,2.32
1.2699999999999983e-05,0.08,2.24
1.2799999999999986e-05,0.08,2.32
1.2899999999999988e-05,0.088,2.16
1.299999999999999e-05,0.088,2.24
1.3099999999999993e-05,0.096,2.24
1.3199999999999996e-05,0.088,2.16
1.3299999999999998e-05,0.096,2.24
1.34e-05,0.092,2.16
1.3500000000000003e-05,0.096,2.08
1.3599999999999978e-05,0.096,2.0
1.369999999999998e-05,0.092,2.0
1.3799999999999983e-05,0.1,2.0
1.3899999999999986e-05,0.096,2.0
1.3999999999999988e-05,0.1,2.0
1.409999999999999e-05,0.1,2.0
1.4199999999999993e-05,0.108,1.92
1.4299999999999995e-05,0.10400000000000001,1.84
1.4399999999999998e-05,0.10400000000000001,1.84
1.45e-05,0.10400000000000001,1.84
1.4600000000000003e-05,0.116,1.84
1.4699999999999978e-05,0.112,1.76
1.479999999999998e-05,0.124,1.76
1.4899999999999983e-05,0.116,1.76
1.4999999999999985e-05,0.124,1.76
1.5099999999999988e-05,0.116,1.68
1.519999999999999e-05,0.128,1.68
1.5299999999999992e-05,0.12,1.68
1.5399999999999995e-05,0.12,1.68
1.5499999999999997e-05,0.124,1.68
1.56e-05,0.124,1.68
1.5700000000000002e-05,0.132,1.52
1.5800000000000005e-05,0.132,1.52
1.589999999999998e-05,0.132,1.52
1.5999999999999982e-05,0.136,1.52
1.6099999999999985e-05,0.128,1.44
1.6199999999999987e-05,0.136,1.36
1.629999999999999e-05,0.132,1.36
1.6399999999999992e-05,0.136,1.44
1.6499999999999994e-05,0.128,1.28
1.6599999999999997e-05,0.136,1.28
1.67e-05,0.132,1.28
1.6800000000000002e-05,0.14,1.2
1.6900000000000004e-05,0.14,1.12
1.699999999999998e-05,0.14,1.2
1.7099999999999982e-05,0.132,1.12
1.7199999999999984e-05,0.136,1.04
1.7299999999999987e-05,0.14,0.96
1.739999999999999e-05,0.14400000000000002,0.96
1.749999999999999e-05,0.152,1.04
1.7599999999999994e-05,0.148,1.04
1.7699999999999997e-05,0.14,0.8
1.78e-05,0.14,0.88
1.79e-05,0.14,0.88
1.8000000000000004e-05,0.152,0.8
1.809999999999998e-05,0.148,0.8
1.819999999999998e-05,0.148,0.72
1.8299999999999984e-05,0.14400000000000002,0.64
1.8399999999999986e-05,0.148,0.72
1.849999999999999e-05,0.152,0.56
1.859999999999999e-05,0.148,0.56
1.8699999999999994e-05,0.14,0.48
1.8799999999999996e-05,0.14,0.48
1.89e-05,0.152,0.4
1.9e-05,0.152,0.4
1.9100000000000003e-05,0.152,0.32
1.919999999999998e-05,0.148,0.32
1.929999999999998e-05,0.156,0.24
1.9399999999999984e-05,0.156,0.24
1.9499999999999986e-05,0.152,0.24
1.959999999999999e-05,0.152,0.24
1.969999999999999e-05,0.156,0.16
1.9799999999999993e-05,0.148,0.16
1.9899999999999996e-05,0.16,0.08
1.9999999999999998e-05,0.152,0.08
2.01e-05,0.148,0.0
2.0200000000000003e-05,0.14,0.08
2.029999999999998e-05,0.14400000000000002,-0.08
2.039999999999998e-05,0.14,-0.08
2.0499999999999983e-05,0.132,-0.16
2.0599999999999986e-05,0.148,-0.24
2.0699999999999988e-05,0.168,-0.24
2.079999999999999e-05,0.148,-0.32
2.0899999999999993e-05,0.16,-0.4
2.0999999999999995e-05,0.156,-0.24
2.1099999999999998e-05,0.164,-0.4
2.12e-05,0.16,-0.48
2.1300000000000003e-05,0.16,-0.48
2.1399999999999978e-05,0.152,-0.56
2.149999999999998e-05,0.148,-0.56
2.1599999999999983e-05,0.14400000000000002,-0.64
2.1699999999999985e-05,0.14,-0.56
2.1799999999999988e-05,0.14,-0.72
2.189999999999999e-05,0.14,-0.72
2.1999999999999993e-05,0.14,-0.8
2.2099999999999995e-05,0.132,-0.72
2.2199999999999998e-05,0.14,-0.8
2.23e-05,0.14,-0.8
2.2400000000000002e-05,0.14,-0.88
2.2499999999999978e-05,0.128,-0.88
2.259999999999998e-05,0.136,-0.88
2.2699999999999983e-05,0.136,-0.96
2.2799999999999985e-05,0.136,-0.88
2.2899999999999987e-05,0.132,-1.04
2.299999999999999e-05,0.124,-1.04
2.3099999999999992e-05,0.132,-1.12
2.3199999999999995e-05,0.132,-1.12
2.3299999999999997e-05,0.124,-1.12
2.34e-05,0.124,-1.28
2.3500000000000002e-05,0.124,-1.2
2.3599999999999977e-05,0.124,-1.2
2.369999999999998e-05,0.116,-1.36
2.3799999999999982e-05,0.12,-1.36
2.3899999999999985e-05,0.116,-1.36
2.3999999999999987e-05,0.12,-1.52
2.409999999999999e-05,0.116,-1.44
2.4199999999999992e-05,0.116,-1.44
2.4299999999999994e-05,0.112,-1.44
2.4399999999999997e-05,0.108,-1.52
2.45e-05,0.108,-1.6
2.46e-05,0.108,-1.52
2.4700000000000004e-05,0.10400000000000001,-1.68
2.479999999999998e-05,0.112,-1.68
2.4899999999999982e-05,0.10400000000000001,-1.76
2.4999999999999984e-05,0.108,-1.68
2.5099999999999987e-05,0.096,-1.76
2.519999999999999e-05,0.10400000000000001,-1.84
2.529999999999999e-05,0.1,-1.76
2.5399999999999994e-05,0.088,-1.76
2.5499999999999996e-05,0.096,-1.84
2.56e-05,0.088,-1.92
2.57e-05,0.088,-1.84
2.5800000000000004e-05,0.088,-1.92
2.589999999999998e-05,0.092,-1.92
2.599999999999998e-05,0.088,-2.0
2.6099999999999984e-05,0.084,-2.08
2.6199999999999986e-05,0.08,-2.08
2.629999999999999e-05,0.076,-2.0
2.639999999999999e-05,0.076,-2.08
2.6499999999999994e-05,0.07200000000000001,-2.08
2.6599999999999996e-05,0.07200000000000001,-2.16
2.67e-05,0.07200000000000001,-2.16
2.68e-05,0.08,-2.08
2.6900000000000003e-05,0.07200000000000001,-2.16
2.699999999999998e-05,0.06,-2.24
2.709999999999998e-05,0.064,-2.16
2.7199999999999984e-05,0.06,-2.32
2.7299999999999986e-05,0.06,-2.16
2.739999999999999e-05,0.064,-2.24
2.749999999999999e-05,0.056,-2.24
2.7599999999999993e-05,0.056,-2.24
2.7699999999999996e-05,0.048,-2.32
2.7799999999999998e-05,0.04,-2.32
2.79e-05,0.048,-2.24
2.8000000000000003e-05,0.048,-2.32
2.8099999999999978e-05,0.052000000000000005,-2.4
2.819999999999998e-05,0.04,-2.48
2.8299999999999983e-05,0.036000000000000004,-2.4
2.8399999999999986e-05,0.036000000000000004,-2.4
2.8499999999999988e-05,0.036000000000000004,-2.4
2.859999999999999e-05,0.028,-2.4
2.8699999999999993e-05,0.024,-2.4
2.8799999999999995e-05,0.02,-2.48
2.8899999999999998e-05,0.02,-2.48
2.9e-05,0.02,-2.4
2.9100000000000003e-05,0.02,-2.56
2.9199999999999978e-05,0.02,-2.56
2.929999999999998e-05,0.02,-2.48
2.9399999999999983e-05,0.012,-2.56
2.9499999999999985e-05,0.012,-2.64
2.9599999999999988e-05,0.008,-2.56
2.969999999999999e-05,0.008,-2.48
2.9799999999999993e-05,0.0,-2.56
2.9899999999999995e-05,0.0,-2.48
2.9999999999999997e-05,-0.004,-2.56
3.01e-05,0.0,-2.48
3.0200000000000002e-05,-0.008,-2.48
3.0299999999999978e-05,-0.004,-2.56
3.039999999999998e-05,-0.012,-2.56
3.0499999999999982e-05,-0.012,-2.56
3.0599999999999985e-05,-0.008,-2.56
3.069999999999999e-05,-0.016,-2.48
3.079999999999999e-05,-0.02,-2.56
3.089999999999999e-05,-0.024,-2.48
3.0999999999999995e-05,-0.02,-2.64
3.11e-05,-0.028,-2.64
3.12e-05,-0.028,-2.56
3.13e-05,-0.028,-2.56
3.139999999999998e-05,-0.032,-2.56
3.149999999999998e-05,-0.036000000000000004,-2.48
3.159999999999998e-05,-0.032,-2.48
3.1699999999999984e-05,-0.04,-2.48
3.179999999999999e-05,-0.044,-2.48
3.189999999999999e-05,-0.052000000000000005,-2.64
3.199999999999999e-05,-0.044,-2.56
3.2099999999999994e-05,-0.052000000000000005,-2.48
3.22e-05,-0.052000000000000005,-2.4
3.23e-05,-0.056,-2.4
3.24e-05,-0.056,-2.4
3.249999999999998e-05,-0.056,-2.4
3.259999999999998e-05,-0.052000000000000005,-2.4
3.269999999999998e-05,-0.064,-2.4
3.2799999999999984e-05,-0.056,-2.32
3.2899999999999987e-05,-0.064,-2.4
3.299999999999999e-05,-0.068,-2.4
3.309999999999999e-05,-0.068,-2.32
3.3199999999999994e-05,-0.068,-2.32
3.3299999999999996e-05,-0.07200000000000001,-2.24
3.34e-05,-0.076,-2.24
3.35e-05,-0.08,-2.24
3.3600000000000004e-05,-0.08,-2.32
3.369999999999998e-05,-0.08,-2.08
3.379999999999998e-05,-0.08,-2.24
3.3899999999999984e-05,-0.088,-2.24
3.3999999999999986e-05,-0.084,-2.16
3.409999999999999e-05,-0.088,-2.16
3.419999999999999e-05,-0.088,-2.08
3.4299999999999993e-05,-0.096,-2.08
3.4399999999999996e-05,-0.096,-2.16
3.45e-05,-0.1,-2.0
3.46e-05,-0.092,-2.08
3.47e-05,-0.1,-2.0
3.479999999999998e-05,-0.10400000000000001,-2.08
3.489999999999998e-05,-0.10400000000000001,-2.0
3.499999999999998e-05,-0.1,-2.0
3.5099999999999986e-05,-0.108,-1.92
3.519999999999999e-05,-0.10400000000000001,-1.92
3.529999999999999e-05,-0.112,-1.84
3.539999999999999e-05,-0.112,-1.76
3.5499999999999996e-05,-0.108,-1.92
3.56e-05,-0.116,-1.76
3.57e-05,-0.108,-1.68
3.58e-05,-0.12,-1.68
3.589999999999998e-05,-0.116,-1.76
3.599999999999998e-05,-0.12,-1.68
3.609999999999998e-05,-0.116,-1.68
3.6199999999999985e-05,-0.116,-1.6
3.629999999999999e-05,-0.124,-1.68
3.639999999999999e-05,-0.124,-1.6
3.649999999999999e-05,-0.124,-1.6
3.6599999999999995e-05,-0.132,-1.44
3.67e-05,-0.124,-1.52
3.68e-05,-0.132,-1.44
3.69e-05,-0.128,-1.44
3.699999999999998e-05,-0.132,-1.36
3.709999999999998e-05,-0.132,-1.28
3.719999999999998e-05,-0.136,-1.28
3.7299999999999985e-05,-0.132,-1.28
3.739999999999999e-05,-0.128,-1.2
3.749999999999999e-05,-0.14,-1.2
3.759999999999999e-05,-0.14,-1.2
3.7699999999999995e-05,-0.14,-1.2
3.78e-05,-0.14400000000000002,-1.04
3.79e-05,-0.14400000000000002,-1.12
3.8e-05,-0.14400000000000002,-1.12
3.809999999999998e-05,-0.136,-1.12
3.819999999999998e-05,-0.14,-0.96
3.829999999999998e-05,-0.14400000000000002,-0.96
3.8399999999999985e-05,-0.148,-0.88
3.849999999999999e-05,-0.14,-0.88
3.859999999999999e-05,-0.14400000000000002,-0.8
3.869999999999999e-05,-0.148,-0.88
3.8799999999999994e-05,-0.152,-0.8
3.89e-05,-0.152,-0.8
3.9e-05,-0.148,-0.64
3.91e-05,-0.148,-0.64
3.919999999999998e-05,-0.148,-0.56
3.929999999999998e-05,-0.14400000000000002,-0.56
3.939999999999998e-05,-0.148,-0.56
3.9499999999999984e-05,-0.14400000000000002,-0.48
3.959999999999999e-05,-0.148,-0.48
3.969999999999999e-05,-0.148,-0.48
3.979999999999999e-05,-0.148,-0.48
3.9899999999999994e-05,-0.148,-0.4
3.9999999999999996e-05,-0.152,-0.32
4.01e-05,-0.148,-0.32
4.02e-05,-0.152,-0.24
4.029999999999998e-05,-0.148,-0.16
4.039999999999998e-05,-0.148,-0.16
4.049999999999998e-05,-0.148,-0.08
4.0599999999999984e-05,-0.148,-0.08
4.0699999999999986e-05,-0.152,-0.16
4.079999999999999e-05,-0.14400000000000002,0.0
4.089999999999999e-05,-0.148,0.0
4.0999999999999994e-05,-0.148,0.08
4.1099999999999996e-05,-0.148,0.08
4.12e-05,-0.152,0.08
4.13e-05,-0.152,0.08
4.1399999999999976e-05,-0.14400000000000002,0.16
4.149999999999998e-05,-0.148,0.24
4.159999999999998e-05,-0.148,0.24
4.1699999999999984e-05,-0.148,0.32
4.1799999999999986e-05,-0.14,0.24
4.189999999999999e-05,-0.148,0.4
4.199999999999999e-05,-0.148,0.4
4.209999999999999e-05,-0.148,0.4
4.2199999999999996e-05,-0.14400000000000002,0.48
4.23e-05,-0.148,0.56
4.24e-05,-0.14400000000000002,0.48
4.25e-05,-0.14,0.56
4.259999999999998e-05,-0.14,0.64
4.269999999999998e-05,-0.14,0.8
4.279999999999998e-05,-0.136,0.72
4.2899999999999986e-05,-0.14,0.8
4.299999999999999e-05,-0.136,0.8
4.309999999999999e-05,-0.14400000000000002,0.8
4.319999999999999e-05,-0.136,0.8
4.3299999999999995e-05,-0.14,0.88
4.34e-05,-0.136,0.88
4.35e-05,-0.132,0.96
4.36e-05,-0.14,0.96
4.369999999999998e-05,-0.132,1.12
4.379999999999998e-05,-0.128,1.12
4.389999999999998e-05,-0.128,1.12
4.3999999999999985e-05,-0.124,1.12
4.409999999999999e-05,-0.124,1.12
4.419999999999999e-05,-0.128,1.2
4.429999999999999e-05,-0.128,1.2
4.4399999999999995e-05,-0.124,1.28
4.45e-05,-0.124,1.28
4.46e-05,-0.116,1.36
4.47e-05,-0.12,1.36
4.479999999999998e-05,-0.112,1.44
4.489999999999998e-05,-0.112,1.44
4.499999999999998e-05,-0.116,1.44
4.5099999999999985e-05,-0.112,1.52
4.519999999999999e-05,-0.112,1.6
4.529999999999999e-05,-0.112,1.6
4.539999999999999e-05,-0.108,1.6
4.5499999999999995e-05,-0.10400000000000001,1.6
4.56e-05,-0.108,1.68
4.57e-05,-0.096,1.76
4.58e-05,-0.1,1.68
4.589999999999998e-05,-0.096,1.68
4.599999999999998e-05,-0.096,1.76
4.609999999999998e-05,-0.092,1.76
4.6199999999999985e-05,-0.092,1.76
4.629999999999999e-05,-0.092,1.84
4.639999999999999e-05,-0.092,1.76
4.649999999999999e-05,-0.088,1.92
4.6599999999999994e-05,-0.088,1.92
4.67e-05,-0.084,1.92
4.68e-05,-0.088,1.92
4.69e-05,-0.084,2.0
4.699999999999998e-05,-0.08,2.08
4.709999999999998e-05,-0.076,2.0
4.719999999999998e-05,-0.076,2.08
4.7299999999999984e-05,-0.07200000000000001,2.16
4.739999999999999e-05,-0.068,2.16
4.749999999999999e-05,-0.068,2.16
4.759999999999999e-05,-0.07200000000000001,2.16
4.7699999999999994e-05,-0.06,2.16
4.7799999999999996e-05,-0.068,2.24
4.79e-05,-0.056,2.32
4.8e-05,-0.056,2.24
4.8099999999999977e-05,-0.056,2.24
4.819999999999998e-05,-0.056,2.24
4.829999999999998e-05,-0.044,2.24
4.8399999999999984e-05,-0.056,2.32
4.8499999999999986e-05,-0.048,2.32
4.859999999999999e-05,-0.048,2.24
4.869999999999999e-05,-0.044,2.32
4.8799999999999994e-05,-0.04,2.32
4.8899999999999996e-05,-0.044,2.4
4.9e-05,-0.036000000000000004,2.4
4.91e-05,-0.032,2.4
4.9199999999999976e-05,-0.032,2.32
4.929999999999998e-05,-0.028,2.48
4.939999999999998e-05,-0.028,2.4
4.9499999999999983e-05,-0.024,2.48
4.9599999999999986e-05,-0.04,2.4
4.969999999999999e-05,-0.028,2.4
4.979999999999999e-05,-0.024,2.4
4.989999999999999e-05,-0.02,2.56
4.9999999999999996e-05,-0.02,2.48
5.01e-05,-0.012,2.48
5.02e-05,-0.012,2.48
5.03e-05,-0.012,2.48
5.039999999999998e-05,-0.004,2.56
5.049999999999998e-05,-0.004,2.56
5.059999999999998e-05,0.0,2.56
5.0699999999999986e-05,0.0,2.48
5.079999999999999e-05,0.0,2.56
5.089999999999999e-05,0.0,2.48
5.099999999999999e-05,0.004,2.56
5.1099999999999995e-05,0.004,2.48
5.12e-05,0.004,2.48
5.13e-05,0.008,2.48
5.14e-05,0.02,2.56
5.149999999999998e-05,0.012,2.48
5.159999999999998e-05,0.02,2.56
5.169999999999998e-05,0.016,2.48
5.1799999999999985e-05,0.024,2.48
5.189999999999999e-05,0.028,2.48
5.199999999999999e-05,0.028,2.48
5.209999999999999e-05,0.028,2.48
5.2199999999999995e-05,0.028,2.56
5.23e-05,0.036000000000000004,2.56
5.24e-05,0.036000000000000004,2.48
5.25e-05,0.036000000000000004,2.48
5.259999999999998e-05,0.044,2.48
5.269999999999998e-05,0.048,2.56
5.279999999999998e-05,0.044,2.56
5.2899999999999985e-05,0.048,2.4
5.299999999999999e-05,0.052000000000000005,2.4
5.309999999999999e-05,0.052000000000000005,2.48
5.319999999999999e-05,0.056,2.4
5.3299999999999995e-05,0.052000000000000005,2.4
5.34e-05,0.056,2.48
5.35e-05,0.06,2.4
5.36e-05,0.06,2.4
5.369999999999998e-05,0.064,2.32
5.379999999999998e-05,0.076,2.4
5.389999999999998e-05,0.08,2.4
5.3999999999999984e-05,0.07200000000000001,2.32
5.409999999999999e-05,0.068,2.32
5.419999999999999e-05,0.07200000000000001,2.32
5.429999999999999e-05,0.076,2.24
5.4399999999999994e-05,0.08,2.24
5.4499999999999997e-05,0.08,2.24
5.46e-05,0.084,2.24
5.47e-05,0.092,2.24
5.479999999999998e-05,0.084,2.24
5.489999999999998e-05,0.096,2.16
5.499999999999998e-05,0.092,2.16
5.5099999999999984e-05,0.096,2.16
5.5199999999999986e-05,0.096,2.16
5.529999999999999e-05,0.096,2.08
5.539999999999999e-05,0.092,2.08
5.5499999999999994e-05,0.1,2.08
5.5599999999999996e-05,0.096,2.0
5.57e-05,0.10400000000000001,2.0
5.58e-05,0.1,1.92
5.5899999999999976e-05,0.112,1.92
5.599999999999998e-05,0.10400000000000001,1.92
5.609999999999998e-05,0.112,1.92
5.6199999999999984e-05,0.112,1.92
5.6299999999999986e-05,0.116,1.84
5.639999999999999e-05,0.112,1.84
5.649999999999999e-05,0.112,1.76
5.6599999999999993e-05,0.116,1.76
5.6699999999999996e-05,0.116,1.68
5.68e-05,0.112,1.6
5.69e-05,0.116,1.68
5.6999999999999976e-05,0.124,1.68
5.709999999999998e-05,0.128,1.68
5.719999999999998e-05,0.128,1.52
5.729999999999998e-05,0.124,1.52
5.7399999999999986e-05,0.128,1.52
5.749999999999999e-05,0.132,1.44
5.759999999999999e-05,0.132,1.52
5.769999999999999e-05,0.132,1.44
5.7799999999999995e-05,0.128,1.36
5.79e-05,0.132,1.36
5.8e-05,0.14,1.36
5.8099999999999976e-05,0.14,1.2
5.819999999999998e-05,0.14,1.28
5.829999999999998e-05,0.136,1.36
5.839999999999998e-05,0.136,1.28
5.8499999999999985e-05,0.132,1.12
5.859999999999999e-05,0.14400000000000002,1.12
5.869999999999999e-05,0.14,1.12
5.879999999999999e-05,0.14400000000000002,1.04
5.8899999999999995e-05,0.136,1.12
5.9e-05,0.136,1.04
5.91e-05,0.14,0.96
5.92e-05,0.148,0.96
5.929999999999998e-05,0.14,0.88
5.939999999999998e-05,0.152,0.96
5.949999999999998e-05,0.14400000000000002,0.8
5.9599999999999985e-05,0.152,0.72
5.969999999999999e-05,0.14400000000000002,0.72
5.979999999999999e-05,0.14400000000000002,0.64
5.989999999999999e-05,0.14400000000000002,0.64
5.9999999999999995e-05,0.148,0.64
6.01e-05,0.148,0.64
6.02e-05,0.152,0.56
6.03e-05,0.152,0.48
6.039999999999998e-05,0.14400000000000002,0.48
6.049999999999998e-05,0.152,0.4
6.059999999999998e-05,0.152,0.48
6.0699999999999985e-05,0.152,0.4
6.079999999999999e-05,0.156,0.4
6.089999999999999e-05,0.148,0.4
6.099999999999999e-05,0.156,0.24
6.11e-05,0.148,0.24
6.12e-05,0.152,0.16
6.13e-05,0.152,0.16
6.14e-05,0.156,0.16
6.149999999999998e-05,0.156,0.08
6.159999999999998e-05,0.152,0.08
6.169999999999998e-05,0.148,0.0
6.179999999999998e-05,0.152,0.0
6.189999999999999e-05,0.156,-0.08
6.199999999999999e-05,0.152,-0.08
6.209999999999999e-05,0.148,-0.24
6.22e-05,0.148,-0.08
6.23e-05,0.148,-0.16
6.24e-05,0.14400000000000002,-0.32
6.25e-05,0.148,-0.4
6.259999999999998e-05,0.148,-0.32
6.269999999999998e-05,0.148,-0.48
6.279999999999998e-05,0.152,-0.4
6.289999999999998e-05,0.148,-0.56
6.299999999999999e-05,0.14400000000000002,-0.48
6.309999999999999e-05,0.148,-0.56
6.319999999999999e-05,0.14400000000000002,-0.56
6.33e-05,0.14,-0.56
6.34e-05,0.14,-0.64
6.35e-05,0.14,-0.64
6.36e-05,0.14,-0.72
6.369999999999998e-05,0.148,-0.72
6.379999999999998e-05,0.14,-0.72
6.389999999999998e-05,0.14400000000000002,-0.72
6.399999999999998e-05,0.14,-0.8
6.409999999999999e-05,0.14400000000000002,-0.88
6.419999999999999e-05,0.132,-0.8
6.429999999999999e-05,0.14,-0.96
6.44e-05,0.132,-1.04
6.45e-05,0.132,-1.04
6.46e-05,0.132,-1.12
6.47e-05,0.136,-1.04
6.479999999999998e-05,0.136,-1.04
6.489999999999998e-05,0.128,-1.2
6.499999999999998e-05,0.128,-1.12
6.509999999999998e-05,0.128,-1.12
6.519999999999999e-05,0.132,-1.28
6.529999999999999e-05,0.12,-1.28
6.539999999999999e-05,0.124,-1.36
6.549999999999999e-05,0.128,-1.36
6.56e-05,0.12,-1.36
6.57e-05,0.12,-1.44
6.58e-05,0.112,-1.44
6.589999999999998e-05,0.116,-1.44
6.599999999999998e-05,0.116,-1.52
6.609999999999998e-05,0.116,-1.6
6.619999999999998e-05,0.108,-1.6
6.629999999999999e-05,0.108,-1.6
6.639999999999999e-05,0.112,-1.68
6.649999999999999e-05,0.10400000000000001,-1.68
6.659999999999999e-05,0.1,-1.6
6.67e-05,0.096,-1.76
6.68e-05,0.1,-1.84
6.69e-05,0.092,-1.76
6.7e-05,0.1,-1.68
6.709999999999998e-05,0.1,-1.76
6.719999999999998e-05,0.092,-1.76
6.729999999999998e-05,0.088,-1.92
6.739999999999998e-05,0.092,-1.84
6.749999999999999e-05,0.084,-1.84
6.759999999999999e-05,0.088,-1.84
6.769999999999999e-05,0.076,-1.92
6.78e-05,0.076,-2.0
6.79e-05,0.07200000000000001,-2.08
6.8e-05,0.084,-2.08
6.81e-05,0.076,-2.08
6.819999999999998e-05,0.068,-2.08
6.829999999999998e-05,0.068,-2.16
6.839999999999998e-05,0.07200000000000001,-2.16
6.849999999999998e-05,0.07200000000000001,-2.16
6.859999999999999e-05,0.068,-2.16
6.869999999999999e-05,0.068,-2.32
6.879999999999999e-05,0.06,-2.16
6.89e-05,0.056,-2.24
6.9e-05,0.056,-2.32
6.91e-05,0.052000000000000005,-2.24
6.92e-05,0.056,-2.24
6.929999999999998e-05,0.052000000000000005,-2.32
6.939999999999998e-05,0.056,-2.32
6.949999999999998e-05,0.048,-2.32
6.959999999999998e-05,0.048,-2.4
6.969999999999999e-05,0.04,-2.24
6.979999999999999e-05,0.036000000000000004,-2.4
6.989999999999999e-05,0.04,-2.32
7e-05,0.032,-2.4
7.01e-05,0.036000000000000004,-2.48
7.02e-05,0.028,-2.48
7.03e-05,0.036000000000000004,-2.4
7.039999999999998e-05,0.028,-2.48
7.049999999999998e-05,0.028,-2.48
7.059999999999998e-05,0.024,-2.48
7.069999999999998e-05,0.02,-2.56
7.079999999999999e-05,0.012,-2.56
7.089999999999999e-05,0.016,-2.56
7.099999999999999e-05,0.024,-2.56
7.11e-05,0.028,-2.48
7.12e-05,0.02,-2.56
7.13e-05,0.004,-2.56
7.14e-05,0.004,-2.48
7.149999999999998e-05,0.008,-2.56
7.159999999999998e-05,-0.016,-2.56
7.169999999999998e-05,-0.004,-2.56
7.179999999999998e-05,-0.004,-2.48
7.189999999999999e-05,-0.008,-2.48
7.199999999999999e-05,-0.012,-2.48
7.209999999999999e-05,-0.02,-2.56
7.219999999999999e-05,-0.028,-2.48
7.23e-05,-0.016,-2.64
7.24e-05,-0.02,-2.56
7.25e-05,-0.016,-2.56
7.259999999999998e-05,-0.024,-2.56
7.269999999999998e-05,-0.016,-2.56
7.279999999999998e-05,-0.028,-2.56
7.289999999999998e-05,-0.024,-2.56
7.299999999999999e-05,-0.036000000000000004,-2.48
7.309999999999999e-05,-0.036000000000000004,-2.4
7.319999999999999e-05,-0.04,-2.56
7.329999999999999e-05,-0.04,-2.48
7.34e-05,-0.04,-2.48
7.35e-05,-0.044,-2.48
7.36e-05,-0.044,-2.48
7.369999999999998e-05,-0.044,-2.56
7.379999999999998e-05,-0.04,-2.48
7.389999999999998e-05,-0.052000000000000005,-2.48
7.399999999999998e-05,-0.052000000000000005,-2.48
7.409999999999999e-05,-0.052000000000000005,-2.32
7.419999999999999e-05,-0.056,-2.48
7.429999999999999e-05,-0.064,-2.32
7.439999999999999e-05,-0.064,-2.48
7.45e-05,-0.068,-2.4
7.46e-05,-0.06,-2.4
7.47e-05,-0.064,-2.4
7.479999999999998e-05,-0.064,-2.32
7.489999999999998e-05,-0.07200000000000001,-2.24
7.499999999999998e-05,-0.068,-2.24
7.509999999999998e-05,-0.076,-2.32
7.519999999999998e-05,-0.07200000000000001,-2.32
7.529999999999999e-05,-0.08,-2.24
7.539999999999999e-05,-0.088,-2.16
7.549999999999999e-05,-0.088,-2.24
7.56e-05,-0.088,-2.16
7.57e-05,-0.092,-2.24
7.58e-05,-0.084,-2.16
7.59e-05,-0.096,-2.16
7.599999999999998e-05,-0.092,-2.16
7.609999999999998e-05,-0.096,-2.16
7.619999999999998e-05,-0.092,-2.08
7.629999999999998e-05,-0.1,-2.0
7.639999999999999e-05,-0.096,-2.0
7.649999999999999e-05,-0.10400000000000001,-1.92
7.659999999999999e-05,-0.10400000000000001,-2.0
7.67e-05,-0.108,-2.0
7.68e-05,-0.112,-1.92
7.69e-05,-0.112,-1.92
7.7e-05,-0.108,-1.76
7.709999999999998e-05,-0.10400000000000001,-1.84
7.719999999999998e-05,-0.112,-1.84
7.729999999999998e-05,-0.112,-1.76
7.739999999999998e-05,-0.112,-1.76
7.749999999999999e-05,-0.12,-1.76
7.759999999999999e-05,-0.116,-1.76
7.769999999999999e-05,-0.12,-1.68
7.78e-05,-0.12,-1.52
7.79e-05,-0.124,-1.68
7.8e-05,-0.124,-1.52
7.81e-05,-0.132,-1.52
7.819999999999998e-05,-0.128,-1.6
7.829999999999998e-05,-0.128,-1.52
7.839999999999998e-05,-0.132,-1.52
7.849999999999998e-05,-0.128,-1.44
7.859999999999999e-05,-0.136,-1.52
7.869999999999999e-05,-0.132,-1.44
7.879999999999999e-05,-0.14,-1.28
7.89e-05,-0.136,-1.36
7.9e-05,-0.132,-1.36
7.91e-05,-0.14,-1.36
7.92e-05,-0.132,-1.2
7.929999999999998e-05,-0.136,-1.2
7.939999999999998e-05,-0.136,-1.12
7.949999999999998e-05,-0.136,-1.12
7.959999999999998e-05,-0.14400000000000002,-0.96
7.969999999999999e-05,-0.14,-1.12
7.979999999999999e-05,-0.148,-0.88
7.989999999999999e-05,-0.14400000000000002,-0.96
7.999999999999999e-05,-0.148,-0.96
8.01e-05,-0.14,-0.88
8.02e-05,-0.14400000000000002,-0.88
8.03e-05,-0.148,-0.8
8.039999999999998e-05,-0.14400000000000002,-0.8
8.049999999999998e-05,-0.14,-0.72
8.059999999999998e-05,-0.152,-0.64
8.069999999999998e-05,-0.148,-0.72
8.079999999999999e-05,-0.148,-0.64
8.089999999999999e-05,-0.148,-0.72
8.099999999999999e-05,-0.152,-0.64
8.109999999999999e-05,-0.148,-0.56
8.12e-05,-0.148,-0.48
8.13e-05,-0.14400000000000002,-0.48
8.14e-05,-0.152,-0.48
8.149999999999998e-05,-0.148,-0.4
8.159999999999998e-05,-0.152,-0.4
8.169999999999998e-05,-0.148,-0.4
8.179999999999998e-05,-0.148,-0.24
8.189999999999998e-05,-0.152,-0.16
8.199999999999999e-05,-0.152,-0.32
8.209999999999999e-05,-0.156,-0.16
8.219999999999999e-05,-0.152,-0.16
8.23e-05,-0.152,-0.08
8.24e-05,-0.14400000000000002,0.0
8.25e-05,-0.152,0.0
8.259999999999997e-05,-0.148,0.08
8.269999999999998e-05,-0.14,0.08
8.279999999999998e-05,-0.152,0.08
8.289999999999998e-05,-0.14400000000000002,0.16
8.299999999999998e-05,-0.152,0.16
8.309999999999999e-05,-0.152,0.24
8.319999999999999e-05,-0.152,0.24
8.329999999999999e-05,-0.152,0.24
8.34e-05,-0.14400000000000002,0.32
8.35e-05,-0.14400000000000002,0.4
8.36e-05,-0.14400000000000002,0.4
8.369999999999997e-05,-0.148,0.4
8.379999999999998e-05,-0.14,0.48
8.389999999999998e-05,-0.14400000000000002,0.48
8.399999999999998e-05,-0.14,0.56
8.409999999999998e-05,-0.148,0.56
8.419999999999999e-05,-0.14,0.64
8.429999999999999e-05,-0.148,0.56
8.439999999999999e-05,-0.136,0.72
8.45e-05,-0.14,0.64
8.46e-05,-0.132,0.8
8.47e-05,-0.14,0.8
8.48e-05,-0.14,0.88
8.489999999999998e-05,-0.136,0.88
8.499999999999998e-05,-0.136,0.88
8.509999999999998e-05,-0.14,0.96
8.519999999999998e-05,-0.132,0.96
8.529999999999999e-05,-0.132,1.04
8.539999999999999e-05,-0.128,0.96
8.549999999999999e-05,-0.128,1.12
8.56e-05,-0.128,1.12
8.57e-05,-0.128,1.2
8.58e-05,-0.124,1.2
8.59e-05,-0.124,1.2
8.599999999999998e-05,-0.12,1.28
8.609999999999998e-05,-0.12,1.28
8.619999999999998e-05,-0.12,1.28
8.629999999999998e-05,-0.12,1.36
8.639999999999999e-05,-0.124,1.36
8.649999999999999e-05,-0.116,1.44
8.659999999999999e-05,-0.116,1.36
8.669999999999999e-05,-0.112,1.44
8.68e-05,-0.108,1.52
8.69e-05,-0.112,1.52
8.7e-05,-0.108,1.52
8.709999999999998e-05,-0.10400000000000001,1.52
8.719999999999998e-05,-0.108,1.68
8.729999999999998e-05,-0.10400000000000001,1.68
8.739999999999998e-05,-0.1,1.68
8.749999999999999e-05,-0.1,1.68
8.759999999999999e-05,-0.108,1.68
8.769999999999999e-05,-0.096,1.84
8.779999999999999e-05,-0.096,1.76
8.79e-05,-0.096,1.76
8.8e-05,-0.088,1.76
8.81e-05,-0.088,1.92
8.819999999999998e-05,-0.092,1.84
8.829999999999998e-05,-0.084,1.92
8.839999999999998e-05,-0.088,1.92
8.849999999999998e-05,-0.088,1.92
8.859999999999999e-05,-0.084,1.92
8.869999999999999e-05,-0.076,2.0
8.879999999999999e-05,-0.084,2.08
8.889999999999999e-05,-0.076,2.0
8.9e-05,-0.068,2.08
8.91e-05,-0.068,2.16
8.92e-05,-0.064,2.08
8.929999999999998e-05,-0.06,2.24
8.939999999999998e-05,-0.064,2.16
8.949999999999998e-05,-0.06,2.16
8.959999999999998e-05,-0.068,2.16
8.969999999999998e-05,-0.052000000000000005,2.24
8.979999999999999e-05,-0.056,2.24
8.989999999999999e-05,-0.056,2.24
8.999999999999999e-05,-0.056,2.24
9.01e-05,-0.048,2.24
9.02e-05,-0.048,2.32
9.03e-05,-0.044,2.4
9.039999999999997e-05,-0.044,2.32
9.049999999999998e-05,-0.04,2.4
9.059999999999998e-05,-0.04,2.4
9.069999999999998e-05,-0.04,2.32
9.079999999999998e-05,-0.036000000000000004,2.32
9.089999999999999e-05,-0.032,2.32
9.099999999999999e-05,-0.032,2.4
9.109999999999999e-05,-0.024,2.48
9.12e-05,-0.028,2.48
9.13e-05,-0.024,2.4
9.14e-05,-0.016,2.4
9.149999999999997e-05,-0.02,2.48
9.159999999999998e-05,-0.016,2.4
9.169999999999998e-05,-0.012,2.48
9.179999999999998e-05,-0.016,2.48
9.189999999999998e-05,-0.012,2.56
9.199999999999999e-05,-0.008,2.4
9.209999999999999e-05,-0.008,2.56
9.219999999999999e-05,-0.004,2.56
9.23e-05,0.0,2.56
9.24e-05,0.004,2.48
9.25e-05,0.012,2.48
9.259999999999997e-05,0.008,2.56
9.269999999999998e-05,0.012,2.48
9.279999999999998e-05,0.008,2.56
9.289999999999998e-05,0.016,2.56
9.299999999999998e-05,0.016,2.48
9.309999999999999e-05,0.016,2.48
9.319999999999999e-05,0.016,2.56
9.329999999999999e-05,0.012,2.56
9.34e-05,0.032,2.48
9.35e-05,0.032,2.56
9.36e-05,0.036000000000000004,2.56
9.37e-05,0.032,2.56
9.379999999999998e-05,0.032,2.48
9.389999999999998e-05,0.036000000000000004,2.56
9.399999999999998e-05,0.032,2.48
9.409999999999998e-05,0.032,2.48
9.419999999999999e-05,0.048,2.4
9.429999999999999e-05,0.04,2.48
9.439999999999999e-05,0.048,2.48
9.449999999999999e-05,0.044,2.56
9.46e-05,0.056,2.48
9.47e-05,0.052000000000000005,2.56
9.48e-05,0.052000000000000005,2.48
9.489999999999998e-05,0.056,2.4
9.499999999999998e-05,0.06,2.32
9.509999999999998e-05,0.056,2.4
9.519999999999998e-05,0.06,2.4
9.529999999999999e-05,0.068,2.32
9.539999999999999e-05,0.068,2.4
9.549999999999999e-05,0.068,2.32
9.559999999999999e-05,0.068,2.32
9.57e-05,0.068,2.32
9.58e-05,0.084,2.24
9.59e-05,0.08,2.32
9.599999999999998e-05,0.076,2.24
9.609999999999998e-05,0.08,2.24
9.619999999999998e-05,0.08,2.24
9.629999999999998e-05,0.08,2.16
9.639999999999999e-05,0.08,2.16
9.649999999999999e-05,0.084,2.24
9.659999999999999e-05,0.08,2.16
9.669999999999999e-05,0.096,2.16
9.68e-05,0.092,2.08
9.69e-05,0.096,2.08
9.7e-05,0.096,2.08
9.709999999999997e-05,0.1,2.08
9.719999999999998e-05,0.10400000000000001,2.0
9.729999999999998e-05,0.108,2.08
9.739999999999998e-05,0.096,1.92
9.749999999999998e-05,0.108,1.92
9.759999999999999e-05,0.108,1.92
9.769999999999999e-05,0.112,1.84
9.779999999999999e-05,0.10400000000000001,1.92
9.79e-05,0.108,1.92
9.8e-05,0.108,1.68
9.81e-05,0.116,1.76
9.819999999999997e-05,0.12,1.76
9.829999999999998e-05,0.12,1.84
9.839999999999998e-05,0.112,1.84
9.849999999999998e-05,0.12,1.68
9.859999999999998e-05,0.12,1.68
9.869999999999999e-05,0.12,1.6
9.879999999999999e-05,0.124,1.68
9.889999999999999e-05,0.124,1.52
9.9e-05,0.124,1.52
9.91e-05,0.132,1.44
9.92e-05,0.132,1.44
9.929999999999997e-05,0.136,1.52
9.939999999999998e-05,0.128,1.44
9.949999999999998e-05,0.136,1.44
9.959999999999998e-05,0.124,1.44
9.969999999999998e-05,0.128,1.36
9.979999999999999e-05,0.132,1.36
9.989999999999999e-05,0.136,1.2
9.999999999999999e-05,0.132,1.2
0.0001001,0.14,1.2
0.0001002,0.14400000000000002,1.12
0.0001003,0.14,1.12
0.00010039999999999997,0.14,1.04
0.00010049999999999998,0.14400000000000002,1.04
0.00010059999999999998,0.148,1.04
0.00010069999999999998,0.14400000000000002,0.96
0.00010079999999999998,0.148,0.96
0.00010089999999999999,0.136,0.88
0.00010099999999999999,0.152,0.88
0.00010109999999999999,0.14400000000000002,0.88
0.0001012,0.14400000000000002,0.8
0.0001013,0.152,0.72
0.0001014,0.148,0.72
0.0001015,0.148,0.8
0.00010159999999999998,0.148,0.72
0.00010169999999999998,0.152,0.72
0.00010179999999999998,0.148,0.64
0.00010189999999999998,0.148,0.56
0.00010199999999999999,0.148,0.56
0.00010209999999999999,0.148,0.56
0.00010219999999999999,0.156,0.48
0.00010229999999999999,0.148,0.4
0.0001024,0.156,0.4
0.0001025,0.152,0.32
0.0001026,0.16,0.32
0.00010269999999999998,0.152,0.24
0.00010279999999999998,0.152,0.32
0.00010289999999999998,0.14400000000000002,0.24
0.00010299999999999998,0.152,0.16
0.00010309999999999999,0.14400000000000002,0.08
0.00010319999999999999,0.152,0.08
0.00010329999999999999,0.14400000000000002,0.0
0.00010339999999999999,0.152,0.0
0.0001035,0.156,0.0
0.0001036,0.152,0.0
0.0001037,0.152,-0.16
0.00010379999999999998,0.152,-0.16
0.00010389999999999998,0.152,-0.24
0.00010399999999999998,0.148,-0.32
0.00010409999999999998,0.14400000000000002,-0.32
0.00010419999999999998,0.148,-0.32
0.00010429999999999999,0.156,-0.4
0.00010439999999999999,0.148,-0.32
0.00010449999999999999,0.14400000000000002,-0.48
0.0001046,0.148,-0.32
0.0001047,0.14400000000000002,-0.48
0.0001048,0.152,-0.56
0.00010489999999999997,0.14400000000000002,-0.56
0.00010499999999999998,0.148,-0.64
0.00010509999999999998,0.148,-0.56
0.00010519999999999998,0.14,-0.72
0.00010529999999999998,0.14,-0.72
0.00010539999999999999,0.14,-0.8
0.00010549999999999999,0.14,-0.8
0.00010559999999999999,0.136,-0.88
0.0001057,0.136,-0.8
0.0001058,0.136,-0.96
0.0001059,0.14400000000000002,-1.04
0.00010599999999999997,0.136,-0.96
0.00010609999999999998,0.14,-0.96
0.00010619999999999998,0.128,-1.12
0.00010629999999999998,0.132,-1.04
0.00010639999999999998,0.128,-1.12
0.00010649999999999999,0.136,-1.2
0.00010659999999999999,0.124,-1.2
0.00010669999999999999,0.124,-1.2
0.0001068,0.12,-1.28
0.0001069,0.124,-1.28
0.000107,0.124,-1.28
0.00010709999999999997,0.124,-1.28
0.00010719999999999998,0.116,-1.28
0.00010729999999999998,0.128,-1.44
0.00010739999999999998,0.116,-1.44
0.00010749999999999998,0.116,-1.44
0.00010759999999999999,0.112,-1.52
0.00010769999999999999,0.108,-1.44
0.00010779999999999999,0.10400000000000001,-1.44
0.0001079,0.112,-1.6
0.000108,0.10400000000000001,-1.6
0.0001081,0.112,-1.68
0.00010819999999999997,0.108,-1.68
0.00010829999999999998,0.10400000000000001,-1.76
0.00010839999999999998,0.096,-1.68
0.00010849999999999998,0.096,-1.76
0.00010859999999999998,0.096,-1.84
0.00010869999999999999,0.092,-1.84
0.00010879999999999999,0.092,-1.84
0.00010889999999999999,0.092,-1.92
0.00010899999999999999,0.092,-1.92
0.0001091,0.092,-2.0
0.0001092,0.088,-2.0
0.00010929999999999997,0.088,-1.92
0.00010939999999999998,0.088,-2.0
0.00010949999999999998,0.08,-1.92
0.00010959999999999998,0.076,-2.08
0.00010969999999999998,0.076,-2.08
0.00010979999999999999,0.084,-2.08
0.00010989999999999999,0.07200000000000001,-2.16
0.00010999999999999999,0.07200000000000001,-2.24
0.00011009999999999999,0.07200000000000001,-2.0
0.0001102,0.064,-2.08
0.0001103,0.064,-2.16
0.0001104,0.068,-2.24
0.00011049999999999998,0.06,-2.24
0.00011059999999999998,0.068,-2.24
0.00011069999999999998,0.06,-2.32
0.00011079999999999998,0.06,-2.32
0.00011089999999999999,0.052000000000000005,-2.32
0.00011099999999999999,0.06,-2.24
0.00011109999999999999,0.04,-2.4
0.00011119999999999999,0.044,-2.32
0.0001113,0.04,-2.32
0.0001114,0.044,-2.32
0.0001115,0.04,-2.4
0.00011159999999999998,0.04,-2.32
0.00011169999999999998,0.036000000000000004,-2.4
0.00011179999999999998,0.032,-2.4
0.00011189999999999998,0.024,-2.4
0.00011199999999999998,0.024,-2.4
0.00011209999999999999,0.028,-2.4
0.00011219999999999999,0.024,-2.4
0.00011229999999999999,0.016,-2.48
0.0001124,0.016,-2.48
0.0001125,0.024,-2.4
0.0001126,0.016,-2.48
0.00011269999999999997,0.016,-2.4
0.00011279999999999998,0.012,-2.56
0.00011289999999999998,0.008,-2.48
0.00011299999999999998,0.0,-2.48
0.00011309999999999998,0.004,-2.56
0.00011319999999999999,0.0,-2.56
0.00011329999999999999,-0.004,-2.56
0.00011339999999999999,-0.004,-2.56
0.0001135,-0.008,-2.56
0.0001136,-0.004,-2.56
0.0001137,-0.008,-2.48
0.00011379999999999997,-0.012,-2.56
0.00011389999999999998,-0.008,-2.56
0.00011399999999999998,-0.02,-2.56
0.00011409999999999998,-0.016,-2.64
0.00011419999999999998,-0.024,-2.64
0.00011429999999999999,-0.02,-2.64
0.00011439999999999999,-0.028,-2.48
0.00011449999999999999,-0.028,-2.48
0.0001146,-0.032,-2.4
0.0001147,-0.028,-2.48
0.0001148,-0.04,-2.56
0.00011489999999999997,-0.036000000000000004,-2.4
0.00011499999999999998,-0.036000000000000004,-2.48
0.00011509999999999998,-0.044,-2.64
0.00011519999999999998,-0.044,-2.48
0.00011529999999999998,-0.048,-2.56
0.00011539999999999999,-0.052000000000000005,-2.48
0.00011549999999999999,-0.048,-2.48
0.00011559999999999999,-0.06,-2.48
0.0001157,-0.056,-2.48
0.0001158,-0.06,-2.4
0.0001159,-0.06,-2.4
0.00011599999999999997,-0.064,-2.32
0.00011609999999999998,-0.064,-2.4
0.00011619999999999998,-0.064,-2.4
0.00011629999999999998,-0.068,-2.4
0.00011639999999999998,-0.076,-2.32
0.00011649999999999999,-0.076,-2.32
0.00011659999999999999,-0.076,-2.32
0.00011669999999999999,-0.08,-2.32
0.00011679999999999999,-0.076,-2.32
0.0001169,-0.076,-2.32
0.000117,-0.084,-2.24
0.00011709999999999997,-0.084,-2.24
0.00011719999999999998,-0.084,-2.16
0.00011729999999999998,-0.088,-2.24
0.00011739999999999998,-0.088,-2.24
0.00011749999999999998,-0.096,-2.16
0.00011759999999999999,-0.096,-2.16
0.00011769999999999999,-0.1,-2.08
0.00011779999999999999,-0.1,-2.08
0.00011789999999999999,-0.10400000000000001,-2.0
0.000118,-0.096,-2.0
0.0001181,-0.1,-1.92
0.0001182,-0.1,-2.08
0.00011829999999999998,-0.1,-2.0
0.00011839999999999998,-0.10400000000000001,-1.92
0.00011849999999999998,-0.108,-2.0
0.00011859999999999998,-0.108,-1.92
0.00011869999999999998,-0.112,-1.84
0.00011879999999999999,-0.116,-1.84
0.00011889999999999999,-0.116,-1.84
0.00011899999999999999,-0.116,-1.84
0.0001191,-0.12,-1.84
0.00011919999999999997,-0.112,-1.68
0.00011929999999999997,-0.12,-1.84
0.00011939999999999997,-0.112,-1.68
0.00011949999999999998,-0.124,-1.68
0.00011959999999999998,-0.12,-1.68
0.00011969999999999998,-0.124,-1.52
0.00011979999999999998,-0.124,-1.52
0.00011989999999999999,-0.124,-1.6
0.00011999999999999999,-0.124,-1.44
0.00012009999999999999,-0.128,-1.44
0.0001202,-0.132,-1.44
0.0001203,-0.128,-1.44
0.0001204,-0.136,-1.44
0.0001205,-0.124,-1.36
0.0001206,-0.136,-1.28
0.0001207,-0.132,-1.2
0.00012080000000000001,-0.136,-1.28
0.00012090000000000001,-0.14400000000000002,-1.2
0.00012099999999999996,-0.136,-1.28
0.00012109999999999996,-0.136,-1.2
0.00012119999999999996,-0.14,-1.04
0.00012129999999999997,-0.14400000000000002,-1.04
0.00012139999999999997,-0.14400000000000002,-0.96
0.00012149999999999997,-0.14,-0.96
0.00012159999999999997,-0.136,-1.04
0.00012169999999999998,-0.14,-0.88
0.00012179999999999998,-0.152,-0.88
0.00012189999999999998,-0.156,-0.8
0.00012199999999999998,-0.14,-0.88
0.00012209999999999999,-0.152,-0.8
0.0001222,-0.148,-0.8
0.0001223,-0.152,-0.8
0.0001224,-0.14,-0.64
0.0001225,-0.132,-0.64
0.0001226,-0.14,-0.64
0.0001227,-0.14400000000000002,-0.64
0.0001228,-0.14400000000000002,-0.56
0.0001229,-0.128,-0.56
0.000123,-0.148,-0.48
0.0001231,-0.14,-0.48
0.0001232,-0.148,-0.48
0.00012329999999999996,-0.148,-0.32
0.00012339999999999996,-0.152,-0.32
0.00012349999999999997,-0.152,-0.32
0.00012359999999999997,-0.14400000000000002,-0.24
0.00012369999999999997,-0.14,-0.24
0.00012379999999999997,-0.14400000000000002,-0.24
0.00012389999999999998,-0.14400000000000002,-0.16
0.00012399999999999998,-0.152,-0.08
0.00012409999999999998,-0.14400000000000002,-0.08
0.00012419999999999998,-0.148,0.08
0.00012429999999999999,-0.148,0.0
0.0001244,-0.152,0.16
0.0001245,-0.14,0.16
0.0001246,-0.148,0.08
0.0001247,-0.148,0.24
0.0001248,-0.156,0.24
0.0001249,-0.14400000000000002,0.32
