t,V1,V2
-0.05,-0.16,-3.12
-0.049960000000000004,-0.24,-3.12
-0.049920000000000006,-0.24,-3.12
-0.04988,-0.32,-3.12
-0.04984,-0.4,-3.12
-0.049800000000000004,-0.4,-3.04
-0.049760000000000006,-0.4,-3.12
-0.04972,-0.48,-3.04
-0.04968,-0.48,-3.12
-0.049640000000000004,-0.56,-3.04
-0.049600000000000005,-0.56,-3.04
-0.04956,-0.64,-3.04
-0.04952,-0.64,-2.96
-0.04948,-0.72,-2.96
-0.049440000000000005,-0.72,-2.96
-0.0494,-0.72,-2.96
-0.04936,-0.8,-2.96
-0.04932,-0.8,-2.96
-0.049280000000000004,-0.8,-2.96
-0.049240000000000006,-0.88,-2.96
-0.0492,-0.88,-2.88
-0.04916,-0.96,-2.88
-0.049120000000000004,-0.96,-2.88
-0.049080000000000006,-1.04,-2.88
-0.04904,-1.04,-2.8000000000000003
-0.049,-1.04,-2.8000000000000003
-0.048960000000000004,-1.04,-2.8000000000000003
-0.048920000000000005,-1.12,-2.8000000000000003
-0.04888,-1.12,-2.8000000000000003
-0.04884,-1.12,-2.8000000000000003
-0.0488,-1.2,-2.72
-0.048760000000000005,-1.28,-2.72
-0.04872,-1.28,-2.72
-0.04868,-1.28,-2.72
-0.04864,-1.36,-2.64
-0.048600000000000004,-1.36,-2.64
-0.048560000000000006,-1.36,-2.64
-0.04852,-1.44,-2.64
-0.04848,-1.44,-2.56
-0.048440000000000004,-1.44,-2.56
-0.048400000000000006,-1.52,-2.56
-0.04836,-1.52,-2.56
-0.04832,-1.52,-2.48
-0.04828,-1.6,-2.48
-0.048240000000000005,-1.6,-2.48
-0.0482,-1.6,-2.4
-0.04816,-1.68,-2.4
-0.04812,-1.68,-2.4
-0.048080000000000005,-1.68,-2.32
-0.04804,-1.76,-2.32
-0.048,-1.76,-2.32
-0.04796,-1.76,-2.24
-0.047920000000000004,-1.76,-2.24
-0.047880000000000006,-1.84,-2.24
-0.04784,-1.92,-2.24
-0.0478,-1.92,-2.16
-0.047760000000000004,-1.92,-2.16
-0.047720000000000005,-1.92,-2.16
-0.04768,-2.0,-2.08
-0.04764,-2.0,-2.08
-0.0476,-2.0,-2.0
-0.047560000000000005,-2.08,-2.0
-0.04752,-2.08,-2.0
-0.04748,-2.0,-1.92
-0.04744,-2.08,-1.92
-0.047400000000000005,-2.08,-1.84
-0.04736,-2.08,-1.84
-0.04732,-2.16,-1.76
-0.04728,-2.16,-1.76
-0.047240000000000004,-2.16,-1.76
-0.047200000000000006,-2.24,-1.68
-0.04716,-2.16,-1.68
-0.04712,-2.24,-1.6
-0.047080000000000004,-2.24,-1.6
-0.047040000000000005,-2.24,-1.52
-0.047,-2.24,-1.52
-0.04696,-2.32,-1.52
-0.04692,-2.32,-1.44
-0.046880000000000005,-2.4,-1.44
-0.04684,-2.4,-1.36
-0.0468,-2.4,-1.36
-0.04676,-2.4,-1.28
-0.046720000000000005,-2.48,-1.36
-0.04668,-2.4,-1.28
-0.04664,-2.4,-1.28
-0.0466,-2.48,-1.2
-0.046560000000000004,-2.48,-1.2
-0.046520000000000006,-2.48,-1.12
-0.04648,-2.48,-1.12
-0.04644,-2.48,-1.04
-0.046400000000000004,-2.48,-1.04
-0.046360000000000005,-2.48,-0.96
-0.04632,-2.56,-0.96
-0.04628,-2.56,-0.88
-0.04624,-2.56,-0.88
-0.046200000000000005,-2.56,-0.8
-0.04616,-2.56,-0.8
-0.04612,-2.56,-0.72
-0.04608,-2.56,-0.64
-0.046040000000000005,-2.56,-0.72
-0.046,-2.56,-0.64
-0.04596,-2.64,-0.56
-0.04592,-2.64,-0.48
-0.045880000000000004,-2.64,-0.48
-0.045840000000000006,-2.64,-0.48
-0.0458,-2.64,-0.48
-0.04576,-2.64,-0.4
-0.045720000000000004,-2.72,-0.4
-0.045680000000000005,-2.64,-0.32
-0.04564,-2.64,-0.32
-0.0456,-2.64,-0.24
-0.04556,-2.72,-0.16
-0.045520000000000005,-2.64,-0.16
-0.04548,-2.64,-0.08
-0.04544,-2.72,-0.08
-0.0454,-2.72,0.0
-0.045360000000000004,-2.64,0.0
-0.04532,-2.72,0.08
-0.04528,-2.72,0.08
-0.04524,-2.72,0.16
-0.045200000000000004,-2.72,0.16
-0.045160000000000006,-2.64,0.16
-0.04512,-2.64,0.24
-0.04508,-2.64,0.24
-0.045040000000000004,-2.64,0.32
-0.045000000000000005,-2.64,0.4
-0.04496,-2.64,0.4
-0.04492,-2.64,0.4
-0.04488,-2.64,0.48
-0.044840000000000005,-2.64,0.56
-0.0448,-2.64,0.56
-0.04476,-2.64,0.64
-0.04472,-2.64,0.64
-0.044680000000000004,-2.64,0.72
-0.04464,-2.64,0.72
-0.0446,-2.56,0.72
-0.04456,-2.64,0.8
-0.044520000000000004,-2.56,0.8
-0.044480000000000006,-2.56,0.88
-0.04444,-2.56,0.88
-0.0444,-2.56,0.96
-0.044360000000000004,-2.56,0.96
-0.044320000000000005,-2.56,0.96
-0.04428,-2.56,1.04
-0.04424,-2.56,1.12
-0.0442,-2.48,1.2
-0.044160000000000005,-2.48,1.2
-0.04412,-2.48,1.2
-0.04408,-2.48,1.2
-0.04404,-2.48,1.28
-0.044000000000000004,-2.48,1.28
-0.04396,-2.48,1.36
-0.04392,-2.4,1.36
-0.04388,-2.4,1.44
-0.043840000000000004,-2.4,1.44
-0.043800000000000006,-2.4,1.52
-0.04376,-2.4,1.52
-0.04372,-2.32,1.52
-0.043680000000000004,-2.32,1.52
-0.043640000000000005,-2.32,1.6
-0.0436,-2.32,1.6
-0.04356,-2.32,1.68
-0.04352,-2.32,1.68
-0.043480000000000005,-2.24,1.76
-0.04344,-2.16,1.76
-0.0434,-2.24,1.84
-0.04336,-2.16,1.84
-0.043320000000000004,-2.16,1.84
-0.04328,-2.16,1.92
-0.04324,-2.16,1.92
-0.0432,-2.08,1.92
-0.043160000000000004,-2.08,2.0
-0.043120000000000006,-2.08,2.0
-0.04308,-2.0,2.08
-0.04304,-2.0,2.08
-0.043000000000000003,-2.0,2.16
-0.042960000000000005,-2.0,2.16
-0.04292,-2.0,2.16
-0.04288,-1.92,2.16
-0.04284,-1.92,2.24
-0.042800000000000005,-1.92,2.24
-0.04276,-1.92,2.24
-0.04272,-1.84,2.24
-0.04268,-1.84,2.32
-0.042640000000000004,-1.76,2.32
-0.0426,-1.76,2.4
-0.04256,-1.76,2.32
-0.04252,-1.68,2.4
-0.042480000000000004,-1.68,2.4
-0.042440000000000005,-1.68,2.48
-0.0424,-1.6,2.48
-0.04236,-1.6,2.48
-0.04232,-1.6,2.56
-0.042280000000000005,-1.6,2.56
-0.04224,-1.6,2.56
-0.0422,-1.44,2.64
-0.04216,-1.52,2.64
-0.042120000000000005,-1.44,2.64
-0.042080000000000006,-1.44,2.64
-0.04204,-1.36,2.64
-0.042,-1.36,2.72
-0.041960000000000004,-1.36,2.72
-0.04192,-1.28,2.72
-0.04188,-1.28,2.8000000000000003
-0.04184,-1.28,2.72
-0.041800000000000004,-1.2,2.8000000000000003
-0.041760000000000005,-1.12,2.8000000000000003
-0.04172,-1.12,2.8000000000000003
-0.04168,-1.12,2.88
-0.04164,-1.12,2.88
-0.0416,-1.04,2.88
-0.04156,-1.04,2.88
-0.04152,-1.04,2.88
-0.04148,-0.96,2.96
-0.041440000000000005,-0.96,2.96
-0.041400000000000006,-0.88,2.96
-0.04136,-0.88,2.96
-0.04132,-0.8,2.96
-0.041280000000000004,-0.8,3.04
-0.04124,-0.8,3.04
-0.0412,-0.8,3.04
-0.04116,-0.64,3.04
-0.041120000000000004,-0.64,3.04
-0.041080000000000005,-0.64,3.04
-0.04104,-0.56,3.04
-0.041,-0.56,3.12
-0.04096,-0.56,3.12
-0.04092,-0.56,3.04
-0.04088,-0.48,3.04
-0.04084,-0.48,3.12
-0.0408,-0.4,3.12
-0.040760000000000005,-0.32,3.04
-0.040720000000000006,-0.32,3.12
-0.04068,-0.32,3.12
-0.04064,-0.24,3.12
-0.040600000000000004,-0.16,3.12
-0.04056,-0.24,3.2
-0.04052,-0.16,3.2
-0.04048,-0.16,3.12
-0.040440000000000004,-0.08,3.2
-0.040400000000000005,-0.08,3.12
-0.04036,-0.08,3.12
-0.04032,0.0,3.2
-0.04028,0.0,3.12
-0.04024,0.08,3.12
-0.0402,0.08,3.2
-0.04016,0.08,3.12
-0.04012,0.16,3.12
-0.040080000000000005,0.24,3.12
-0.040040000000000006,0.24,3.2
-0.04,0.24,3.12
-0.03996,0.32,3.12
-0.039920000000000004,0.32,3.12
-0.03988,0.4,3.12
-0.03984,0.4,3.12
-0.0398,0.48,3.12
-0.039760000000000004,0.4,3.04
-0.039720000000000005,0.48,3.04
-0.03968,0.56,3.04
-0.03964,0.56,3.12
-0.0396,0.56,3.04
-0.03956,0.64,3.04
-0.03952,0.72,3.04
-0.03948,0.72,3.04
-0.03944,0.8,3.04
-0.039400000000000004,0.8,2.96
-0.039360000000000006,0.8,2.96
-0.03932,0.8,2.96
-0.03928,0.8,2.96
-0.039240000000000004,0.88,2.96
-0.0392,0.88,2.88
-0.03916,0.96,2.88
-0.03912,1.04,2.88
-0.039080000000000004,1.04,2.88
-0.039040000000000005,1.12,2.88
-0.039,1.04,2.88
-0.03896,1.12,2.8000000000000003
-0.03892,1.12,2.88
-0.03888,1.2,2.8000000000000003
-0.03884,1.28,2.8000000000000003
-0.0388,1.28,2.8000000000000003
-0.03876,1.28,2.72
-0.038720000000000004,1.28,2.72
-0.038680000000000006,1.36,2.72
-0.03864,1.36,2.72
-0.0386,1.36,2.64
-0.038560000000000004,1.44,2.64
-0.03852,1.44,2.64
-0.03848,1.44,2.56
-0.03844,1.44,2.56
-0.038400000000000004,1.52,2.56
-0.038360000000000005,1.52,2.56
-0.03832,1.52,2.48
-0.03828,1.6,2.56
-0.03824,1.6,2.48
-0.0382,1.68,2.48
-0.03816,1.68,2.4
-0.03812,1.68,2.4
-0.03808,1.76,2.32
-0.038040000000000004,1.76,2.32
-0.038000000000000006,1.84,2.32
-0.03796,1.84,2.24
-0.03792,1.84,2.24
-0.037880000000000004,1.92,2.24
-0.03784,1.92,2.24
-0.0378,1.92,2.16
-0.03776,1.92,2.16
-0.037720000000000004,1.92,2.16
-0.037680000000000005,1.92,2.16
-0.03764,2.0,2.08
-0.0376,2.08,2.08
-0.03756,2.08,2.08
-0.03752,2.08,2.0
-0.03748,2.08,1.92
-0.03744,2.16,2.0
-0.0374,2.16,1.92
-0.037360000000000004,2.16,1.92
-0.037320000000000006,2.16,1.84
-0.03728,2.16,1.84
-0.03724,2.24,1.84
-0.037200000000000004,2.24,1.76
-0.03716,2.24,1.76
-0.03712,2.24,1.68
-0.03708,2.24,1.6
-0.037040000000000003,2.32,1.6
-0.037000000000000005,2.24,1.6
-0.03696,2.32,1.52
-0.03692,2.32,1.52
-0.03688,2.32,1.52
-0.03684,2.32,1.44
-0.0368,2.4,1.44
-0.03676,2.4,1.36
-0.03672,2.4,1.36
-0.036680000000000004,2.48,1.28
-0.036640000000000006,2.48,1.28
-0.0366,2.4,1.28
-0.03656,2.48,1.2
-0.036520000000000004,2.48,1.2
-0.03648,2.48,1.12
-0.03644,2.48,1.04
-0.0364,2.48,1.04
-0.03636,2.56,0.96
-0.036320000000000005,2.48,0.96
-0.03628,2.48,0.96
-0.03624,2.56,0.88
-0.0362,2.56,0.88
-0.03616,2.56,0.8
-0.03612,2.56,0.72
-0.03608,2.56,0.8
-0.03604,2.64,0.72
-0.036000000000000004,2.56,0.64
-0.035960000000000006,2.56,0.64
-0.03592,2.64,0.56
-0.03588,2.64,0.56
-0.035840000000000004,2.64,0.48
-0.0358,2.64,0.48
-0.03576,2.64,0.4
-0.03572,2.72,0.4
-0.03568,2.64,0.4
-0.035640000000000005,2.64,0.32
-0.0356,2.64,0.32
-0.03556,2.64,0.24
-0.03552,2.72,0.24
-0.03548,2.72,0.16
-0.03544,2.64,0.16
-0.0354,2.64,0.08
-0.03536,2.72,0.08
-0.035320000000000004,2.72,0.0
-0.035280000000000006,2.72,0.0
-0.03524,2.72,-0.08
-0.0352,2.72,-0.16
-0.035160000000000004,2.64,-0.16
-0.03512,2.72,-0.16
-0.03508,2.64,-0.24
-0.03504,2.72,-0.24
-0.035,2.64,-0.32
-0.034960000000000005,2.64,-0.32
-0.03492,2.64,-0.4
-0.03488,2.72,-0.4
-0.03484,2.64,-0.48
-0.0348,2.64,-0.48
-0.03476,2.64,-0.56
-0.03472,2.64,-0.64
-0.03468,2.64,-0.64
-0.034640000000000004,2.64,-0.72
-0.034600000000000006,2.64,-0.72
-0.03456,2.56,-0.72
-0.03452,2.64,-0.8
-0.034480000000000004,2.56,-0.8
-0.03444,2.56,-0.88
-0.0344,2.56,-0.88
-0.03436,2.56,-0.96
-0.03432,2.56,-1.04
-0.034280000000000005,2.56,-1.04
-0.03424000000000001,2.56,-1.04
-0.0342,2.56,-1.12
-0.03416,2.48,-1.12
-0.03412,2.48,-1.2
-0.03408,2.48,-1.2
-0.03404,2.48,-1.2
-0.034,2.48,-1.28
-0.033960000000000004,2.4,-1.28
-0.033920000000000006,2.48,-1.36
-0.03388,2.4,-1.36
-0.03384,2.4,-1.44
-0.0338,2.4,-1.44
-0.03376,2.4,-1.52
-0.03372,2.32,-1.44
-0.03368,2.32,-1.52
-0.03364,2.32,-1.52
-0.033600000000000005,2.32,-1.6
-0.033560000000000006,2.24,-1.6
-0.03352,2.32,-1.68
-0.03348,2.24,-1.68
-0.03344,2.24,-1.76
-0.0334,2.24,-1.76
-0.03336,2.16,-1.76
-0.03332,2.16,-1.84
-0.033280000000000004,2.16,-1.84
-0.033240000000000006,2.16,-1.92
-0.0332,2.16,-2.0
-0.03316,2.08,-1.92
-0.03312,2.16,-2.0
-0.03308,2.08,-2.0
-0.03304,2.08,-2.0
-0.033,2.08,-2.08
-0.03296,2.0,-2.16
-0.032920000000000005,2.0,-2.16
-0.032880000000000006,2.0,-2.16
-0.03284,1.92,-2.16
-0.0328,1.92,-2.16
-0.03276,1.92,-2.24
-0.03272,1.84,-2.24
-0.03268,1.84,-2.32
-0.03264,1.84,-2.32
-0.032600000000000004,1.76,-2.32
-0.032560000000000006,1.76,-2.4
-0.03252,1.76,-2.4
-0.03248,1.76,-2.4
-0.03244,1.68,-2.48
-0.0324,1.68,-2.48
-0.03236,1.68,-2.48
-0.03232,1.68,-2.56
-0.03228,1.52,-2.56
-0.032240000000000005,1.52,-2.56
-0.032200000000000006,1.6,-2.56
-0.03216,1.52,-2.64
-0.03212,1.52,-2.64
-0.03208,1.52,-2.64
-0.03204,1.44,-2.72
-0.032,1.44,-2.72
-0.03196,1.36,-2.72
-0.031920000000000004,1.36,-2.72
-0.031880000000000006,1.28,-2.8000000000000003
-0.03184,1.28,-2.8000000000000003
-0.0318,1.28,-2.8000000000000003
-0.03176,1.2,-2.8000000000000003
-0.03172,1.2,-2.8000000000000003
-0.03168,1.12,-2.88
-0.03164,1.12,-2.88
-0.0316,1.12,-2.88
-0.031560000000000005,1.12,-2.88
-0.031520000000000006,1.04,-2.88
-0.03148,1.04,-2.96
-0.03144,0.96,-2.96
-0.0314,0.96,-2.96
-0.03136,0.88,-2.88
-0.03132,0.88,-2.96
-0.03128,0.8,-2.96
-0.03124,0.8,-2.96
-0.031200000000000002,0.8,-2.96
-0.03116,0.8,-2.96
-0.031120000000000002,0.72,-3.04
-0.03108,0.64,-3.04
-0.03104,0.64,-3.04
-0.031,0.64,-3.04
-0.03096,0.56,-3.04
-0.03092,0.56,-3.04
-0.03088,0.56,-3.04
-0.030840000000000003,0.48,-3.12
-0.0308,0.48,-3.12
-0.030760000000000003,0.4,-3.12
-0.03072,0.4,-3.12
-0.030680000000000002,0.32,-3.12
-0.03064,0.32,-3.12
-0.030600000000000002,0.24,-3.04
-0.03056,0.24,-3.12
-0.030520000000000002,0.16,-3.04
-0.03048,0.16,-3.12
-0.030440000000000002,0.16,-3.12
-0.0304,0.16,-3.12
-0.03036,0.0,-3.12
-0.03032,0.0,-3.12
-0.03028,0.0,-3.12
-0.03024,0.0,-3.12
-0.0302,0.0,-3.12
-0.030160000000000003,-0.08,-3.12
-0.03012,-0.08,-3.12
-0.030080000000000003,-0.16,-3.12
-0.03004,-0.16,-3.12
-0.030000000000000002,-0.24,-3.04
-0.02996,-0.24,-3.12
-0.029920000000000002,-0.32,-3.04
-0.02988,-0.32,-3.12
-0.029840000000000002,-0.32,-3.04
-0.0298,-0.4,-3.04
-0.02976,-0.48,-3.12
-0.02972,-0.48,-3.04
-0.02968,-0.56,-3.04
-0.02964,-0.56,-3.12
-0.0296,-0.56,-3.04
-0.02956,-0.56,-3.04
-0.02952,-0.64,-3.04
-0.029480000000000003,-0.72,-2.96
-0.02944,-0.64,-3.04
-0.029400000000000003,-0.72,-3.04
-0.02936,-0.8,-2.96
-0.029320000000000002,-0.8,-2.96
-0.02928,-0.88,-2.96
-0.029240000000000002,-0.8,-2.96
-0.0292,-0.88,-2.96
-0.029160000000000002,-0.88,-2.88
-0.02912,-0.96,-2.8000000000000003
-0.02908,-0.96,-2.88
-0.02904,-1.04,-2.8000000000000003
-0.029,-1.04,-2.8000000000000003
-0.02896,-1.12,-2.8000000000000003
-0.02892,-1.12,-2.8000000000000003
-0.02888,-1.2,-2.8000000000000003
-0.02884,-1.12,-2.8000000000000003
-0.028800000000000003,-1.2,-2.8000000000000003
-0.02876,-1.2,-2.72
-0.028720000000000002,-1.28,-2.72
-0.02868,-1.28,-2.72
-0.028640000000000002,-1.36,-2.72
-0.0286,-1.28,-2.64
-0.028560000000000002,-1.36,-2.64
-0.02852,-1.36,-2.64
-0.028480000000000002,-1.44,-2.56
-0.02844,-1.44,-2.56
-0.0284,-1.44,-2.56
-0.02836,-1.52,-2.56
-0.02832,-1.52,-2.48
-0.02828,-1.6,-2.48
-0.02824,-1.6,-2.48
-0.0282,-1.6,-2.4
-0.02816,-1.68,-2.4
-0.028120000000000003,-1.68,-2.4
-0.02808,-1.68,-2.4
-0.028040000000000002,-1.76,-2.32
-0.028,-1.76,-2.32
-0.027960000000000002,-1.76,-2.32
-0.02792,-1.84,-2.24
-0.027880000000000002,-1.84,-2.24
-0.02784,-1.92,-2.16
-0.027800000000000002,-1.92,-2.16
-0.02776,-1.92,-2.16
-0.02772,-1.92,-2.08
-0.02768,-2.0,-2.08
-0.02764,-2.0,-2.08
-0.0276,-2.0,-2.0
-0.02756,-2.0,-2.0
-0.02752,-2.0,-2.0
-0.02748,-2.08,-1.92
-0.027440000000000003,-2.08,-1.92
-0.0274,-2.16,-1.92
-0.027360000000000002,-2.08,-1.84
-0.02732,-2.16,-1.84
-0.027280000000000002,-2.16,-1.76
-0.02724,-2.16,-1.76
-0.027200000000000002,-2.16,-1.76
-0.02716,-2.24,-1.68
-0.027120000000000002,-2.16,-1.68
-0.02708,-2.24,-1.6
-0.02704,-2.24,-1.6
-0.027,-2.32,-1.6
-0.02696,-2.32,-1.52
-0.02692,-2.32,-1.44
-0.02688,-2.32,-1.44
-0.02684,-2.32,-1.44
-0.0268,-2.4,-1.36
-0.026760000000000003,-2.4,-1.28
-0.02672,-2.4,-1.36
-0.026680000000000002,-2.4,-1.28
-0.02664,-2.48,-1.28
-0.026600000000000002,-2.48,-1.2
-0.02656,-2.48,-1.12
-0.026520000000000002,-2.48,-1.12
-0.02648,-2.48,-1.12
-0.02644,-2.48,-1.04
-0.0264,-2.56,-0.96
-0.02636,-2.56,-0.96
-0.02632,-2.56,-0.88
-0.02628,-2.48,-0.88
-0.02624,-2.56,-0.88
-0.0262,-2.56,-0.8
-0.02616,-2.56,-0.8
-0.02612,-2.64,-0.72
-0.026080000000000002,-2.56,-0.72
-0.02604,-2.56,-0.72
-0.026000000000000002,-2.56,-0.64
-0.02596,-2.64,-0.64
-0.025920000000000002,-2.64,-0.56
-0.02588,-2.64,-0.48
-0.025840000000000002,-2.64,-0.48
-0.0258,-2.64,-0.48
-0.02576,-2.64,-0.4
-0.02572,-2.72,-0.32
-0.02568,-2.72,-0.32
-0.02564,-2.64,-0.24
-0.0256,-2.64,-0.16
-0.02556,-2.72,-0.16
-0.02552,-2.72,-0.16
-0.02548,-2.72,-0.16
-0.02544,-2.72,-0.08
-0.025400000000000002,-2.72,0.0
-0.02536,-2.72,0.0
-0.025320000000000002,-2.72,0.08
-0.02528,-2.64,0.08
-0.025240000000000002,-2.64,0.16
-0.0252,-2.72,0.16
-0.025160000000000002,-2.64,0.16
-0.02512,-2.64,0.24
-0.02508,-2.64,0.24
-0.02504,-2.72,0.32
-0.025,-2.72,0.4
-0.02496,-2.72,0.4
-0.02492,-2.64,0.48
-0.02488,-2.64,0.48
-0.02484,-2.64,0.56
-0.0248,-2.64,0.56
-0.02476,-2.64,0.56
-0.024720000000000002,-2.64,0.64
-0.02468,-2.64,0.64
-0.024640000000000002,-2.64,0.72
-0.0246,-2.64,0.72
-0.024560000000000002,-2.64,0.8
-0.02452,-2.56,0.8
-0.024480000000000002,-2.56,0.88
-0.02444,-2.64,0.88
-0.0244,-2.56,0.88
-0.02436,-2.56,0.96
-0.02432,-2.56,0.96
-0.02428,-2.56,1.04
-0.02424,-2.48,1.04
-0.0242,-2.48,1.12
-0.02416,-2.48,1.12
-0.02412,-2.4,1.2
-0.02408,-2.48,1.28
-0.024040000000000002,-2.48,1.28
-0.024,-2.48,1.28
-0.023960000000000002,-2.48,1.36
-0.02392,-2.48,1.36
-0.023880000000000002,-2.4,1.44
-0.02384,-2.4,1.52
-0.0238,-2.4,1.52
-0.02376,-2.4,1.52
-0.02372,-2.32,1.52
-0.02368,-2.32,1.52
-0.02364,-2.32,1.6
-0.0236,-2.32,1.6
-0.02356,-2.32,1.68
-0.02352,-2.24,1.68
-0.02348,-2.24,1.76
-0.02344,-2.24,1.76
-0.0234,-2.24,1.84
-0.023360000000000002,-2.16,1.84
-0.02332,-2.16,1.84
-0.023280000000000002,-2.16,1.84
-0.02324,-2.16,2.0
-0.023200000000000002,-2.08,1.92
-0.02316,-2.08,2.0
-0.02312,-2.08,2.0
-0.02308,-2.08,2.08
-0.02304,-2.0,2.08
-0.023,-1.92,2.16
-0.02296,-2.0,2.16
-0.02292,-2.0,2.16
-0.02288,-1.92,2.24
-0.02284,-1.92,2.24
-0.0228,-1.84,2.24
-0.02276,-1.92,2.24
-0.02272,-1.84,2.32
-0.022680000000000002,-1.84,2.32
-0.02264,-1.84,2.32
-0.022600000000000002,-1.76,2.32
-0.02256,-1.76,2.4
-0.022520000000000002,-1.68,2.4
-0.02248,-1.68,2.48
-0.02244,-1.68,2.48
-0.0224,-1.6,2.48
-0.02236,-1.6,2.56
-0.02232,-1.6,2.56
-0.02228,-1.6,2.56
-0.02224,-1.52,2.56
-0.0222,-1.52,2.56
-0.02216,-1.44,2.64
-0.02212,-1.44,2.64
-0.02208,-1.44,2.72
-0.02204,-1.36,2.72
-0.022000000000000002,-1.36,2.64
-0.02196,-1.28,2.8000000000000003
-0.021920000000000002,-1.36,2.72
-0.02188,-1.28,2.72
-0.021840000000000002,-1.28,2.8000000000000003
-0.0218,-1.2,2.8000000000000003
-0.02176,-1.2,2.8000000000000003
-0.02172,-1.12,2.88
-0.02168,-1.12,2.88
-0.02164,-1.04,2.88
-0.0216,-1.04,2.88
-0.02156,-1.04,2.88
-0.02152,-1.04,2.96
-0.02148,-0.96,2.96
-0.02144,-0.88,2.96
-0.0214,-0.88,2.96
-0.02136,-0.8,2.96
-0.021320000000000002,-0.8,2.96
-0.02128,-0.8,2.96
-0.021240000000000002,-0.72,2.96
-0.0212,-0.72,3.04
-0.02116,-0.72,3.12
-0.02112,-0.64,3.04
-0.02108,-0.64,3.04
-0.02104,-0.64,3.04
-0.021,-0.56,3.04
-0.02096,-0.56,3.12
-0.02092,-0.56,3.12
-0.02088,-0.48,3.12
-0.02084,-0.4,3.12
-0.0208,-0.4,3.12
-0.02076,-0.32,3.12
-0.02072,-0.32,3.12
-0.02068,-0.24,3.12
-0.020640000000000002,-0.24,3.12
-0.0206,-0.24,3.12
-0.020560000000000002,-0.24,3.12
-0.02052,-0.16,3.12
-0.02048,-0.16,3.12
-0.02044,-0.08,3.2
-0.0204,-0.08,3.2
-0.02036,0.0,3.2
-0.02032,0.0,3.2
-0.02028,0.0,3.12
-0.02024,0.08,3.2
-0.0202,0.08,3.12
-0.02016,0.08,3.12
-0.02012,0.16,3.12
-0.02008,0.24,3.12
-0.02004,0.24,3.12
-0.02,0.24,3.12
-0.019960000000000002,0.32,3.12
-0.01992,0.32,3.2
-0.019880000000000002,0.4,3.12
-0.01984,0.4,3.12
-0.0198,0.4,3.12
-0.01976,0.48,3.12
-0.01972,0.48,3.12
-0.01968,0.56,3.04
-0.01964,0.56,3.04
-0.0196,0.64,3.12
-0.01956,0.64,3.04
-0.01952,0.64,3.04
-0.01948,0.64,3.04
-0.01944,0.72,3.04
-0.0194,0.8,2.96
-0.01936,0.8,2.96
-0.01932,0.88,2.96
-0.01928,0.88,2.96
-0.01924,0.88,2.96
-0.019200000000000002,0.96,2.96
-0.01916,0.96,2.96
-0.01912,1.04,2.88
-0.01908,1.04,2.88
-0.01904,1.04,2.88
-0.019,1.04,2.88
-0.01896,1.12,2.88
-0.01892,1.2,2.8000000000000003
-0.01888,1.12,2.8000000000000003
-0.01884,1.2,2.8000000000000003
-0.0188,1.2,2.8000000000000003
-0.01876,1.28,2.72
-0.01872,1.36,2.72
-0.018680000000000002,1.36,2.72
-0.018639999999999997,1.36,2.72
-0.0186,1.36,2.64
-0.01856,1.44,2.64
-0.018520000000000002,1.44,2.64
-0.018480000000000003,1.44,2.56
-0.018439999999999998,1.52,2.56
-0.0184,1.52,2.56
-0.01836,1.6,2.56
-0.018320000000000003,1.6,2.56
-0.018279999999999998,1.6,2.48
-0.01824,1.68,2.48
-0.0182,1.68,2.4
-0.018160000000000003,1.68,2.4
-0.018119999999999997,1.76,2.4
-0.01808,1.68,2.4
-0.01804,1.76,2.4
-0.018000000000000002,1.76,2.32
-0.017959999999999997,1.84,2.32
-0.01792,1.84,2.32
-0.01788,1.92,2.24
-0.01784,1.92,2.24
-0.017800000000000003,1.92,2.24
-0.017759999999999998,2.0,2.16
-0.01772,1.92,2.16
-0.01768,1.92,2.16
-0.017640000000000003,2.0,2.08
-0.017599999999999998,2.0,2.08
-0.01756,2.08,2.0
-0.01752,2.08,2.0
-0.017480000000000002,2.08,2.0
-0.017439999999999997,2.08,1.92
-0.0174,2.16,1.92
-0.01736,2.16,1.84
-0.017320000000000002,2.16,1.84
-0.017279999999999997,2.16,1.76
-0.01724,2.24,1.76
-0.0172,2.24,1.76
-0.01716,2.24,1.68
-0.017120000000000003,2.24,1.68
-0.017079999999999998,2.24,1.6
-0.01704,2.24,1.6
-0.017,2.24,1.52
-0.016960000000000003,2.32,1.52
-0.016919999999999998,2.32,1.52
-0.01688,2.32,1.52
-0.01684,2.32,1.44
-0.016800000000000002,2.32,1.36
-0.016759999999999997,2.4,1.36
-0.01672,2.4,1.36
-0.01668,2.4,1.36
-0.016640000000000002,2.48,1.28
-0.016599999999999997,2.48,1.2
-0.01656,2.48,1.2
-0.01652,2.48,1.2
-0.01648,2.48,1.12
-0.016440000000000003,2.48,1.12
-0.016399999999999998,2.56,1.04
-0.01636,2.48,1.04
-0.01632,2.48,0.96
-0.016280000000000003,2.64,0.96
-0.016239999999999997,2.56,0.88
-0.0162,2.56,0.88
-0.01616,2.56,0.8
-0.016120000000000002,2.56,0.8
-0.016079999999999997,2.64,0.72
-0.01604,2.64,0.72
-0.016,2.56,0.64
-0.015960000000000002,2.64,0.56
-0.015919999999999997,2.64,0.56
-0.01588,2.64,0.56
-0.01584,2.64,0.56
-0.0158,2.64,0.48
-0.015760000000000003,2.64,0.48
-0.015719999999999998,2.72,0.4
-0.01568,2.64,0.32
-0.01564,2.64,0.32
-0.015600000000000003,2.72,0.24
-0.015559999999999997,2.72,0.24
-0.015519999999999999,2.64,0.24
-0.01548,2.64,0.16
-0.015440000000000002,2.72,0.16
-0.015399999999999997,2.72,0.08
-0.015359999999999999,2.72,0.08
-0.01532,2.72,0.0
-0.015280000000000002,2.72,0.0
-0.015239999999999997,2.64,-0.08
-0.015199999999999998,2.72,-0.16
-0.01516,2.64,-0.16
-0.015120000000000001,2.72,-0.16
-0.015080000000000003,2.64,-0.24
-0.015039999999999998,2.64,-0.32
-0.015,2.72,-0.32
-0.014960000000000001,2.64,-0.4
-0.014920000000000003,2.64,-0.4
-0.014879999999999997,2.64,-0.4
-0.014839999999999999,2.64,-0.48
-0.0148,2.64,-0.48
-0.014760000000000002,2.64,-0.56
-0.014719999999999997,2.64,-0.56
-0.014679999999999999,2.64,-0.56
-0.01464,2.64,-0.72
-0.014600000000000002,2.64,-0.72
-0.014559999999999997,2.64,-0.72
-0.014519999999999998,2.56,-0.8
-0.01448,2.56,-0.8
-0.014440000000000001,2.56,-0.88
-0.014400000000000003,2.56,-0.88
-0.014359999999999998,2.56,-0.96
-0.01432,2.56,-0.96
-0.014280000000000001,2.56,-1.04
-0.014240000000000003,2.48,-1.04
-0.014199999999999997,2.48,-1.04
-0.014159999999999999,2.48,-1.12
-0.01412,2.48,-1.12
-0.014080000000000002,2.48,-1.2
-0.014039999999999997,2.48,-1.2
-0.013999999999999999,2.48,-1.28
-0.01396,2.4,-1.28
-0.013920000000000002,2.4,-1.28
-0.013879999999999997,2.4,-1.36
-0.013839999999999998,2.4,-1.44
-0.0138,2.32,-1.44
-0.013760000000000001,2.32,-1.44
-0.013720000000000003,2.4,-1.52
-0.013679999999999998,2.24,-1.52
-0.01364,2.32,-1.6
-0.013600000000000001,2.32,-1.6
-0.013560000000000003,2.32,-1.6
-0.013519999999999997,2.24,-1.68
-0.013479999999999999,2.24,-1.68
-0.01344,2.24,-1.76
-0.013400000000000002,2.24,-1.76
-0.013359999999999997,2.24,-1.76
-0.013319999999999999,2.16,-1.84
-0.01328,2.16,-1.92
-0.013240000000000002,2.16,-1.92
-0.013199999999999996,2.16,-1.92
-0.013159999999999998,2.16,-1.92
-0.01312,2.08,-2.0
-0.013080000000000001,2.08,-2.0
-0.013040000000000003,2.08,-2.08
-0.012999999999999998,2.0,-2.08
-0.01296,2.0,-2.08
-0.012920000000000001,2.0,-2.16
-0.012880000000000003,2.0,-2.16
-0.012839999999999997,2.0,-2.16
-0.012799999999999999,1.92,-2.16
-0.01276,1.92,-2.24
-0.012720000000000002,1.92,-2.24
-0.012679999999999997,1.84,-2.24
-0.012639999999999998,1.84,-2.4
-0.0126,1.76,-2.32
-0.012560000000000002,1.76,-2.4
-0.012519999999999996,1.76,-2.4
-0.012479999999999998,1.68,-2.48
-0.01244,1.68,-2.48
-0.012400000000000001,1.68,-2.48
-0.012360000000000003,1.68,-2.48
-0.012319999999999998,1.6,-2.56
-0.01228,1.6,-2.56
-0.012240000000000001,1.52,-2.56
-0.012200000000000003,1.52,-2.64
-0.012159999999999997,1.44,-2.64
-0.012119999999999999,1.44,-2.64
-0.01208,1.44,-2.64
-0.012040000000000002,1.44,-2.72
-0.011999999999999997,1.36,-2.64
-0.011959999999999998,1.36,-2.8000000000000003
-0.01192,1.36,-2.72
-0.011880000000000002,1.28,-2.8000000000000003
-0.011839999999999996,1.28,-2.8000000000000003
-0.011799999999999998,1.28,-2.8000000000000003
-0.01176,1.2,-2.8000000000000003
-0.011720000000000001,1.2,-2.8000000000000003
-0.011680000000000003,1.12,-2.8000000000000003
-0.011639999999999998,1.12,-2.88
-0.0116,1.04,-2.88
-0.01156,1.04,-2.88
-0.011520000000000002,1.04,-2.88
-0.011479999999999997,1.04,-2.96
-0.011439999999999999,0.96,-2.96
-0.0114,0.88,-2.96
-0.011360000000000002,0.88,-2.96
-0.011319999999999997,0.88,-2.96
-0.011279999999999998,0.8,-2.96
-0.01124,0.8,-2.96
-0.011200000000000002,0.8,-2.96
-0.011159999999999996,0.8,-3.04
-0.011119999999999998,0.72,-3.04
-0.01108,0.64,-3.04
-0.011040000000000001,0.64,-3.04
-0.011000000000000003,0.56,-3.04
-0.010959999999999998,0.56,-3.04
-0.01092,0.56,-3.04
-0.01088,0.56,-3.12
-0.010840000000000002,0.48,-3.04
-0.010799999999999997,0.4,-3.12
-0.010759999999999999,0.4,-3.12
-0.01072,0.4,-3.04
-0.010680000000000002,0.32,-3.12
-0.010639999999999997,0.32,-3.12
-0.010599999999999998,0.24,-3.12
-0.01056,0.24,-3.04
-0.010520000000000002,0.16,-3.12
-0.010479999999999996,0.16,-3.12
-0.010439999999999998,0.16,-3.12
-0.0104,0.08,-3.12
-0.010360000000000001,0.08,-3.12
-0.010320000000000003,0.0,-3.12
-0.010279999999999997,0.0,-3.12
-0.010239999999999999,0.0,-3.12
-0.0102,-0.08,-3.04
-0.010160000000000002,-0.08,-3.12
-0.010119999999999997,-0.16,-3.12
-0.010079999999999999,-0.16,-3.12
-0.01004,-0.24,-3.12
-0.010000000000000002,-0.24,-3.12
-0.009959999999999997,-0.24,-3.12
-0.009919999999999998,-0.32,-3.04
-0.00988,-0.32,-3.12
-0.009840000000000002,-0.4,-3.12
-0.009799999999999996,-0.4,-3.04
-0.009759999999999998,-0.4,-3.04
-0.00972,-0.48,-3.04
-0.009680000000000001,-0.48,-3.12
-0.009640000000000003,-0.56,-3.04
-0.009599999999999997,-0.56,-3.04
-0.009559999999999999,-0.64,-2.96
-0.00952,-0.64,-3.04
-0.009480000000000002,-0.64,-2.96
-0.009439999999999997,-0.72,-2.96
-0.009399999999999999,-0.72,-2.96
-0.00936,-0.8,-2.96
-0.009320000000000002,-0.8,-2.96
-0.009279999999999997,-0.8,-2.88
-0.009239999999999998,-0.88,-2.96
-0.0092,-0.88,-2.88
-0.009160000000000001,-0.88,-2.88
-0.009119999999999996,-0.96,-2.8000000000000003
-0.009079999999999998,-1.04,-2.88
-0.00904,-1.04,-2.8000000000000003
-0.009000000000000001,-1.12,-2.8000000000000003
-0.008960000000000003,-1.12,-2.8000000000000003
-0.008919999999999997,-1.12,-2.8000000000000003
-0.008879999999999999,-1.12,-2.8000000000000003
-0.00884,-1.2,-2.8000000000000003
-0.008800000000000002,-1.2,-2.8000000000000003
-0.008759999999999997,-1.2,-2.8000000000000003
-0.008719999999999999,-1.28,-2.72
-0.00868,-1.28,-2.72
-0.008640000000000002,-1.36,-2.72
-0.008599999999999997,-1.36,-2.72
-0.008559999999999998,-1.36,-2.64
-0.00852,-1.36,-2.64
-0.008480000000000001,-1.44,-2.64
-0.008439999999999996,-1.44,-2.56
-0.008399999999999998,-1.52,-2.56
-0.00836,-1.52,-2.56
-0.008320000000000001,-1.52,-2.48
-0.008280000000000003,-1.6,-2.48
-0.008239999999999997,-1.6,-2.48
-0.008199999999999999,-1.6,-2.48
-0.00816,-1.68,-2.4
-0.008120000000000002,-1.68,-2.4
-0.008079999999999997,-1.68,-2.32
-0.008039999999999999,-1.76,-2.32
-0.008,-1.76,-2.32
-0.007960000000000002,-1.76,-2.32
-0.007919999999999996,-1.84,-2.24
-0.007879999999999998,-1.84,-2.24
-0.00784,-1.84,-2.24
-0.007800000000000001,-1.92,-2.16
-0.007759999999999996,-1.92,-2.16
-0.007719999999999998,-1.92,-2.16
-0.007679999999999999,-1.92,-2.08
-0.007640000000000001,-2.0,-2.0
-0.007600000000000003,-2.0,-2.0
-0.007559999999999997,-2.0,-2.0
-0.007519999999999999,-2.08,-2.0
-0.0074800000000000005,-2.08,-1.92
-0.007440000000000002,-2.08,-1.92
-0.007399999999999997,-2.08,-1.92
-0.0073599999999999985,-2.16,-1.84
-0.00732,-2.16,-1.84
-0.007280000000000002,-2.16,-1.76
-0.0072399999999999964,-2.16,-1.76
-0.007199999999999998,-2.16,-1.76
-0.00716,-2.24,-1.68
-0.007120000000000001,-2.24,-1.68
-0.007079999999999996,-2.24,-1.6
-0.007039999999999998,-2.24,-1.52
-0.006999999999999999,-2.32,-1.52
-0.006960000000000001,-2.32,-1.52
-0.0069200000000000025,-2.32,-1.44
-0.006879999999999997,-2.4,-1.44
-0.006839999999999999,-2.4,-1.36
-0.0068000000000000005,-2.4,-1.36
-0.006760000000000002,-2.4,-1.36
-0.006719999999999997,-2.4,-1.28
-0.0066799999999999984,-2.4,-1.28
-0.00664,-2.48,-1.2
-0.006600000000000002,-2.4,-1.2
-0.006559999999999996,-2.48,-1.12
-0.006519999999999998,-2.48,-1.12
-0.00648,-2.48,-1.12
-0.006440000000000001,-2.48,-1.04
-0.006399999999999996,-2.48,-1.04
-0.006359999999999998,-2.48,-0.96
-0.006319999999999999,-2.48,-0.96
-0.006280000000000001,-2.48,-0.88
-0.0062400000000000025,-2.56,-0.88
-0.006199999999999997,-2.56,-0.8
-0.006159999999999999,-2.56,-0.8
-0.0061200000000000004,-2.56,-0.72
-0.006080000000000002,-2.56,-0.72
-0.006039999999999997,-2.64,-0.64
-0.005999999999999998,-2.64,-0.64
-0.00596,-2.64,-0.56
-0.005920000000000002,-2.64,-0.48
-0.005879999999999996,-2.72,-0.48
-0.005839999999999998,-2.72,-0.48
-0.0058,-2.64,-0.48
-0.005760000000000001,-2.64,-0.4
-0.005719999999999996,-2.64,-0.4
-0.0056799999999999976,-2.64,-0.32
-0.005639999999999999,-2.72,-0.24
-0.005600000000000001,-2.64,-0.24
-0.0055600000000000024,-2.64,-0.16
-0.005519999999999997,-2.64,-0.16
-0.005479999999999999,-2.72,-0.08
-0.00544,-2.64,-0.08
-0.005400000000000002,-2.72,0.0
-0.005359999999999997,-2.64,0.0
-0.005319999999999998,-2.64,0.08
-0.00528,-2.72,0.08
-0.005240000000000002,-2.72,0.16
-0.005199999999999996,-2.72,0.16
-0.005159999999999998,-2.64,0.16
-0.0051199999999999996,-2.72,0.24
-0.005080000000000001,-2.72,0.24
-0.005039999999999996,-2.72,0.32
-0.0049999999999999975,-2.64,0.4
-0.004959999999999999,-2.72,0.4
-0.004920000000000001,-2.72,0.48
-0.004880000000000002,-2.72,0.48
-0.004839999999999997,-2.64,0.48
-0.004799999999999999,-2.64,0.56
-0.00476,-2.64,0.56
-0.004720000000000002,-2.56,0.56
-0.004679999999999997,-2.64,0.64
-0.004639999999999998,-2.64,0.72
-0.0046,-2.56,0.8
-0.0045600000000000016,-2.64,0.8
-0.004519999999999996,-2.64,0.8
-0.004479999999999998,-2.56,0.8
-0.0044399999999999995,-2.56,0.88
-0.004400000000000001,-2.56,0.96
-0.004359999999999996,-2.56,0.96
-0.0043199999999999975,-2.48,1.04
-0.004279999999999999,-2.56,1.04
-0.004240000000000001,-2.56,1.12
-0.004200000000000002,-2.48,1.12
-0.004159999999999997,-2.48,1.2
-0.004119999999999999,-2.48,1.2
-0.00408,-2.48,1.2
-0.004040000000000002,-2.48,1.2
-0.003999999999999997,-2.48,1.28
-0.003959999999999998,-2.4,1.36
-0.00392,-2.4,1.36
-0.0038800000000000015,-2.4,1.44
-0.003839999999999996,-2.4,1.44
-0.003799999999999998,-2.32,1.52
-0.0037599999999999995,-2.4,1.52
-0.003720000000000001,-2.4,1.52
-0.0036799999999999958,-2.32,1.6
-0.0036399999999999974,-2.32,1.6
-0.003599999999999999,-2.32,1.6
-0.0035600000000000007,-2.24,1.68
-0.0035200000000000023,-2.24,1.68
-0.003479999999999997,-2.24,1.76
-0.0034399999999999986,-2.24,1.76
-0.0034000000000000002,-2.16,1.84
-0.003360000000000002,-2.16,1.84
-0.0033199999999999966,-2.16,1.84
-0.003279999999999998,-2.16,1.84
-0.00324,-2.16,1.92
-0.0032000000000000015,-2.08,2.0
-0.003159999999999996,-2.08,2.0
-0.0031199999999999978,-2.08,2.0
-0.0030799999999999994,-2.0,2.08
-0.003040000000000001,-2.0,2.08
-0.0029999999999999957,-2.0,2.16
-0.0029599999999999974,-2.0,2.16
-0.002919999999999999,-2.0,2.16
-0.0028800000000000006,-1.92,2.16
-0.0028400000000000022,-1.92,2.24
-0.002799999999999997,-1.92,2.24
-0.0027599999999999986,-1.92,2.24
-0.00272,-1.84,2.32
-0.002680000000000002,-1.84,2.32
-0.0026399999999999965,-1.84,2.32
-0.002599999999999998,-1.76,2.32
-0.0025599999999999998,-1.68,2.4
-0.0025200000000000014,-1.68,2.4
-0.002479999999999996,-1.68,2.48
-0.0024399999999999977,-1.68,2.4
-0.0023999999999999994,-1.6,2.48
-0.002360000000000001,-1.6,2.48
-0.0023199999999999957,-1.6,2.56
-0.0022799999999999973,-1.52,2.56
-0.002239999999999999,-1.52,2.56
-0.0022000000000000006,-1.52,2.56
-0.002160000000000002,-1.44,2.64
-0.002119999999999997,-1.44,2.64
-0.0020799999999999985,-1.44,2.72
-0.00204,-1.36,2.64
-0.0020000000000000018,-1.36,2.72
-0.0019599999999999965,-1.36,2.72
-0.001919999999999998,-1.36,2.8000000000000003
-0.0018799999999999997,-1.28,2.8000000000000003
-0.0018400000000000014,-1.2,2.8000000000000003
-0.001799999999999996,-1.2,2.8000000000000003
-0.0017599999999999977,-1.2,2.88
-0.0017199999999999993,-1.12,2.88
-0.001680000000000001,-1.12,2.88
-0.0016399999999999956,-1.12,2.88
-0.0015999999999999973,-1.04,2.88
-0.0015599999999999989,-1.04,2.88
-0.0015200000000000005,-1.04,2.88
-0.0014800000000000021,-0.96,2.88
-0.0014399999999999968,-0.96,2.96
-0.0013999999999999985,-0.88,2.96
-0.00136,-0.88,2.96
-0.0013200000000000017,-0.8,2.96
-0.0012799999999999964,-0.8,2.96
-0.001239999999999998,-0.8,3.04
-0.0011999999999999997,-0.72,3.04
-0.0011600000000000013,-0.72,3.04
-0.001119999999999996,-0.72,3.04
-0.0010799999999999976,-0.64,3.04
-0.0010399999999999993,-0.64,3.04
-0.0010000000000000009,-0.56,3.12
-0.0009599999999999956,-0.56,3.12
-0.0009199999999999972,-0.48,3.12
-0.0008799999999999988,-0.48,3.12
-0.0008400000000000005,-0.48,3.12
-0.0008000000000000021,-0.4,3.12
-0.0007599999999999968,-0.4,3.12
-0.0007199999999999984,-0.32,3.12
-0.00068,-0.32,3.12
-0.0006400000000000017,-0.24,3.12
-0.0005999999999999964,-0.24,3.12
-0.000559999999999998,-0.16,3.12
-0.0005199999999999996,-0.16,3.12
-0.00048000000000000126,-0.08,3.12
-0.00043999999999999595,-0.08,3.12
-0.0003999999999999976,-0.08,3.12
-0.0003599999999999992,0.0,3.12
-0.00032000000000000084,0.0,3.12
-0.00027999999999999553,0.0,3.12
-0.00023999999999999716,0.08,3.2
-0.0001999999999999988,0.08,3.2
-0.00016000000000000042,0.08,3.12
-0.00012000000000000205,0.16,3.12
-7.999999999999674e-05,0.16,3.12
-3.999999999999837e-05,0.24,3.12
0.0,0.24,3.12
3.999999999999837e-05,0.24,3.2
8.000000000000368e-05,0.32,3.12
0.00012000000000000205,0.32,3.12
0.00016000000000000042,0.4,3.12
0.0001999999999999988,0.48,3.12
0.0002400000000000041,0.48,3.04
0.00028000000000000247,0.56,3.12
0.00032000000000000084,0.56,3.12
0.0003599999999999992,0.56,3.04
0.0004000000000000045,0.56,3.12
0.0004400000000000029,0.64,3.04
0.00048000000000000126,0.72,3.04
0.0005199999999999996,0.72,3.04
0.000559999999999998,0.72,3.04
0.0006000000000000033,0.8,2.96
0.0006400000000000017,0.8,2.96
0.00068,0.8,2.96
0.0007199999999999984,0.88,2.96
0.0007600000000000037,0.88,2.88
0.0008000000000000021,0.96,2.96
0.0008400000000000005,0.96,2.88
0.0008799999999999988,1.04,2.96
0.0009200000000000041,1.04,2.88
0.0009600000000000025,1.04,2.88
0.0010000000000000009,1.12,2.88
0.0010399999999999993,1.12,2.88
0.0010800000000000046,1.12,2.8000000000000003
0.001120000000000003,1.12,2.8000000000000003
0.0011600000000000013,1.2,2.8000000000000003
0.0011999999999999997,1.2,2.8000000000000003
0.001239999999999998,1.28,2.72
0.0012800000000000034,1.36,2.8000000000000003
0.0013200000000000017,1.36,2.72
0.00136,1.36,2.64
0.0013999999999999985,1.36,2.72
0.0014400000000000038,1.36,2.64
0.0014800000000000021,1.44,2.56
0.0015200000000000005,1.44,2.56
0.0015599999999999989,1.52,2.56
0.0016000000000000042,1.52,2.56
0.0016400000000000026,1.52,2.56
0.001680000000000001,1.52,2.56
0.0017199999999999993,1.6,2.56
0.0017600000000000046,1.6,2.48
0.001800000000000003,1.6,2.48
0.0018400000000000014,1.68,2.4
0.0018799999999999997,1.68,2.4
0.001919999999999998,1.76,2.4
0.0019600000000000034,1.76,2.32
0.0020000000000000018,1.76,2.32
0.00204,1.84,2.24
0.0020799999999999985,1.84,2.24
0.002120000000000004,1.84,2.24
0.002160000000000002,1.84,2.24
0.0022000000000000006,1.92,2.24
0.002239999999999999,1.92,2.16
0.0022800000000000042,1.92,2.16
0.0023200000000000026,1.92,2.16
0.002360000000000001,2.0,2.08
0.0023999999999999994,2.08,2.08
0.0024400000000000047,2.08,2.0
0.002480000000000003,2.08,2.0
0.0025200000000000014,2.08,2.0
0.0025599999999999998,2.16,1.92
0.002599999999999998,2.16,1.92
0.0026400000000000035,2.16,1.84
0.002680000000000002,2.16,1.84
0.00272,2.24,1.84
0.0027599999999999986,2.24,1.76
0.002800000000000004,2.24,1.76
0.0028400000000000022,2.24,1.68
0.0028800000000000006,2.24,1.68
0.002919999999999999,2.24,1.6
0.0029600000000000043,2.24,1.6
0.0030000000000000027,2.32,1.52
0.003040000000000001,2.32,1.52
0.0030799999999999994,2.32,1.52
0.0031200000000000047,2.32,1.52
0.003160000000000003,2.32,1.44
0.0032000000000000015,2.32,1.44
0.00324,2.4,1.44
0.003279999999999998,2.4,1.36
0.0033200000000000035,2.4,1.28
0.003360000000000002,2.4,1.28
0.0034000000000000002,2.48,1.2
0.0034399999999999986,2.48,1.2
0.003480000000000004,2.48,1.2
0.0035200000000000023,2.48,1.12
0.0035600000000000007,2.48,1.12
0.003599999999999999,2.48,1.04
0.0036400000000000043,2.56,0.96
0.0036800000000000027,2.48,0.96
0.003720000000000001,2.56,0.96
0.0037599999999999995,2.48,0.88
0.0038000000000000048,2.56,0.88
0.003840000000000003,2.56,0.8
0.0038800000000000015,2.56,0.72
0.00392,2.64,0.72
0.003959999999999998,2.64,0.72
0.0040000000000000036,2.64,0.64
0.004040000000000002,2.64,0.64
0.00408,2.64,0.56
0.004119999999999999,2.64,0.56
0.004160000000000004,2.64,0.48
0.004200000000000002,2.64,0.56
0.004240000000000001,2.64,0.4
0.004279999999999999,2.64,0.4
0.004320000000000004,2.72,0.32
0.004360000000000003,2.72,0.32
0.004400000000000001,2.64,0.24
0.0044399999999999995,2.72,0.24
0.004480000000000005,2.64,0.16
0.004520000000000003,2.72,0.16
0.0045600000000000016,2.64,0.16
0.0046,2.64,0.08
0.004639999999999998,2.72,0.08
0.004680000000000004,2.72,0.0
0.004720000000000002,2.72,0.0
0.00476,2.64,-0.08
0.004799999999999999,2.64,-0.16
0.004840000000000004,2.64,-0.16
0.004880000000000002,2.72,-0.16
0.004920000000000001,2.72,-0.24
0.004959999999999999,2.72,-0.24
0.0050000000000000044,2.64,-0.32
0.005040000000000003,2.72,-0.32
0.005080000000000001,2.64,-0.4
0.0051199999999999996,2.64,-0.48
0.005160000000000005,2.64,-0.48
0.005200000000000003,2.64,-0.48
0.005240000000000002,2.64,-0.56
0.00528,2.64,-0.56
0.005319999999999998,2.64,-0.64
0.005360000000000004,2.64,-0.64
0.005400000000000002,2.56,-0.72
0.00544,2.56,-0.72
0.005479999999999999,2.64,-0.8
0.005520000000000004,2.56,-0.8
0.0055600000000000024,2.64,-0.88
0.005600000000000001,2.56,-0.88
0.005639999999999999,2.56,-0.88
0.0056800000000000045,2.56,-0.96
0.005720000000000003,2.56,-1.04
0.005760000000000001,2.56,-1.04
0.0058,2.48,-1.12
0.005840000000000005,2.48,-1.12
0.005880000000000003,2.48,-1.2
0.005920000000000002,2.48,-1.2
0.00596,2.48,-1.2
0.005999999999999998,2.48,-1.28
0.006040000000000004,2.48,-1.28
0.006080000000000002,2.4,-1.36
0.0061200000000000004,2.48,-1.44
0.006159999999999999,2.4,-1.36
0.006200000000000004,2.32,-1.44
0.0062400000000000025,2.32,-1.52
0.006280000000000001,2.32,-1.52
0.006319999999999999,2.32,-1.52
0.0063600000000000045,2.32,-1.6
0.006400000000000003,2.32,-1.6
0.006440000000000001,2.24,-1.68
0.00648,2.24,-1.68
0.006520000000000005,2.24,-1.68
0.006560000000000003,2.24,-1.68
0.006600000000000002,2.24,-1.76
0.00664,2.16,-1.76
0.0066799999999999984,2.24,-1.84
0.006720000000000004,2.16,-1.84
0.006760000000000002,2.16,-1.92
0.0068000000000000005,2.16,-1.92
0.006839999999999999,2.16,-2.0
0.006880000000000004,2.08,-2.0
0.0069200000000000025,2.08,-2.0
0.006960000000000001,2.08,-2.08
0.006999999999999999,2.0,-2.08
0.007040000000000005,2.0,-2.16
0.007080000000000003,2.0,-2.16
0.007120000000000001,1.92,-2.16
0.00716,1.92,-2.16
0.007200000000000005,1.92,-2.24
0.007240000000000003,1.92,-2.24
0.007280000000000002,1.84,-2.32
0.00732,1.84,-2.32
0.0073599999999999985,1.84,-2.32
0.007400000000000004,1.84,-2.32
0.007440000000000002,1.76,-2.4
0.0074800000000000005,1.76,-2.4
0.007519999999999999,1.68,-2.4
0.007560000000000004,1.68,-2.48
0.007600000000000003,1.68,-2.48
0.007640000000000001,1.68,-2.48
0.007679999999999999,1.6,-2.48
0.007720000000000005,1.6,-2.56
0.007760000000000003,1.52,-2.56
0.007800000000000001,1.52,-2.56
0.00784,1.52,-2.64
0.007880000000000005,1.44,-2.64
0.007920000000000003,1.44,-2.64
0.007960000000000002,1.44,-2.72
0.008,1.36,-2.72
0.008039999999999999,1.36,-2.72
0.008080000000000004,1.36,-2.8000000000000003
0.008120000000000002,1.28,-2.8000000000000003
0.00816,1.28,-2.8000000000000003
0.008199999999999999,1.28,-2.8000000000000003
0.008240000000000004,1.2,-2.8000000000000003
0.008280000000000003,1.2,-2.8000000000000003
0.008320000000000001,1.12,-2.8000000000000003
0.00836,1.12,-2.88
0.008400000000000005,1.12,-2.88
0.008440000000000003,1.12,-2.88
0.008480000000000001,1.04,-2.88
0.00852,0.96,-2.88
0.008560000000000005,0.96,-2.88
0.008600000000000003,0.88,-2.96
0.008640000000000002,0.96,-2.96
0.00868,0.88,-2.96
0.008719999999999999,0.8,-2.96
0.008760000000000004,0.8,-3.04
0.008800000000000002,0.8,-3.04
0.00884,0.72,-3.04
0.008879999999999999,0.72,-3.04
0.008920000000000004,0.64,-3.04
0.008960000000000003,0.64,-3.04
0.009000000000000001,0.64,-3.04
0.00904,0.56,-3.04
0.009080000000000005,0.56,-3.12
0.009120000000000003,0.48,-3.12
0.009160000000000001,0.48,-3.04
0.0092,0.4,-3.04
0.009240000000000005,0.4,-3.12
0.009280000000000004,0.4,-3.04
0.009320000000000002,0.32,-3.12
0.00936,0.32,-3.12
0.009399999999999999,0.24,-3.12
0.009440000000000004,0.24,-3.04
0.009480000000000002,0.24,-3.12
0.00952,0.16,-3.12
0.009559999999999999,0.16,-3.12
0.009600000000000004,0.08,-3.12
0.009640000000000003,0.08,-3.12
0.009680000000000001,0.08,-3.12
0.00972,0.0,-3.12
0.009760000000000005,0.0,-3.12
0.009800000000000003,0.0,-3.12
0.009840000000000002,-0.08,-3.12
0.00988,-0.16,-3.12
0.009920000000000005,-0.16,-3.04
0.009960000000000004,-0.24,-3.04
0.010000000000000002,-0.24,-3.12
0.01004,-0.24,-3.12
0.010079999999999999,-0.24,-3.12
0.010120000000000004,-0.32,-3.12
0.010160000000000002,-0.4,-3.12
0.0102,-0.4,-3.04
0.010239999999999999,-0.48,-3.12
0.010280000000000004,-0.48,-3.04
0.010320000000000003,-0.48,-3.12
0.010360000000000001,-0.56,-3.04
0.0104,-0.56,-3.04
0.010440000000000005,-0.64,-3.04
0.010480000000000003,-0.64,-3.04
0.010520000000000002,-0.64,-2.96
0.01056,-0.72,-2.96
0.010600000000000005,-0.72,-2.96
0.010640000000000004,-0.72,-2.96
0.010680000000000002,-0.8,-2.96
0.01072,-0.8,-2.96
0.010759999999999999,-0.88,-2.88
0.010800000000000004,-0.88,-2.88
0.010840000000000002,-0.96,-2.88
0.01088,-0.96,-2.88
0.01092,-0.96,-2.88
0.010960000000000004,-1.04,-2.8000000000000003
0.011000000000000003,-1.04,-2.8000000000000003
0.011040000000000001,-1.04,-2.8000000000000003
0.01108,-1.12,-2.8000000000000003
0.011120000000000005,-1.12,-2.8000000000000003
0.011160000000000003,-1.2,-2.72
0.011200000000000002,-1.2,-2.72
0.01124,-1.28,-2.8000000000000003
0.011280000000000005,-1.28,-2.72
0.011320000000000004,-1.28,-2.72
0.011360000000000002,-1.28,-2.72
0.0114,-1.36,-2.64
0.011440000000000006,-1.36,-2.64
0.011480000000000004,-1.36,-2.64
0.011520000000000002,-1.44,-2.64
0.01156,-1.52,-2.56
0.0116,-1.44,-2.56
0.011640000000000005,-1.52,-2.56
0.011680000000000003,-1.52,-2.48
0.011720000000000001,-1.6,-2.48
0.01176,-1.6,-2.48
0.011800000000000005,-1.6,-2.48
0.011840000000000003,-1.68,-2.4
0.011880000000000002,-1.68,-2.4
0.01192,-1.68,-2.4
0.011960000000000005,-1.76,-2.32
0.012000000000000004,-1.76,-2.24
0.012040000000000002,-1.76,-2.32
0.01208,-1.76,-2.24
0.012120000000000006,-1.84,-2.16
0.012160000000000004,-1.84,-2.16
0.012200000000000003,-1.84,-2.16
0.012240000000000001,-1.92,-2.16
0.01228,-1.92,-2.16
0.012320000000000005,-2.0,-2.08
0.012360000000000003,-1.92,-2.08
0.012400000000000001,-2.0,-2.0
0.01244,-2.0,-2.0
0.012480000000000005,-2.08,-2.0
0.012520000000000003,-2.08,-1.92
0.012560000000000002,-2.08,-1.84
0.0126,-2.08,-1.92
0.012639999999999998,-2.16,-1.84
0.012679999999999997,-2.16,-1.84
0.012720000000000009,-2.16,-1.76
0.012760000000000007,-2.16,-1.76
0.012800000000000006,-2.24,-1.76
0.012840000000000004,-2.16,-1.68
0.012880000000000003,-2.24,-1.68
0.012920000000000001,-2.24,-1.6
0.01296,-2.24,-1.6
0.012999999999999998,-2.32,-1.52
0.013039999999999996,-2.32,-1.44
0.013080000000000008,-2.4,-1.44
0.013120000000000007,-2.32,-1.44
0.013160000000000005,-2.4,-1.44
0.013200000000000003,-2.4,-1.36
0.013240000000000002,-2.4,-1.36
0.01328,-2.4,-1.28
0.013319999999999999,-2.48,-1.28
0.013359999999999997,-2.48,-1.2
0.013400000000000009,-2.48,-1.2
0.013440000000000007,-2.48,-1.2
0.013480000000000006,-2.48,-1.12
0.013520000000000004,-2.48,-1.12
0.013560000000000003,-2.48,-1.04
0.013600000000000001,-2.48,-0.96
0.01364,-2.48,-0.96
0.013679999999999998,-2.56,-0.96
0.013719999999999996,-2.56,-0.88
0.013760000000000008,-2.56,-0.88
0.013800000000000007,-2.56,-0.8
0.013840000000000005,-2.56,-0.8
0.013880000000000003,-2.56,-0.72
0.013920000000000002,-2.56,-0.72
0.01396,-2.56,-0.64
0.013999999999999999,-2.64,-0.64
0.014039999999999997,-2.56,-0.64
0.01408000000000001,-2.64,-0.56
0.014120000000000008,-2.56,-0.48
0.014160000000000006,-2.64,-0.48
0.014200000000000004,-2.64,-0.48
0.014240000000000003,-2.64,-0.4
0.014280000000000001,-2.64,-0.32
0.01432,-2.64,-0.32
0.014359999999999998,-2.64,-0.24
0.014399999999999996,-2.64,-0.16
0.014440000000000008,-2.64,-0.16
0.014480000000000007,-2.64,-0.16
0.014520000000000005,-2.72,-0.16
0.014560000000000003,-2.72,-0.08
0.014600000000000002,-2.64,0.0
0.01464,-2.72,0.08
0.014679999999999999,-2.72,0.08
0.014719999999999997,-2.72,0.08
0.01476000000000001,-2.64,0.08
0.014800000000000008,-2.64,0.16
0.014840000000000006,-2.64,0.16
0.014880000000000004,-2.64,0.24
0.014920000000000003,-2.64,0.24
0.014960000000000001,-2.64,0.32
0.015,-2.64,0.32
0.015039999999999998,-2.72,0.4
0.015079999999999996,-2.72,0.48
0.015120000000000008,-2.64,0.48
0.015160000000000007,-2.64,0.48
0.015200000000000005,-2.64,0.56
0.015240000000000004,-2.64,0.56
0.015280000000000002,-2.64,0.64
0.01532,-2.64,0.72
0.015359999999999999,-2.64,0.64
0.015399999999999997,-2.56,0.72
0.01544000000000001,-2.56,0.8
0.015480000000000008,-2.64,0.8
0.015520000000000006,-2.64,0.88
0.015560000000000004,-2.56,0.88
0.015600000000000003,-2.56,0.88
0.01564,-2.64,0.96
0.01568,-2.56,1.04
0.015719999999999998,-2.56,1.04
0.015759999999999996,-2.48,1.12
0.01580000000000001,-2.56,1.12
0.015840000000000007,-2.56,1.2
0.015880000000000005,-2.48,1.2
0.015920000000000004,-2.48,1.28
0.015960000000000002,-2.48,1.28
0.016,-2.48,1.28
0.01604,-2.48,1.36
0.016079999999999997,-2.48,1.36
0.01612000000000001,-2.4,1.44
0.016160000000000008,-2.4,1.44
0.016200000000000006,-2.4,1.52
0.016240000000000004,-2.32,1.52
0.016280000000000003,-2.4,1.52
0.01632,-2.32,1.6
0.01636,-2.32,1.6
0.016399999999999998,-2.24,1.68
0.016439999999999996,-2.32,1.68
0.01648000000000001,-2.24,1.68
0.016520000000000007,-2.24,1.68
0.016560000000000005,-2.16,1.84
0.016600000000000004,-2.16,1.84
0.016640000000000002,-2.24,1.84
0.01668,-2.16,1.92
0.01672,-2.16,1.92
0.016759999999999997,-2.16,1.92
0.01680000000000001,-2.08,2.0
0.016840000000000008,-2.16,2.0
0.016880000000000006,-2.08,2.08
0.016920000000000004,-2.0,2.08
0.016960000000000003,-2.0,2.16
0.017,-2.0,2.16
0.01704,-2.0,2.16
0.017079999999999998,-2.0,2.16
0.017119999999999996,-1.92,2.16
0.01716000000000001,-1.92,2.16
0.017200000000000007,-1.92,2.24
0.017240000000000005,-1.92,2.24
0.017280000000000004,-1.84,2.24
0.017320000000000002,-1.84,2.32
0.01736,-1.76,2.32
0.0174,-1.76,2.32
0.017439999999999997,-1.68,2.4
0.01748000000000001,-1.76,2.4
0.017520000000000008,-1.68,2.4
0.017560000000000006,-1.68,2.48
0.017600000000000005,-1.6,2.48
0.017640000000000003,-1.6,2.56
0.01768,-1.52,2.56
0.01772,-1.52,2.56
0.017759999999999998,-1.52,2.56
0.017799999999999996,-1.52,2.64
0.01784000000000001,-1.44,2.64
0.017880000000000007,-1.44,2.64
0.017920000000000005,-1.44,2.64
0.017960000000000004,-1.36,2.72
0.018000000000000002,-1.36,2.72
0.01804,-1.36,2.72
0.01808,-1.28,2.72
0.018119999999999997,-1.28,2.8000000000000003
0.01816000000000001,-1.2,2.8000000000000003
0.018200000000000008,-1.2,2.8000000000000003
0.018240000000000006,-1.2,2.88
0.018280000000000005,-1.12,2.88
0.018320000000000003,-1.12,2.88
0.01836,-1.12,2.88
0.0184,-1.12,2.88
0.018439999999999998,-1.04,2.88
0.018479999999999996,-0.96,2.96
0.01852000000000001,-0.96,2.88
0.018560000000000007,-0.96,2.96
0.018600000000000005,-0.88,2.96
0.018640000000000004,-0.88,2.96
0.018680000000000002,-0.88,2.96
0.01872,-0.8,2.96
0.01876,-0.8,2.96
0.018799999999999997,-0.8,3.04
0.01884000000000001,-0.72,3.04
0.018880000000000008,-0.64,3.04
0.018920000000000006,-0.56,3.04
0.018960000000000005,-0.56,3.04
0.019000000000000003,-0.56,3.12
0.01904,-0.56,3.04
0.01908,-0.48,3.04
0.019119999999999998,-0.48,3.04
0.019159999999999996,-0.4,3.12
0.01920000000000001,-0.4,3.12
0.019240000000000007,-0.32,3.12
0.019280000000000005,-0.32,3.12
0.019320000000000004,-0.32,3.12
0.019360000000000002,-0.24,3.12
0.0194,-0.24,3.2
0.01944,-0.16,3.12
0.019479999999999997,-0.24,3.12
0.01952000000000001,-0.08,3.12
0.019560000000000008,-0.08,3.12
0.019600000000000006,0.0,3.12
0.019640000000000005,0.0,3.12
0.019680000000000003,0.0,3.12
0.01972,0.08,3.2
0.01976,0.08,3.12
0.019799999999999998,0.08,3.12
0.019839999999999997,0.16,3.12
0.01988000000000001,0.16,3.12
0.019920000000000007,0.16,3.12
0.019960000000000006,0.24,3.12
0.020000000000000004,0.24,3.12
0.020040000000000002,0.32,3.12
0.02008,0.4,3.12
0.02012,0.32,3.12
0.020159999999999997,0.4,3.12
0.02020000000000001,0.48,3.12
0.020240000000000008,0.48,3.12
0.020280000000000006,0.56,3.04
0.020320000000000005,0.56,3.04
0.020360000000000003,0.56,3.04
0.0204,0.64,3.04
0.02044,0.64,3.04
0.020479999999999998,0.72,3.04
0.020519999999999997,0.72,3.04
0.02056000000000001,0.72,3.04
0.020600000000000007,0.8,2.96
0.020640000000000006,0.8,2.96
0.020680000000000004,0.8,2.96
0.020720000000000002,0.88,2.96
0.02076,0.88,2.96
0.0208,0.96,2.96
0.020839999999999997,0.88,2.88
0.02088000000000001,0.96,2.96
0.020920000000000008,1.04,2.88
0.020960000000000006,1.04,2.88
0.021000000000000005,1.12,2.88
0.021040000000000003,1.12,2.88
0.02108,1.12,2.88
0.02112,1.12,2.88
0.021159999999999998,1.2,2.8000000000000003
0.021199999999999997,1.28,2.8000000000000003
0.02124000000000001,1.2,2.72
0.021280000000000007,1.36,2.72
0.021320000000000006,1.36,2.72
0.021360000000000004,1.36,2.72
0.021400000000000002,1.36,2.64
0.02144,1.36,2.64
0.02148,1.44,2.64
0.021519999999999997,1.44,2.56
0.02156000000000001,1.52,2.56
0.021600000000000008,1.52,2.56
0.021640000000000006,1.52,2.56
0.021680000000000005,1.6,2.56
0.021720000000000003,1.6,2.48
0.02176,1.6,2.48
0.0218,1.68,2.48
0.02184,1.68,2.4
0.021879999999999997,1.76,2.4
0.02192000000000001,1.76,2.4
0.021960000000000007,1.76,2.4
0.022000000000000006,1.76,2.32
0.022040000000000004,1.84,2.32
0.022080000000000002,1.84,2.32
0.02212,1.84,2.24
0.02216,1.92,2.24
0.022199999999999998,1.92,2.24
0.02224000000000001,1.92,2.16
0.022280000000000008,1.92,2.16
0.022320000000000007,1.92,2.08
0.022360000000000005,2.0,2.08
0.022400000000000003,2.0,2.08
0.02244,2.0,2.08
0.02248,2.08,2.0
0.02252,2.08,2.0
0.022559999999999997,2.16,1.92
0.02260000000000001,2.16,1.92
0.022640000000000007,2.16,1.92
0.022680000000000006,2.16,1.84
0.022720000000000004,2.16,1.84
0.022760000000000002,2.24,1.76
0.0228,2.24,1.76
0.02284,2.24,1.76
0.022879999999999998,2.24,1.6
0.02292000000000001,2.24,1.6
0.022960000000000008,2.32,1.6
0.023000000000000007,2.32,1.6
0.023040000000000005,2.32,1.52
0.023080000000000003,2.32,1.52
0.02312,2.32,1.52
0.02316,2.32,1.44
0.0232,2.4,1.44
0.023239999999999997,2.4,1.36
0.02328000000000001,2.4,1.36
0.023320000000000007,2.4,1.28
0.023360000000000006,2.48,1.28
0.023400000000000004,2.48,1.2
0.023440000000000003,2.48,1.2
0.02348,2.48,1.2
0.02352,2.48,1.12
0.023559999999999998,2.48,1.12
0.02360000000000001,2.48,1.04
0.023640000000000008,2.56,0.96
0.023680000000000007,2.48,0.96
0.023720000000000005,2.56,0.88
0.023760000000000003,2.56,0.88
0.0238,2.56,0.88
0.02384,2.56,0.8
0.02388,2.56,0.8
0.023919999999999997,2.64,0.8
0.02396000000000001,2.64,0.72
0.024000000000000007,2.64,0.64
0.024040000000000006,2.64,0.56
0.024080000000000004,2.64,0.56
0.024120000000000003,2.64,0.56
0.02416,2.64,0.48
0.0242,2.64,0.48
0.024239999999999998,2.72,0.4
0.02428000000000001,2.64,0.4
0.02432000000000001,2.64,0.32
0.024360000000000007,2.64,0.32
0.024400000000000005,2.64,0.24
0.024440000000000003,2.64,0.24
0.024480000000000002,2.72,0.16
0.02452,2.72,0.16
0.02456,2.72,0.08
0.024599999999999997,2.72,0.08
0.02464000000000001,2.72,0.08
0.024680000000000007,2.64,0.0
0.024720000000000006,2.72,0.0
0.024760000000000004,2.64,-0.08
0.024800000000000003,2.72,-0.08
0.02484,2.64,-0.16
0.02488,2.64,-0.24
0.024919999999999998,2.72,-0.24
0.02496000000000001,2.72,-0.32
0.02500000000000001,2.72,-0.32
0.025040000000000007,2.64,-0.32
0.025080000000000005,2.64,-0.4
0.025120000000000003,2.64,-0.48
0.025160000000000002,2.64,-0.48
0.0252,2.64,-0.48
0.02524,2.64,-0.56
0.025279999999999997,2.64,-0.64
0.02532000000000001,2.64,-0.64
0.025360000000000008,2.56,-0.72
0.025400000000000006,2.56,-0.72
0.025440000000000004,2.56,-0.72
0.025480000000000003,2.56,-0.8
0.02552,2.56,-0.8
0.02556,2.56,-0.88
0.025599999999999998,2.56,-0.88
0.02564000000000001,2.56,-0.96
0.02568000000000001,2.56,-0.96
0.025720000000000007,2.48,-1.04
0.025760000000000005,2.56,-1.04
0.025800000000000003,2.56,-1.12
0.025840000000000002,2.48,-1.12
0.02588,2.48,-1.2
0.02592,2.48,-1.28
0.025959999999999997,2.48,-1.28
0.02600000000000001,2.48,-1.28
0.026040000000000008,2.48,-1.28
0.026080000000000006,2.4,-1.28
0.026120000000000004,2.4,-1.36
0.026160000000000003,2.4,-1.44
0.0262,2.4,-1.44
0.02624,2.4,-1.44
0.026279999999999998,2.32,-1.52
0.02632000000000001,2.32,-1.52
0.02636000000000001,2.32,-1.52
0.026400000000000007,2.32,-1.6
0.026440000000000005,2.24,-1.6
0.026480000000000004,2.24,-1.68
0.026520000000000002,2.24,-1.76
0.02656,2.24,-1.76
0.0266,2.16,-1.76
0.026639999999999997,2.24,-1.76
0.02668000000000001,2.16,-1.92
0.026720000000000008,2.16,-1.84
0.026760000000000006,2.16,-1.92
0.026800000000000004,2.16,-1.92
0.026840000000000003,2.16,-2.0
0.02688,2.08,-2.0
0.02692,2.08,-2.0
0.026959999999999998,2.08,-2.0
0.02700000000000001,2.08,-2.08
0.02704000000000001,2.0,-2.08
0.027080000000000007,2.0,-2.16
0.027120000000000005,1.92,-2.16
0.027160000000000004,1.92,-2.16
0.027200000000000002,1.92,-2.16
0.02724,1.92,-2.24
0.02728,1.84,-2.24
0.027319999999999997,1.84,-2.32
0.02736000000000001,1.76,-2.32
0.027400000000000008,1.76,-2.32
0.027440000000000006,1.76,-2.4
0.027480000000000004,1.76,-2.48
0.027520000000000003,1.76,-2.4
0.02756,1.68,-2.48
0.0276,1.68,-2.48
0.027639999999999998,1.6,-2.48
0.02768000000000001,1.6,-2.48
0.02772000000000001,1.6,-2.56
0.027760000000000007,1.52,-2.56
0.027800000000000005,1.52,-2.56
0.027840000000000004,1.52,-2.64
0.027880000000000002,1.52,-2.64
0.02792,1.44,-2.64
0.02796,1.44,-2.72
0.027999999999999997,1.36,-2.72
0.02804000000000001,1.36,-2.72
0.028080000000000008,1.36,-2.8000000000000003
0.028120000000000006,1.36,-2.8000000000000003
0.028160000000000004,1.28,-2.8000000000000003
0.028200000000000003,1.28,-2.8000000000000003
0.02824,1.28,-2.8000000000000003
0.02828,1.2,-2.8000000000000003
0.028319999999999998,1.12,-2.8000000000000003
0.02836000000000001,1.12,-2.88
0.02840000000000001,1.12,-2.88
0.028440000000000007,1.04,-2.88
0.028480000000000005,1.04,-2.88
0.028520000000000004,0.96,-2.88
0.028560000000000002,0.96,-2.88
0.0286,0.88,-2.96
0.02864,0.88,-2.96
0.028679999999999997,0.8,-2.96
0.02872000000000001,0.8,-3.04
0.028760000000000008,0.8,-3.04
0.028800000000000006,0.8,-3.04
0.028840000000000005,0.8,-3.04
0.028880000000000003,0.72,-3.04
0.02892,0.72,-3.04
0.02896,0.64,-3.04
0.028999999999999998,0.56,-3.04
0.02904000000000001,0.56,-3.04
0.02908000000000001,0.56,-3.12
0.029120000000000007,0.56,-3.04
0.029160000000000005,0.48,-3.04
0.029200000000000004,0.48,-3.04
0.029240000000000002,0.4,-3.12
0.02928,0.4,-3.12
0.02932,0.32,-3.12
0.029359999999999997,0.24,-3.04
0.02940000000000001,0.24,-3.12
0.029440000000000008,0.24,-3.12
0.029480000000000006,0.24,-3.12
0.029520000000000005,0.16,-3.12
0.029560000000000003,0.16,-3.12
0.0296,0.08,-3.12
0.02964,0.08,-3.12
0.029679999999999998,0.0,-3.12
0.02972000000000001,0.0,-3.12
0.02976000000000001,0.0,-3.12
0.029800000000000007,-0.08,-3.12
0.029840000000000005,-0.08,-3.12
0.029880000000000004,-0.16,-3.12
0.029920000000000002,-0.16,-3.12
0.02996,-0.16,-3.12
0.03,-0.16,-3.04
0.030039999999999997,-0.24,-3.12
0.03008000000000001,-0.32,-3.12
0.030120000000000008,-0.32,-3.12
0.030160000000000006,-0.32,-3.04
0.030200000000000005,-0.4,-3.12
0.030240000000000003,-0.48,-3.04
0.03028,-0.48,-3.04
0.03032,-0.48,-3.04
0.030359999999999998,-0.48,-3.04
0.03040000000000001,-0.56,-3.04
0.03044000000000001,-0.56,-2.96
0.030480000000000007,-0.64,-3.04
0.030520000000000005,-0.64,-3.04
0.030560000000000004,-0.72,-3.04
0.030600000000000002,-0.8,-2.96
0.03064,-0.8,-2.96
0.03068,-0.8,-2.96
0.030719999999999997,-0.8,-2.96
0.03076000000000001,-0.88,-2.96
0.030800000000000008,-0.88,-2.88
0.030840000000000006,-0.88,-2.88
0.030880000000000005,-0.96,-2.88
0.030920000000000003,-0.96,-2.88
0.03096,-1.04,-2.8000000000000003
0.031,-1.12,-2.8000000000000003
0.031039999999999998,-1.12,-2.8000000000000003
0.03108000000000001,-1.12,-2.8000000000000003
0.03112000000000001,-1.12,-2.8000000000000003
0.031160000000000007,-1.12,-2.8000000000000003
0.031200000000000006,-1.2,-2.8000000000000003
0.031240000000000004,-1.28,-2.8000000000000003
0.03128,-1.28,-2.72
0.03132,-1.28,-2.72
0.03136,-1.28,-2.72
0.0314,-1.36,-2.64
0.03144000000000001,-1.36,-2.56
0.03148000000000001,-1.44,-2.64
0.031520000000000006,-1.44,-2.64
0.031560000000000005,-1.44,-2.56
0.0316,-1.44,-2.48
0.03164,-1.52,-2.48
0.03168,-1.6,-2.56
0.03172,-1.6,-2.48
0.03176000000000001,-1.6,-2.48
0.03180000000000001,-1.6,-2.48
0.03184000000000001,-1.6,-2.4
0.031880000000000006,-1.68,-2.4
0.031920000000000004,-1.68,-2.4
0.03196,-1.76,-2.32
0.032,-1.76,-2.32
0.03204,-1.76,-2.32
0.03208,-1.84,-2.24
0.03212000000000001,-1.84,-2.16
0.03216000000000001,-1.92,-2.24
0.032200000000000006,-1.84,-2.16
0.032240000000000005,-1.92,-2.16
0.03228,-1.92,-2.08
0.03232,-2.0,-2.08
0.03236,-1.92,-2.08
0.0324,-2.0,-2.0
0.03244000000000001,-2.0,-2.0
0.03248000000000001,-2.08,-2.0
0.03252000000000001,-2.08,-1.92
0.032560000000000006,-2.08,-1.92
0.032600000000000004,-2.08,-1.92
0.03264,-2.08,-1.84
0.03268,-2.16,-1.84
0.03272,-2.16,-1.76
0.03276,-2.16,-1.76
0.03280000000000001,-2.16,-1.76
0.03284000000000001,-2.16,-1.68
0.032880000000000006,-2.24,-1.68
0.032920000000000005,-2.24,-1.6
0.03296,-2.32,-1.52
0.033,-2.24,-1.52
0.03304,-2.32,-1.52
0.03308,-2.32,-1.44
0.03312000000000001,-2.4,-1.44
0.03316000000000001,-2.4,-1.44
0.03320000000000001,-2.4,-1.36
0.033240000000000006,-2.4,-1.36
0.033280000000000004,-2.4,-1.36
0.03332,-2.4,-1.28
0.03336,-2.48,-1.2
0.0334,-2.48,-1.2
0.03344,-2.48,-1.12
0.03348000000000001,-2.48,-1.12
0.03352000000000001,-2.48,-1.12
0.033560000000000006,-2.48,-1.04
0.033600000000000005,-2.56,-1.04
0.03364,-2.48,-0.96
0.03368,-2.48,-0.96
0.03372,-2.56,-0.88
0.03376,-2.56,-0.88
0.03380000000000001,-2.56,-0.8
0.03384000000000001,-2.56,-0.8
0.03388000000000001,-2.56,-0.72
0.033920000000000006,-2.64,-0.72
0.033960000000000004,-2.56,-0.64
0.034,-2.56,-0.64
0.03404,-2.64,-0.56
0.03408,-2.64,-0.56
0.03412,-2.64,-0.48
0.03416000000000001,-2.64,-0.48
0.03420000000000001,-2.64,-0.4
0.03424000000000001,-2.64,-0.4
0.034280000000000005,-2.64,-0.32
0.03432,-2.72,-0.32
0.03436,-2.72,-0.24
0.0344,-2.72,-0.24
0.03444,-2.64,-0.16
0.03448000000000001,-2.72,-0.16
0.03452000000000001,-2.72,-0.16
0.03456000000000001,-2.72,0.0
0.034600000000000006,-2.72,0.0
0.034640000000000004,-2.72,0.0
0.03468,-2.64,0.08
0.03472,-2.72,0.16
0.03476,-2.72,0.08
0.0348,-2.64,0.16
0.03484000000000001,-2.64,0.16
0.03488000000000001,-2.64,0.24
0.03492000000000001,-2.64,0.24
0.034960000000000005,-2.72,0.24
0.035,-2.72,0.32
0.03504,-2.64,0.4
0.03508,-2.64,0.48
0.03512,-2.64,0.48
0.03516000000000001,-2.64,0.48
0.03520000000000001,-2.64,0.56
0.03524000000000001,-2.64,0.64
0.035280000000000006,-2.64,0.64
0.035320000000000004,-2.64,0.64
0.03536,-2.64,0.72
0.0354,-2.64,0.72
0.03544,-2.64,0.8
0.03548,-2.64,0.8
0.03552000000000001,-2.56,0.88
0.03556000000000001,-2.56,0.88
0.03560000000000001,-2.56,0.96
0.035640000000000005,-2.56,0.96
0.03568,-2.56,1.04
0.03572,-2.48,1.04
0.03576,-2.56,1.12
0.0358,-2.56,1.2
0.03584000000000001,-2.48,1.2
0.03588000000000001,-2.48,1.2
0.03592000000000001,-2.48,1.2
0.035960000000000006,-2.48,1.28
0.036000000000000004,-2.48,1.28
0.03604,-2.48,1.36
0.03608,-2.48,1.36
0.03612,-2.4,1.36
0.03616,-2.4,1.44
0.03620000000000001,-2.32,1.52
0.03624000000000001,-2.4,1.52
0.03628000000000001,-2.32,1.52
0.036320000000000005,-2.32,1.52
0.03636,-2.32,1.6
0.0364,-2.32,1.6
0.03644,-2.32,1.68
0.03648,-2.24,1.76
0.03652000000000001,-2.16,1.76
0.03656000000000001,-2.16,1.76
0.03660000000000001,-2.16,1.76
0.036640000000000006,-2.16,1.84
0.036680000000000004,-2.16,1.84
0.03672,-2.16,1.92
0.03676,-2.16,1.92
0.0368,-2.16,2.0
0.03684,-2.16,2.0
0.03688000000000001,-2.08,2.0
0.03692000000000001,-2.08,2.08
0.03696000000000001,-2.0,2.08
0.037000000000000005,-2.0,2.16
0.037040000000000003,-2.0,2.16
0.03708,-1.92,2.16
0.03712,-1.92,2.24
0.03716,-1.92,2.24
0.03720000000000001,-1.92,2.24
0.03724000000000001,-1.84,2.24
0.03728000000000001,-1.84,2.24
0.037320000000000006,-1.84,2.24
0.037360000000000004,-1.76,2.32
0.0374,-1.76,2.32
0.03744,-1.76,2.4
0.03748,-1.68,2.4
0.03752,-1.68,2.4
0.03756000000000001,-1.6,2.48
0.03760000000000001,-1.6,2.48
0.03764000000000001,-1.6,2.56
0.037680000000000005,-1.6,2.56
0.037720000000000004,-1.6,2.56
0.03776,-1.52,2.56
0.0378,-1.52,2.64
0.03784,-1.44,2.64
0.03788000000000001,-1.36,2.64
0.03792000000000001,-1.36,2.64
0.03796000000000001,-1.36,2.72
0.038000000000000006,-1.36,2.72
0.038040000000000004,-1.28,2.72
0.03808,-1.28,2.72
0.03812,-1.28,2.8000000000000003
0.03816,-1.2,2.8000000000000003
0.0382,-1.2,2.8000000000000003
0.03824000000000001,-1.2,2.8000000000000003
0.03828000000000001,-1.12,2.88
0.03832000000000001,-1.12,2.88
0.038360000000000005,-1.12,2.88
0.038400000000000004,-1.12,2.88
0.03844,-1.04,2.88
0.03848,-0.96,2.88
0.03852,-0.96,2.96
0.03856000000000001,-0.88,2.96
0.03860000000000001,-0.88,2.96
0.03864000000000001,-0.88,2.96
0.038680000000000006,-0.8,2.96
0.038720000000000004,-0.8,3.04
0.03876,-0.8,3.04
0.0388,-0.72,3.04
0.03884,-0.64,3.04
0.03888,-0.64,3.04
0.03892000000000001,-0.64,3.04
0.03896000000000001,-0.56,3.12
0.03900000000000001,-0.56,3.12
0.039040000000000005,-0.56,3.12
0.039080000000000004,-0.48,3.12
0.03912,-0.48,3.12
0.03916,-0.4,3.04
0.0392,-0.4,3.12
0.03924000000000001,-0.32,3.12
0.03928000000000001,-0.32,3.12
0.03932000000000001,-0.32,3.12
0.039360000000000006,-0.24,3.12
0.039400000000000004,-0.24,3.2
0.03944,-0.24,3.12
0.03948,-0.24,3.12
0.03952,-0.08,3.12
0.03956,-0.08,3.2
0.03960000000000001,-0.08,3.2
0.03964000000000001,0.0,3.12
0.03968000000000001,0.0,3.2
0.039720000000000005,0.08,3.12
0.039760000000000004,0.08,3.2
0.0398,0.08,3.12
0.03984,0.16,3.12
0.03988,0.16,3.12
0.03992000000000001,0.24,3.12
0.03996000000000001,0.24,3.12
0.04000000000000001,0.24,3.12
0.040040000000000006,0.32,3.12
0.040080000000000005,0.4,3.12
0.04012,0.32,3.12
0.04016,0.4,3.04
0.0402,0.48,3.12
0.04024,0.4,3.12
0.04028000000000001,0.48,3.12
0.04032000000000001,0.56,3.12
0.04036000000000001,0.56,3.04
0.040400000000000005,0.64,3.04
0.040440000000000004,0.64,3.04
0.04048,0.64,3.04
0.04052,0.72,3.04
0.04056,0.8,2.96
0.04060000000000001,0.8,2.96
0.04064000000000001,0.8,2.96
0.04068000000000001,0.8,2.96
0.040720000000000006,0.88,2.96
0.040760000000000005,0.88,2.96
0.0408,0.88,2.88
0.04084,0.96,2.88
0.04088,0.96,2.88
0.04092,1.04,2.88
0.04096000000000001,1.04,2.88
0.04100000000000001,1.12,2.88
0.04104000000000001,1.12,2.8000000000000003
0.041080000000000005,1.12,2.8000000000000003
0.041120000000000004,1.2,2.8000000000000003
0.04116,1.2,2.8000000000000003
0.0412,1.2,2.8000000000000003
0.04124,1.28,2.72
0.04128000000000001,1.36,2.72
0.04132000000000001,1.28,2.72
0.04136000000000001,1.36,2.64
0.041400000000000006,1.44,2.64
0.041440000000000005,1.44,2.64
0.04148,1.44,2.64
0.04152,1.44,2.56
0.04156,1.52,2.56
0.0416,1.52,2.56
0.04164000000000001,1.52,2.56
0.04168000000000001,1.6,2.56
0.04172000000000001,1.6,2.56
0.041760000000000005,1.68,2.48
0.041800000000000004,1.68,2.48
0.04184,1.68,2.4
0.04188,1.76,2.4
0.04192,1.68,2.4
0.04196000000000001,1.76,2.32
0.04200000000000001,1.76,2.32
0.04204000000000001,1.84,2.32
0.042080000000000006,1.92,2.24
0.042120000000000005,1.84,2.24
0.04216,1.92,2.24
0.0422,1.92,2.16
0.04224,1.92,2.24
0.04228,1.92,2.16
0.04232000000000001,2.0,2.08
0.04236000000000001,2.0,2.08
0.04240000000000001,2.0,2.08
0.042440000000000005,2.08,2.0
0.042480000000000004,2.08,2.0
0.04252,2.08,2.0
0.04256,2.16,1.92
0.0426,2.16,1.92
0.04264000000000001,2.16,1.84
0.04268000000000001,2.16,1.84
0.04272000000000001,2.24,1.76
0.042760000000000006,2.24,1.84
0.042800000000000005,2.24,1.76
0.04284,2.24,1.68
0.04288,2.24,1.68
0.04292,2.24,1.68
0.04296,2.24,1.6
0.04300000000000001,2.32,1.52
0.04304000000000001,2.24,1.52
0.04308000000000001,2.4,1.52
0.043120000000000006,2.32,1.52
0.043160000000000004,2.32,1.44
0.0432,2.4,1.44
0.04324,2.4,1.36
0.04328,2.4,1.36
0.04332000000000001,2.4,1.28
0.04336000000000001,2.4,1.28
0.04340000000000001,2.4,1.2
0.043440000000000006,2.48,1.2
0.043480000000000005,2.48,1.12
0.04352,2.48,1.12
0.04356,2.48,1.12
0.0436,2.48,1.04
0.04364,2.56,1.04
0.04368000000000001,2.48,0.96
0.04372000000000001,2.56,0.96
0.04376000000000001,2.56,0.88
0.043800000000000006,2.56,0.88
0.043840000000000004,2.56,0.8
0.04388,2.56,0.8
0.04392,2.64,0.8
0.04396,2.64,0.72
0.04400000000000001,2.64,0.64
0.04404000000000001,2.64,0.64
0.04408000000000001,2.56,0.64
0.044120000000000006,2.64,0.56
0.044160000000000005,2.64,0.48
0.0442,2.64,0.48
0.04424,2.64,0.4
0.04428,2.72,0.4
0.04432,2.64,0.4
0.04436000000000001,2.64,0.32
0.04440000000000001,2.72,0.24
0.04444000000000001,2.64,0.24
0.044480000000000006,2.72,0.16
0.044520000000000004,2.72,0.16
0.04456,2.72,0.08
0.0446,2.64,0.08
0.04464,2.64,0.08
0.04468000000000001,2.72,0.0
0.04472000000000001,2.72,0.0
0.04476000000000001,2.72,-0.08
0.044800000000000006,2.64,-0.16
0.044840000000000005,2.72,-0.16
0.04488,2.64,-0.16
0.04492,2.72,-0.24
0.04496,2.72,-0.32
0.045,2.72,-0.32
0.04504000000000001,2.72,-0.32
0.04508000000000001,2.64,-0.4
0.04512000000000001,2.64,-0.4
0.045160000000000006,2.64,-0.48
0.045200000000000004,2.64,-0.48
0.04524,2.64,-0.56
0.04528,2.64,-0.64
0.04532,2.64,-0.64
0.04536000000000001,2.64,-0.64
0.04540000000000001,2.64,-0.72
0.04544000000000001,2.64,-0.72
0.04548000000000001,2.64,-0.8
0.045520000000000005,2.64,-0.8
0.04556,2.56,-0.8
0.0456,2.56,-0.88
0.04564,2.56,-0.96
0.04568,2.56,-0.96
0.04572000000000001,2.56,-1.04
0.04576000000000001,2.56,-1.04
0.04580000000000001,2.56,-1.12
0.045840000000000006,2.48,-1.12
0.045880000000000004,2.48,-1.2
0.04592,2.48,-1.2
0.04596,2.48,-1.2
0.046,2.48,-1.28
0.04604000000000001,2.48,-1.28
0.04608000000000001,2.4,-1.36
0.04612000000000001,2.4,-1.36
0.04616000000000001,2.4,-1.36
0.046200000000000005,2.4,-1.44
0.04624,2.4,-1.44
0.04628,2.32,-1.44
0.04632,2.32,-1.52
0.04636,2.32,-1.52
0.04640000000000001,2.32,-1.6
0.04644000000000001,2.24,-1.68
0.04648000000000001,2.24,-1.68
0.046520000000000006,2.24,-1.76
0.046560000000000004,2.24,-1.76
0.0466,2.24,-1.76
0.04664,2.24,-1.84
0.04668,2.16,-1.84
0.04672000000000001,2.16,-1.84
0.04676000000000001,2.16,-1.92
0.04680000000000001,2.16,-1.92
0.04684000000000001,2.16,-2.0
0.046880000000000005,2.08,-2.0
0.04692,2.08,-2.0
0.04696,2.08,-2.08
0.047,2.08,-2.08
0.04704,2.0,-2.08
0.04708000000000001,2.0,-2.16
0.04712000000000001,2.0,-2.16
0.04716000000000001,1.92,-2.24
0.047200000000000006,1.92,-2.24
0.047240000000000004,1.92,-2.16
0.04728,1.92,-2.24
0.04732,1.84,-2.32
0.04736,1.76,-2.32
0.04740000000000001,1.84,-2.32
0.04744000000000001,1.76,-2.4
0.04748000000000001,1.76,-2.4
0.04752000000000001,1.68,-2.4
0.047560000000000005,1.68,-2.48
0.0476,1.68,-2.48
0.04764,1.6,-2.48
0.04768,1.6,-2.48
0.04772,1.6,-2.56
0.04776000000000001,1.6,-2.56
0.04780000000000001,1.52,-2.56
0.04784000000000001,1.52,-2.64
0.047880000000000006,1.44,-2.64
0.047920000000000004,1.52,-2.72
0.04796,1.44,-2.64
0.048,1.36,-2.72
0.04804,1.36,-2.72
0.04808000000000001,1.28,-2.8000000000000003
0.04812000000000001,1.36,-2.8000000000000003
0.04816000000000001,1.28,-2.8000000000000003
0.04820000000000001,1.28,-2.8000000000000003
0.048240000000000005,1.2,-2.8000000000000003
0.04828,1.2,-2.8000000000000003
0.04832,1.12,-2.8000000000000003
0.04836,1.12,-2.8000000000000003
0.0484,1.12,-2.88
0.04844000000000001,1.04,-2.8000000000000003
0.04848000000000001,1.04,-2.88
0.04852000000000001,0.96,-2.88
0.048560000000000006,0.96,-2.88
0.048600000000000004,0.88,-2.96
0.04864,0.88,-2.96
0.04868,0.88,-2.96
0.04872,0.8,-2.96
0.04876000000000001,0.8,-2.96
0.04880000000000001,0.8,-3.04
0.04884000000000001,0.72,-2.96
0.04888000000000001,0.72,-3.12
0.048920000000000005,0.72,-3.04
0.048960000000000004,0.64,-3.04
0.049,0.64,-3.04
0.04904,0.56,-3.04
0.04908,0.48,-3.04
0.04912000000000001,0.56,-3.04
0.04916000000000001,0.48,-3.04
0.04920000000000001,0.4,-3.04
0.049240000000000006,0.4,-3.04
0.049280000000000004,0.4,-3.12
0.04932,0.32,-3.12
0.04936,0.32,-3.12
0.0494,0.24,-3.12
0.04944000000000001,0.24,-3.12
0.04948000000000001,0.16,-3.12
0.04952000000000001,0.16,-3.12
0.04956000000000001,0.16,-3.12
0.049600000000000005,0.08,-3.12
0.049640000000000004,0.08,-3.12
0.04968,0.08,-3.12
0.04972,0.0,-3.12
0.04976,0.0,-3.12
0.04980000000000001,-0.08,-3.12
0.04984000000000001,-0.08,-3.12
0.04988000000000001,-0.08,-3.12
0.049920000000000006,-0.16,-3.12
0.049960000000000004,-0.16,-3.12
